g Barrel
v 0.04125992 0.3471166 -0.1110912
v -0.0340236 0.3471088 0.1506097
v -0.07650708 0.3471078 0.129844
v -0.005763159 0.347115 -0.1160743
v 0.013 0.3471098 0.1555929
v -0.0340236 0.3471088 0.1506097
v 0.04125992 0.3471166 -0.1110912
v 0.0837434 0.3471172 -0.09032498
v 0.1259445 0.347115 0.07955226
v 0.09811672 0.347113 0.1177837
v 0.135759 0.3471172 -0.01306598
v 0.1390168 0.3471161 0.03410789
v 0.05889156 0.3471113 0.1441929
v 0.013 0.3471098 0.1555929
v 0.0837434 0.3471172 -0.09032498
v 0.1165627 0.3471177 -0.05628162
v -0.05165523 0.3471135 -0.1046739
v -0.005763159 0.347115 -0.1160743
v -0.07650708 0.3471078 0.129844
v -0.1093263 0.3471078 0.09580017
v -0.09088039 0.3471119 -0.07826514
v -0.05165523 0.3471135 -0.1046739
v -0.1093263 0.3471078 0.09580017
v -0.1285227 0.3471078 0.05258506
v -0.1187077 0.3471104 -0.04003318
v -0.09088039 0.3471119 -0.07826514
v -0.1285227 0.3471078 0.05258506
v -0.1317805 0.3471088 0.005410657
v 0.09811672 0.347113 0.1177837
v 0.05889156 0.3471113 0.1441929
v 0.1165627 0.3471177 -0.05628162
v 0.135759 0.3471172 -0.01306598
v -0.07710143 -0.001111781 0.1303785
v -0.03461848 -0.001112825 0.1511442
v 0.04066556 -0.001120582 -0.1105562
v -0.00635804 -0.001119021 -0.1155393
v 0.04066556 -0.001120582 -0.1105562
v -0.03461848 -0.001112825 0.1511442
v 0.01240564 -0.001113865 0.1561279
v 0.08314903 -0.001121105 -0.08979048
v 0.1351641 -0.001121118 -0.01253148
v 0.09752236 -0.001117499 0.1183187
v 0.1253496 -0.001119053 0.08008675
v 0.1384224 -0.001120086 0.03464292
v 0.08314903 -0.001121105 -0.08979048
v 0.01240564 -0.001113865 0.1561279
v 0.0582972 -0.001115423 0.1447274
v 0.1159678 -0.001121631 -0.0557466
v -0.07710143 -0.001111781 0.1303785
v -0.00635804 -0.001119021 -0.1155393
v -0.05225012 -0.001117463 -0.1041394
v -0.1099207 -0.001111776 0.09633519
v -0.1099207 -0.001111776 0.09633519
v -0.05225012 -0.001117463 -0.1041394
v -0.09147475 -0.001115907 -0.07773011
v -0.129117 -0.001112289 0.05312008
v -0.129117 -0.001112289 0.05312008
v -0.09147475 -0.001115907 -0.07773011
v -0.1193026 -0.001114354 -0.03949868
v -0.1323748 -0.001112801 0.005945679
v 0.1159678 -0.001121631 -0.0557466
v 0.0582972 -0.001115423 0.1447274
v 0.09752236 -0.001117499 0.1183187
v 0.1351641 -0.001121118 -0.01253148
v 0.1223477 0.3164236 0.1202734
v 0.1211683 0.316043 0.1186313
v 0.1200716 0.3127561 0.1205854
v 0.1213436 0.3134133 0.1220638
v 0.1175507 0.3119599 0.1235578
v 0.1228292 0.3170466 0.1228568
v 0.1190337 0.3126838 0.124786
v 0.1221672 0.3150633 0.1240362
v 0.1215297 0.317798 0.1258343
v 0.1206452 0.3145828 0.1258296
v 0.1191975 0.3219314 0.1225245
v 0.117729 0.3220557 0.1210893
v 0.120198 0.3198946 0.1188398
v 0.1214585 0.3199518 0.1204643
v 0.1211683 0.316043 0.1186313
v 0.1207528 0.3206761 0.1243393
v 0.1223477 0.3164236 0.1202734
v 0.1222432 0.3193715 0.1229821
v 0.1215297 0.317798 0.1258343
v 0.1228292 0.3170466 0.1228568
v 0.1158836 0.3181916 0.1270371
v 0.1141109 0.3179732 0.1260148
v 0.1152076 0.3212596 0.1240611
v 0.1168882 0.3212024 0.1252467
v 0.117729 0.3220557 0.1210893
v 0.1185699 0.3182119 0.1273127
v 0.1191975 0.3219314 0.1225245
v 0.1192313 0.3201956 0.1261333
v 0.1215297 0.317798 0.1258343
v 0.1207528 0.3206761 0.1243393
v 0.1190337 0.3126838 0.124786
v 0.1175507 0.3119599 0.1235578
v 0.1150817 0.314121 0.1258068
v 0.1167722 0.3146634 0.1268462
v 0.1141109 0.3179732 0.1260148
v 0.1206452 0.3145828 0.1258296
v 0.1158836 0.3181916 0.1270371
v 0.1191549 0.315887 0.1271868
v 0.1215297 0.317798 0.1258343
v 0.1185699 0.3182119 0.1273127
v 0.1519949 0.3164236 0.06607385
v 0.1502696 0.316043 0.06501981
v 0.1500195 0.3127561 0.06724697
v 0.1517667 0.3134128 0.06811329
v 0.1488542 0.3119599 0.07096601
v 0.1534437 0.3170466 0.06826617
v 0.1506986 0.3126838 0.07152033
v 0.1532929 0.3150633 0.06960933
v 0.1534057 0.317798 0.07151461
v 0.1525893 0.3145828 0.07185417
v 0.149969 0.3219315 0.06937325
v 0.1480575 0.3220557 0.06862185
v 0.1494563 0.3198946 0.06558973
v 0.1512503 0.3199518 0.06659541
v 0.1502696 0.316043 0.06501981
v 0.1521088 0.3206762 0.07043976
v 0.1519949 0.3164236 0.06607385
v 0.1529528 0.3193715 0.06860937
v 0.1534057 0.317798 0.07151461
v 0.1534437 0.3170466 0.06826617
v 0.1486732 0.3181916 0.07481973
v 0.1466426 0.3179732 0.07456857
v 0.1468922 0.3212596 0.07234141
v 0.1489015 0.3212024 0.07278029
v 0.1480575 0.3220557 0.06862185
v 0.151255 0.3182119 0.07402829
v 0.149969 0.3219315 0.06937325
v 0.1514053 0.3201957 0.07268461
v 0.1534057 0.317798 0.07151461
v 0.1521088 0.3206762 0.07043976
v 0.1506986 0.3126838 0.07152033
v 0.1488542 0.3119599 0.07096601
v 0.1474559 0.314121 0.07399865
v 0.1494178 0.3146634 0.07429817
v 0.1466426 0.3179732 0.07456857
v 0.1525893 0.3145828 0.07185417
v 0.1486732 0.3181916 0.07481973
v 0.1517453 0.315887 0.07368457
v 0.1534057 0.317798 0.07151461
v 0.151255 0.3182119 0.07402829
v 0.1575413 0.3164236 -0.001035268
v 0.155532 0.316043 -0.001260428
v 0.1562475 0.3127561 0.0008632509
v 0.1581965 0.3134134 0.000910051
v 0.1567628 0.3119599 0.004726331
v 0.1597809 0.3170466 0.0003390917
v 0.1586686 0.3126838 0.004449171
v 0.1602125 0.3150633 0.001621411
v 0.1611194 0.317798 0.003299971
v 0.1605235 0.3145828 0.003952571
v 0.1570998 0.3219315 0.002811692
v 0.1550505 0.3220557 0.002938572
v 0.1550364 0.3198946 -0.0004008679
v 0.1570873 0.3199518 -0.0002469478
v 0.155532 0.316043 -0.001260428
v 0.1594897 0.3206762 0.002874092
v 0.1575413 0.3164236 -0.001035268
v 0.1594814 0.3193715 0.0008585719
v 0.1611194 0.317798 0.003299971
v 0.1597809 0.3170466 0.0003390917
v 0.1582272 0.3181916 0.008295611
v 0.1562808 0.3179732 0.008925332
v 0.1555658 0.3212596 0.006802172
v 0.157572 0.3212024 0.006350292
v 0.1550505 0.3220557 0.002938572
v 0.1602328 0.3182119 0.006487572
v 0.1570998 0.3219315 0.002811692
v 0.1598007 0.3201957 0.005205772
v 0.1611194 0.317798 0.003299971
v 0.1594897 0.3206762 0.002874092
v 0.1586686 0.3126838 0.004449171
v 0.1567628 0.3119599 0.004726331
v 0.1567769 0.3141211 0.00806577
v 0.1586811 0.3146634 0.00750781
v 0.1562808 0.3179732 0.008925332
v 0.1605235 0.3145828 0.003952571
v 0.1582272 0.3181916 0.008295611
v 0.1605318 0.315887 0.00596861
v 0.1611194 0.317798 0.003299971
v 0.1602328 0.3182119 0.006487572
v 0.1342068 0.3164236 -0.06419966
v 0.1322906 0.316043 -0.06355539
v 0.1338366 0.3127561 -0.06193299
v 0.1356228 0.3134134 -0.06271403
v 0.1359363 0.31196 -0.05865023
v 0.1368177 0.3170466 -0.06390119
v 0.1375462 0.3126838 -0.05970635
v 0.1377506 0.3150633 -0.0629215
v 0.139282 0.317798 -0.06178323
v 0.1390178 0.3145828 -0.06093978
v 0.1354324 0.3219315 -0.0605269
v 0.1336285 0.3220557 -0.05954618
v 0.1322048 0.3198946 -0.06256634
v 0.1341283 0.3199519 -0.06329434
v 0.1322906 0.316043 -0.06355539
v 0.1376247 0.3206762 -0.06148058
v 0.1342068 0.3164236 -0.06419966
v 0.1367657 0.3193715 -0.06330371
v 0.139282 0.317798 -0.06178323
v 0.1368177 0.3170466 -0.06390119
v 0.1387719 0.3181916 -0.05603358
v 0.1372743 0.3179732 -0.05463946
v 0.1357283 0.3212596 -0.05626239
v 0.1373564 0.3212024 -0.05751974
v 0.1336285 0.3220557 -0.05954618
v 0.1398249 0.3182119 -0.05851971
v 0.1354324 0.3219315 -0.0605269
v 0.1388925 0.3201957 -0.05949886
v 0.139282 0.317798 -0.06178323
v 0.1376247 0.3206762 -0.06148058
v 0.1375462 0.3126838 -0.05970635
v 0.1359363 0.31196 -0.05865023
v 0.1373601 0.3141211 -0.0556285
v 0.1388509 0.3146634 -0.05693942
v 0.1372743 0.3179732 -0.05463946
v 0.1390178 0.3145828 -0.06093978
v 0.1387719 0.3181916 -0.05603358
v 0.1398774 0.315887 -0.05911666
v 0.139282 0.317798 -0.06178323
v 0.1398249 0.3182119 -0.05851971
v 0.08964539 0.3164236 -0.1094594
v 0.08814624 0.316043 -0.1081022
v 0.09021167 0.3127561 -0.1072328
v 0.09153716 0.3134134 -0.1086628
v 0.09344868 0.31196 -0.1050628
v 0.09215752 0.3170466 -0.1102285
v 0.0945022 0.3126838 -0.1066748
v 0.09340395 0.3150633 -0.1097033
v 0.09526295 0.317798 -0.1092727
v 0.09535864 0.3145828 -0.1083934
v 0.09223656 0.3219315 -0.1065823
v 0.09097556 0.3220557 -0.1049614
v 0.08846291 0.3198946 -0.1071616
v 0.08993555 0.3199519 -0.1085973
v 0.08814624 0.316043 -0.1081022
v 0.0938652 0.3206762 -0.1083331
v 0.08964539 0.3164236 -0.1094594
v 0.09234887 0.3193715 -0.1096607
v 0.09526295 0.317798 -0.1092727
v 0.09215752 0.3170466 -0.1102285
v 0.09709336 0.3181916 -0.1037982
v 0.09627799 0.3179733 -0.1019215
v 0.09421255 0.3212596 -0.1027915
v 0.09520211 0.3212024 -0.1045943
v 0.09097556 0.3220557 -0.1049614
v 0.0970658 0.3182119 -0.1064975
v 0.09223656 0.3219315 -0.1065823
v 0.09581884 0.3201957 -0.1070227
v 0.09526295 0.317798 -0.1092727
v 0.0938652 0.3206762 -0.1083331
v 0.0945022 0.3126838 -0.1066748
v 0.09344868 0.31196 -0.1050628
v 0.09596184 0.3141211 -0.1028627
v 0.09680424 0.3146634 -0.1046598
v 0.09627799 0.3179733 -0.1019215
v 0.09535864 0.3145828 -0.1083934
v 0.09709336 0.3181916 -0.1037982
v 0.09687496 0.315887 -0.1070653
v 0.09526295 0.317798 -0.1092727
v 0.0970658 0.3182119 -0.1064975
v 0.03269032 0.3164236 -0.1327674
v 0.03183492 0.316043 -0.1309354
v 0.0340756 0.3127561 -0.1309349
v 0.03474328 0.3134134 -0.1327669
v 0.03790124 0.31196 -0.1301897
v 0.03470792 0.3170466 -0.1344512
v 0.03824704 0.3126838 -0.1320846
v 0.03606044 0.3150633 -0.1344501
v 0.03794076 0.317798 -0.1347735
v 0.03836924 0.3145828 -0.1340003
v 0.03619512 0.3219315 -0.1311205
v 0.03566056 0.3220558 -0.1291378
v 0.03249116 0.3198946 -0.1301908
v 0.03329144 0.3199519 -0.1320857
v 0.03183492 0.316043 -0.1309354
v 0.03701672 0.3206762 -0.1333654
v 0.03269032 0.3164236 -0.1327674
v 0.03510416 0.3193715 -0.1340013
v 0.03794076 0.317798 -0.1347735
v 0.03470792 0.3170466 -0.1344512
v 0.04175184 0.3181916 -0.1304373
v 0.04172688 0.3179733 -0.1283916
v 0.0394862 0.3212596 -0.1283926
v 0.03969888 0.3212025 -0.1304378
v 0.03566056 0.3220558 -0.1291378
v 0.04067856 0.3182119 -0.1329151
v 0.03619512 0.3219315 -0.1311205
v 0.03932552 0.3201957 -0.1329156
v 0.03794076 0.317798 -0.1347735
v 0.03701672 0.3206762 -0.1333654
v 0.03824704 0.3126838 -0.1320846
v 0.03790124 0.31196 -0.1301897
v 0.04107012 0.3141211 -0.1291362
v 0.0411502 0.3146634 -0.1311195
v 0.04172688 0.3179733 -0.1283916
v 0.03836924 0.3145828 -0.1340003
v 0.04175184 0.3181916 -0.1304373
v 0.04028179 0.315887 -0.1333643
v 0.03794076 0.317798 -0.1347735
v 0.04067856 0.3182119 -0.1329151
v -0.03461848 0.3164236 -0.1308257
v -0.03462004 0.316043 -0.1288034
v -0.03258892 0.3127561 -0.1297503
v -0.03275792 0.3134128 -0.1316925
v -0.02880696 0.31196 -0.1306915
v -0.03350152 0.3170466 -0.1332037
v -0.02929368 0.3126838 -0.1325547
v -0.03227536 0.3150633 -0.1337751
v -0.03070808 0.317798 -0.1348625
v -0.02999308 0.3145828 -0.134343
v -0.03074708 0.3219315 -0.1308137
v -0.03039296 0.3220558 -0.1287915
v -0.03371056 0.3198946 -0.1284062
v -0.03378544 0.3199519 -0.1304622
v -0.03462004 0.316043 -0.1288034
v -0.0309504 0.3206762 -0.1331959
v -0.03461848 0.3164236 -0.1308257
v -0.0329524 0.3193715 -0.1329639
v -0.03070808 0.317798 -0.1348625
v -0.03350152 0.3170466 -0.1332037
v -0.02542228 0.3181916 -0.1325433
v -0.02457936 0.3179733 -0.1306791
v -0.02661048 0.3212596 -0.1297327
v -0.02728284 0.3212025 -0.1316764
v -0.03039296 0.3220558 -0.1287915
v -0.02744196 0.3182119 -0.1343357
v -0.03074708 0.3219315 -0.1308137
v -0.0286676 0.3201957 -0.1337642
v -0.03070808 0.317798 -0.1348625
v -0.0309504 0.3206762 -0.1331959
v -0.02929368 0.3126838 -0.1325547
v -0.02880696 0.31196 -0.1306915
v -0.02548884 0.3141211 -0.1310764
v -0.02625532 0.3146634 -0.1329078
v -0.02457936 0.3179733 -0.1306791
v -0.02999308 0.3145828 -0.134343
v -0.02542228 0.3181916 -0.1325433
v -0.02799056 0.315887 -0.1345749
v -0.03070808 0.317798 -0.1348625
v -0.02744196 0.3182119 -0.1343357
v -0.09033024 0.3164236 -0.1041263
v -0.08954399 0.316043 -0.1022637
v -0.08804172 0.3127561 -0.1039261
v -0.0889538 0.3134134 -0.1056489
v -0.08492432 0.31196 -0.1062651
v -0.09022675 0.3170466 -0.1067513
v -0.08609848 0.3126838 -0.1077918
v -0.08931988 0.3150633 -0.1077549
v -0.08829963 0.317798 -0.1093674
v -0.08743852 0.3145828 -0.1091667
v -0.0867594 0.3219315 -0.1056223
v -0.08564556 0.3220557 -0.103897
v -0.08855183 0.3198946 -0.1022512
v -0.08942127 0.3199519 -0.1041154
v -0.08954399 0.316043 -0.1022637
v -0.08787324 0.3206762 -0.1077377
v -0.09033024 0.3164236 -0.1041263
v -0.08962771 0.3193715 -0.1067445
v -0.08829963 0.317798 -0.1093674
v -0.09022675 0.3170466 -0.1067513
v -0.08252711 0.3181916 -0.1092878
v -0.08102536 0.3179733 -0.1078984
v -0.08252867 0.3212596 -0.1062365
v -0.08390408 0.3212024 -0.1077658
v -0.08564556 0.3220557 -0.103897
v -0.08508551 0.3182119 -0.1101531
v -0.0867594 0.3219315 -0.1056223
v -0.0859924 0.3201957 -0.10915
v -0.08829963 0.317798 -0.1093674
v -0.08787324 0.3206762 -0.1077377
v -0.08609848 0.3126838 -0.1077918
v -0.08492432 0.31196 -0.1062651
v -0.08201855 0.3141211 -0.1079109
v -0.08343659 0.3146634 -0.1092993
v -0.08102536 0.3179733 -0.1078984
v -0.08743852 0.3145828 -0.1091667
v -0.08252711 0.3181916 -0.1092878
v -0.08568455 0.315887 -0.1101604
v -0.08829963 0.317798 -0.1093674
v -0.08508551 0.3182119 -0.1101531
v -0.1340092 0.3164236 -0.05287719
v -0.1325095 0.316043 -0.05152102
v -0.1318502 0.3127561 -0.0536629
v -0.1334055 0.3134128 -0.05483914
v -0.1300135 0.3119599 -0.0571001
v -0.1350253 0.3170466 -0.0553009
v -0.1317227 0.3126838 -0.05798774
v -0.1346275 0.3150633 -0.0565931
v -0.1343836 0.317798 -0.05848591
v -0.1335188 0.3145828 -0.05866791
v -0.131405 0.3219315 -0.0557429
v -0.1296667 0.3220557 -0.05464986
v -0.1316047 0.3198946 -0.05192975
v -0.1331803 0.3199518 -0.05325158
v -0.1325095 0.316043 -0.05152102
v -0.1333088 0.3206762 -0.0571885
v -0.1340092 0.3164236 -0.05287719
v -0.1344793 0.3193715 -0.05554686
v -0.1343836 0.317798 -0.05848591
v -0.1350253 0.3170466 -0.0553009
v -0.1291186 0.3181916 -0.06085346
v -0.1271712 0.3179733 -0.06022895
v -0.12783 0.3212596 -0.05808706
v -0.1297228 0.3212024 -0.05889202
v -0.1296667 0.3220557 -0.05464986
v -0.1318023 0.3182119 -0.06055602
v -0.131405 0.3219315 -0.0557429
v -0.1322006 0.3201957 -0.0592633
v -0.1343836 0.317798 -0.05848591
v -0.1333088 0.3206762 -0.0571885
v -0.1317227 0.3126838 -0.05798774
v -0.1300135 0.3119599 -0.0571001
v -0.1280755 0.3141211 -0.05981971
v -0.1299475 0.3146634 -0.06047906
v -0.1271712 0.3179733 -0.06022895
v -0.1335188 0.3145828 -0.05866791
v -0.1291186 0.3181916 -0.06085346
v -0.1323483 0.315887 -0.06030954
v -0.1343836 0.317798 -0.05848591
v -0.1318023 0.3182119 -0.06055602
v -0.1516024 0.3164236 0.00706321
v -0.1496898 0.316043 0.007719451
v -0.1499264 0.3127561 0.00549125
v -0.1518187 0.3134128 0.00502169
v -0.1495899 0.3119599 0.001608931
v -0.1534894 0.3170466 0.005234372
v -0.1515108 0.3126838 0.001465411
v -0.1536319 0.3150633 0.003890171
v -0.1541524 0.317798 0.002054572
v -0.1534291 0.3145828 0.001546531
v -0.1503351 0.3219315 0.003404492
v -0.1483066 0.3220557 0.003725332
v -0.1490185 0.3198946 0.006988332
v -0.1509877 0.3199518 0.006392932
v -0.1496898 0.316043 0.007719451
v -0.1526543 0.3206762 0.002824172
v -0.1516024 0.3164236 0.00706321
v -0.1530844 0.3193715 0.004793412
v -0.1541524 0.317798 0.002054572
v -0.1534894 0.3170466 0.005234372
v -0.1502441 0.3181916 -0.002193828
v -0.1482068 0.3179732 -0.002385708
v -0.1479707 0.3212596 -0.0001575077
v -0.1500273 0.3212024 -0.0001528277
v -0.1483066 0.3220557 0.003725332
v -0.152594 0.3182119 -0.0008647081
v -0.1503351 0.3219315 0.003404492
v -0.1524515 0.3201957 0.0004805321
v -0.1541524 0.317798 0.002054572
v -0.1526543 0.3206762 0.002824172
v -0.1515108 0.3126838 0.001465411
v -0.1495899 0.3119599 0.001608931
v -0.1488781 0.3141211 -0.001654069
v -0.1508587 0.3146634 -0.001523549
v -0.1482068 0.3179732 -0.002385708
v -0.1534291 0.3145828 0.001546531
v -0.1502441 0.3181916 -0.002193828
v -0.1529991 0.315887 -0.0004232285
v -0.1541524 0.317798 0.002054572
v -0.152594 0.3182119 -0.0008647081
v -0.1441955 0.3164236 0.06909089
v -0.1421789 0.316043 0.06894269
v -0.143273 0.3127561 0.06698749
v -0.145198 0.3134128 0.06729949
v -0.1444919 0.3119599 0.0632856
v -0.1466493 0.3170466 0.06815282
v -0.146314 0.3126838 0.06390857
v -0.1473098 0.3150633 0.0669724
v -0.1485109 0.317798 0.06548989
v -0.1480456 0.3145828 0.06473797
v -0.14447 0.3219315 0.06522885
v -0.1424789 0.3220557 0.06472652
v -0.1418503 0.3198946 0.06800617
v -0.1438944 0.3199518 0.06823289
v -0.1421789 0.316043 0.06894269
v -0.1468308 0.3206762 0.06560794
v -0.1441955 0.3164236 0.06909089
v -0.1464512 0.3193715 0.06758756
v -0.1485109 0.317798 0.06548989
v -0.1466493 0.3170466 0.06815282
v -0.146589 0.3181916 0.06004601
v -0.1447914 0.3179732 0.05906893
v -0.1436973 0.3212596 0.06102413
v -0.145587 0.3212024 0.06183793
v -0.1424789 0.3220557 0.06472652
v -0.1482265 0.3182119 0.06219309
v -0.14447 0.3219315 0.06522885
v -0.1475661 0.3201957 0.06337349
v -0.1485109 0.317798 0.06548989
v -0.1468308 0.3206762 0.06560794
v -0.146314 0.3126838 0.06390857
v -0.1444919 0.3119599 0.0632856
v -0.1451205 0.314121 0.06000545
v -0.1468901 0.3146634 0.06090453
v -0.1447914 0.3179732 0.05906893
v -0.1480456 0.3145828 0.06473797
v -0.146589 0.3181916 0.06004601
v -0.1484252 0.315887 0.06275833
v -0.1485109 0.317798 0.06548989
v -0.1482265 0.3182119 0.06219309
v -0.1096233 0.3164236 0.1268754
v -0.1078579 0.316043 0.1258889
v -0.1096768 0.3127561 0.124579
v -0.1112883 0.3134128 0.1256752
v -0.112345 0.3119599 0.1217388
v -0.1122441 0.3170466 0.1270626
v -0.1137333 0.3126838 0.1230736
v -0.1133413 0.3150633 0.1262717
v -0.1150557 0.317798 0.1254355
v -0.1149517 0.3145828 0.1245577
v -0.1115041 0.3219314 0.1234912
v -0.1099124 0.3220557 0.1221943
v -0.1079561 0.3198946 0.1249009
v -0.1097127 0.3199518 0.1259706
v -0.1078579 0.316043 0.1258889
v -0.1134837 0.3206761 0.1248323
v -0.1096233 0.3164236 0.1268754
v -0.1123028 0.3193715 0.1264661
v -0.1150557 0.317798 0.1254355
v -0.1122441 0.3170466 0.1270626
v -0.1156147 0.3181916 0.1196895
v -0.114399 0.3179732 0.1180437
v -0.112581 0.3212596 0.1193536
v -0.1139491 0.3212024 0.1208896
v -0.1099124 0.3220557 0.1221943
v -0.1161919 0.3182119 0.1223274
v -0.1115041 0.3219314 0.1234912
v -0.1150942 0.3201956 0.1231184
v -0.1150557 0.317798 0.1254355
v -0.1134837 0.3206761 0.1248323
v -0.1137333 0.3126838 0.1230736
v -0.112345 0.3119599 0.1217388
v -0.1143017 0.314121 0.1190317
v -0.1155253 0.3146634 0.1205943
v -0.114399 0.3179732 0.1180437
v -0.1149517 0.3145828 0.1245577
v -0.1156147 0.3181916 0.1196895
v -0.1161326 0.315887 0.1229234
v -0.1150557 0.317798 0.1254355
v -0.1161919 0.3182119 0.1223274
v -0.05386887 0.3164236 0.1646352
v -0.05268639 0.316043 0.1629946
v -0.05488808 0.3127561 0.162576
v -0.05588544 0.3134128 0.1642514
v -0.05850675 0.3119599 0.1611298
v -0.05616519 0.3170466 0.1659118
v -0.05919991 0.3126838 0.1629265
v -0.0574938 0.3150633 0.165659
v -0.05940115 0.317798 0.1656258
v -0.05967883 0.3145828 0.164786
v -0.05700396 0.3219314 0.1623628
v -0.05610956 0.3220557 0.1605147
v -0.05319236 0.3198946 0.1621412
v -0.05433272 0.3199518 0.1638526
v -0.05268639 0.316043 0.1629946
v -0.05823064 0.3206761 0.1644147
v -0.05386887 0.3164236 0.1646352
v -0.05647044 0.3193715 0.1653964
v -0.05940115 0.317798 0.1656258
v -0.05616519 0.3170466 0.1659118
v -0.06233604 0.3181916 0.160654
v -0.06192992 0.3179732 0.1586494
v -0.05972824 0.3212596 0.159068
v -0.06031895 0.3212024 0.1610378
v -0.05610956 0.3220557 0.1605147
v -0.06174376 0.3182119 0.1632889
v -0.05700396 0.3219314 0.1623628
v -0.06041516 0.3201956 0.1635421
v -0.05940115 0.317798 0.1656258
v -0.05823064 0.3206761 0.1644147
v -0.05919991 0.3126838 0.1629265
v -0.05850675 0.3119599 0.1611298
v -0.06142395 0.314121 0.1595033
v -0.0618722 0.3146634 0.1614366
v -0.06192992 0.3179732 0.1586494
v -0.05967883 0.3145828 0.164786
v -0.06233604 0.3181916 0.160654
v -0.06143904 0.315887 0.1638042
v -0.05940115 0.317798 0.1656258
v -0.06174376 0.3182119 0.1632889
v 0.00868972 0.3164236 0.1754766
v 0.00911872 0.316043 0.1735006
v 0.00693316 0.3127561 0.1739967
v 0.00668824 0.3134128 0.1759306
v 0.00303784 0.3119599 0.1741168
v 0.0070954 0.3170466 0.177565
v 0.00311948 0.3126838 0.1760414
v 0.005776159 0.3150633 0.1778645
v 0.00401388 0.317798 0.1785961
v 0.00342472 0.3145828 0.1779368
v 0.00490776 0.3219314 0.1746467
v 0.0049894 0.3220557 0.1725948
v 0.00831324 0.3198946 0.1729198
v 0.00795236 0.3199518 0.1749447
v 0.00911872 0.316043 0.1735006
v 0.00460304 0.3206761 0.1770174
v 0.00868972 0.3164236 0.1754766
v 0.0066092 0.3193715 0.1772145
v 0.00401388 0.317798 0.1785961
v 0.0070954 0.3170466 0.177565
v -0.0006624799 0.3181916 0.1752104
v -0.00109148 0.3179732 0.1732105
v 0.00109408 0.3212596 0.1727144
v 0.00133952 0.3212024 0.174757
v 0.0049894 0.3220557 0.1725948
v 0.0009328799 0.3182119 0.1773892
v 0.00490776 0.3219314 0.1746467
v 0.00225212 0.3201956 0.1770907
v 0.00401388 0.317798 0.1785961
v 0.00460304 0.3206761 0.1770174
v 0.00311948 0.3126838 0.1760414
v 0.00303784 0.3119599 0.1741168
v -0.000286 0.314121 0.1737913
v 7.539999E-05 0.3146634 0.1757429
v -0.00109148 0.3179732 0.1732105
v 0.00342472 0.3145828 0.1779368
v -0.0006624799 0.3181916 0.1752104
v 0.00141804 0.3158869 0.1777397
v 0.00401388 0.317798 0.1785961
v 0.0009328799 0.3182119 0.1773892
v 0.07389876 0.3164236 0.1586817
v 0.07345259 0.316043 0.1567093
v 0.07168096 0.3127561 0.1580826
v 0.07227635 0.3134128 0.1599385
v 0.06820215 0.3119599 0.1598376
v 0.07333664 0.3170466 0.1612479
v 0.06908875 0.3126838 0.1615469
v 0.072267 0.3150633 0.1620763
v 0.07097948 0.317798 0.1634844
v 0.07016724 0.3145828 0.163136
v 0.07012044 0.3219314 0.1595277
v 0.06932744 0.3220557 0.1576334
v 0.07247759 0.3198946 0.1565237
v 0.07300591 0.3199518 0.1585116
v 0.07345259 0.316043 0.1567093
v 0.07084636 0.3206761 0.1618053
v 0.07389876 0.3164236 0.1586817
v 0.07274747 0.3193715 0.1611361
v 0.07097948 0.317798 0.1634844
v 0.07333664 0.3170466 0.1612479
v 0.06531096 0.3181916 0.1623924
v 0.06407648 0.3179732 0.1607612
v 0.0658476 0.3212596 0.1593884
v 0.06693336 0.3212024 0.1611356
v 0.06932744 0.3220557 0.1576334
v 0.06767748 0.3182119 0.1636934
v 0.07012044 0.3219314 0.1595277
v 0.06874608 0.3201956 0.1628651
v 0.07097948 0.317798 0.1634844
v 0.07084636 0.3206761 0.1618053
v 0.06908875 0.3126838 0.1615469
v 0.06820215 0.3119599 0.1598376
v 0.06505096 0.314121 0.1609473
v 0.06620431 0.3146634 0.162563
v 0.06407648 0.3179732 0.1607612
v 0.07016724 0.3145828 0.163136
v 0.06531096 0.3181916 0.1623924
v 0.0682656 0.315887 0.1638052
v 0.07097948 0.317798 0.1634844
v 0.06767748 0.3182119 0.1636934
v 0.1200716 0.03344482 0.1205854
v 0.1211683 0.0301579 0.1186312
v 0.1223477 0.02977726 0.1202734
v 0.1213436 0.03278754 0.1220638
v 0.1175507 0.03424042 0.1235577
v 0.1228292 0.02915378 0.1228568
v 0.1190337 0.03351657 0.124786
v 0.1221672 0.03113758 0.1240361
v 0.1215297 0.0284029 0.1258343
v 0.1206452 0.03161805 0.1258296
v 0.120198 0.02630574 0.1188397
v 0.117729 0.02414514 0.1210888
v 0.1191975 0.02426942 0.1225245
v 0.1214585 0.02624854 0.1204642
v 0.1211683 0.0301579 0.1186312
v 0.1207528 0.0255247 0.1243393
v 0.1223477 0.02977726 0.1202734
v 0.1222432 0.02682886 0.1229821
v 0.1215297 0.0284029 0.1258343
v 0.1228292 0.02915378 0.1228568
v 0.1152076 0.02494074 0.1240611
v 0.1141109 0.02822766 0.1260147
v 0.1158836 0.02800874 0.127037
v 0.1168882 0.02499846 0.1252467
v 0.117729 0.02414514 0.1210888
v 0.1185699 0.02798898 0.1273126
v 0.1191975 0.02426942 0.1225245
v 0.1192313 0.02600518 0.1261333
v 0.1215297 0.0284029 0.1258343
v 0.1207528 0.0255247 0.1243393
v 0.1150817 0.03207982 0.1258067
v 0.1175507 0.03424042 0.1235577
v 0.1190337 0.03351657 0.124786
v 0.1167722 0.03153745 0.1268462
v 0.1141109 0.02822766 0.1260147
v 0.1206452 0.03161805 0.1258296
v 0.1158836 0.02800874 0.127037
v 0.1191549 0.0303139 0.1271868
v 0.1215297 0.0284029 0.1258343
v 0.1185699 0.02798898 0.1273126
v 0.1500195 0.03344483 0.06724692
v 0.1502691 0.03015791 0.06502028
v 0.1519949 0.02977727 0.06607381
v 0.1517667 0.03278755 0.06811324
v 0.1488542 0.03424042 0.07096596
v 0.1534437 0.02915379 0.06826612
v 0.1506986 0.03351659 0.07152028
v 0.1532929 0.03113759 0.06960928
v 0.1534057 0.02840291 0.07151456
v 0.1525893 0.03161807 0.07185412
v 0.1494563 0.02630575 0.06558968
v 0.1480575 0.02414515 0.0686218
v 0.149969 0.02426943 0.0693732
v 0.1512503 0.02624855 0.06659536
v 0.1502691 0.03015791 0.06502028
v 0.1521088 0.02552471 0.07043972
v 0.1519949 0.02977727 0.06607381
v 0.1529528 0.02682886 0.06860932
v 0.1534057 0.02840291 0.07151456
v 0.1534437 0.02915379 0.06826612
v 0.1468922 0.02494075 0.07234137
v 0.1466426 0.02822767 0.07456852
v 0.1486732 0.02800875 0.07481968
v 0.1489015 0.02499847 0.07278024
v 0.1480575 0.02414515 0.0686218
v 0.151255 0.02798899 0.07402824
v 0.149969 0.02426943 0.0693732
v 0.1514053 0.02600519 0.07268456
v 0.1534057 0.02840291 0.07151456
v 0.1521088 0.02552471 0.07043972
v 0.1474559 0.03207983 0.0739986
v 0.1488542 0.03424042 0.07096596
v 0.1506986 0.03351659 0.07152028
v 0.1494178 0.03153747 0.07429812
v 0.1466426 0.02822767 0.07456852
v 0.1525893 0.03161807 0.07185412
v 0.1486732 0.02800875 0.07481968
v 0.1517453 0.03031391 0.07368504
v 0.1534057 0.02840291 0.07151456
v 0.151255 0.02798899 0.07402824
v 0.1562475 0.03344484 0.0008632054
v 0.155532 0.03015792 -0.001260475
v 0.1575413 0.02977728 -0.001035315
v 0.1581965 0.03278756 0.0009100053
v 0.1567628 0.03424044 0.004726286
v 0.1597809 0.0291538 0.0003390448
v 0.1586686 0.0335166 0.004449125
v 0.1602125 0.0311376 0.001621365
v 0.1611194 0.02840292 0.003299924
v 0.1605235 0.03161808 0.003952525
v 0.1550364 0.02630576 -0.0004009157
v 0.1550505 0.02414516 0.002938524
v 0.1570998 0.02426944 0.002811644
v 0.1570873 0.02624856 -0.0002469957
v 0.155532 0.03015792 -0.001260475
v 0.1594897 0.02552472 0.002873524
v 0.1575413 0.02977728 -0.001035315
v 0.1594814 0.02682888 0.0008585243
v 0.1611194 0.02840292 0.003299924
v 0.1597809 0.0291538 0.0003390448
v 0.1555658 0.02494076 0.006802124
v 0.1562803 0.02822768 0.008925804
v 0.1582272 0.02800876 0.008295564
v 0.157572 0.02499848 0.006350243
v 0.1550505 0.02414516 0.002938524
v 0.1602328 0.027989 0.006487524
v 0.1570998 0.02426944 0.002811644
v 0.1598007 0.0260052 0.005205723
v 0.1611194 0.02840292 0.003299924
v 0.1594897 0.02552472 0.002873524
v 0.1567764 0.03207931 0.008065725
v 0.1567628 0.03424044 0.004726286
v 0.1586686 0.0335166 0.004449125
v 0.1586811 0.03153747 0.007507765
v 0.1562803 0.02822768 0.008925804
v 0.1605235 0.03161808 0.003952525
v 0.1582272 0.02800876 0.008295564
v 0.1605318 0.03031392 0.005968564
v 0.1611194 0.02840292 0.003299924
v 0.1602328 0.027989 0.006487524
v 0.1338366 0.03344485 -0.06193303
v 0.1322906 0.03015793 -0.06355543
v 0.1342068 0.02977729 -0.06419971
v 0.1356228 0.03278757 -0.06271407
v 0.1359363 0.03424045 -0.05865027
v 0.1368172 0.02915381 -0.06390071
v 0.1375462 0.03351661 -0.0597064
v 0.1377506 0.03113761 -0.06292155
v 0.139282 0.02840293 -0.06178327
v 0.1390173 0.03161808 -0.06093983
v 0.1322048 0.02630577 -0.06256639
v 0.1336285 0.02414517 -0.05954623
v 0.1354324 0.02426945 -0.06052695
v 0.1341283 0.02624857 -0.06329439
v 0.1322906 0.03015793 -0.06355543
v 0.1376247 0.02552473 -0.06148063
v 0.1342068 0.02977729 -0.06419971
v 0.1367657 0.02682889 -0.06330375
v 0.139282 0.02840293 -0.06178327
v 0.1368172 0.02915381 -0.06390071
v 0.1357283 0.02494077 -0.05626243
v 0.1372737 0.02822769 -0.05463951
v 0.1387714 0.02800877 -0.05603363
v 0.1373564 0.02499849 -0.05751979
v 0.1336285 0.02414517 -0.05954623
v 0.1398249 0.02798901 -0.05851975
v 0.1354324 0.02426945 -0.06052695
v 0.1388925 0.02600521 -0.05949891
v 0.139282 0.02840293 -0.06178327
v 0.1376247 0.02552473 -0.06148063
v 0.1373601 0.03207985 -0.05562855
v 0.1359363 0.03424045 -0.05865027
v 0.1375462 0.03351661 -0.0597064
v 0.1388509 0.03153749 -0.05693947
v 0.1372737 0.02822769 -0.05463951
v 0.1390173 0.03161808 -0.06093983
v 0.1387714 0.02800877 -0.05603363
v 0.1398774 0.03031393 -0.05911671
v 0.139282 0.02840293 -0.06178327
v 0.1398249 0.02798901 -0.05851975
v 0.09021167 0.03344486 -0.1072328
v 0.08814624 0.03015793 -0.1081028
v 0.08964539 0.02977729 -0.1094595
v 0.09153664 0.03278758 -0.1086628
v 0.09344868 0.03424045 -0.1050629
v 0.09215752 0.02915382 -0.1102286
v 0.0945022 0.03351661 -0.1066749
v 0.09340395 0.03113761 -0.1097033
v 0.09526295 0.02840294 -0.1092728
v 0.09535811 0.03161809 -0.108393
v 0.08846291 0.02630578 -0.1071616
v 0.09097556 0.02414518 -0.1049615
v 0.09223656 0.02426946 -0.1065823
v 0.08993555 0.02624858 -0.1085973
v 0.08814624 0.03015793 -0.1081028
v 0.0938652 0.02552474 -0.1083326
v 0.08964539 0.02977729 -0.1094595
v 0.09234887 0.02682889 -0.1096607
v 0.09526295 0.02840294 -0.1092728
v 0.09215752 0.02915382 -0.1102286
v 0.09421255 0.02494077 -0.1027915
v 0.09627799 0.0282277 -0.1019216
v 0.09709336 0.02800878 -0.1037982
v 0.09520211 0.0249985 -0.1045943
v 0.09097556 0.02414518 -0.1049615
v 0.0970658 0.02798901 -0.1064976
v 0.09223656 0.02426946 -0.1065823
v 0.09581884 0.02600522 -0.1070228
v 0.09526295 0.02840294 -0.1092728
v 0.0938652 0.02552474 -0.1083326
v 0.09596184 0.03207986 -0.1028627
v 0.09344868 0.03424045 -0.1050629
v 0.0945022 0.03351661 -0.1066749
v 0.09680424 0.0315375 -0.1046599
v 0.09627799 0.0282277 -0.1019216
v 0.09535811 0.03161809 -0.108393
v 0.09709336 0.02800878 -0.1037982
v 0.09687496 0.03031394 -0.1070654
v 0.09526295 0.02840294 -0.1092728
v 0.0970658 0.02798901 -0.1064976
v 0.0340756 0.03344486 -0.1309349
v 0.03183492 0.03015794 -0.1309355
v 0.03269032 0.0297773 -0.1327674
v 0.03474328 0.03278758 -0.1327669
v 0.03790124 0.03424046 -0.1301898
v 0.03470792 0.02915382 -0.1344512
v 0.03824704 0.03351662 -0.1320847
v 0.03606044 0.03113762 -0.1344502
v 0.03794076 0.02840294 -0.1347736
v 0.03836924 0.0316181 -0.1340009
v 0.03249116 0.02630578 -0.1301908
v 0.03566056 0.02414518 -0.1291378
v 0.0361946 0.02426946 -0.1311206
v 0.03329144 0.02624858 -0.1320857
v 0.03183492 0.03015794 -0.1309355
v 0.03701672 0.02552474 -0.1333654
v 0.03269032 0.0297773 -0.1327674
v 0.03510416 0.0268289 -0.1340014
v 0.03794076 0.02840294 -0.1347736
v 0.03470792 0.02915382 -0.1344512
v 0.0394862 0.02494078 -0.1283927
v 0.04172688 0.0282277 -0.1283916
v 0.04175184 0.02800878 -0.1304373
v 0.03969888 0.0249985 -0.1304378
v 0.03566056 0.02414518 -0.1291378
v 0.04067856 0.02798902 -0.1329151
v 0.0361946 0.02426946 -0.1311206
v 0.03932552 0.02600522 -0.1329156
v 0.03794076 0.02840294 -0.1347736
v 0.03701672 0.02552474 -0.1333654
v 0.04107012 0.03207986 -0.1291363
v 0.03790124 0.03424046 -0.1301898
v 0.03824704 0.03351662 -0.1320847
v 0.0411502 0.0315375 -0.1311195
v 0.04172688 0.0282277 -0.1283916
v 0.03836924 0.0316181 -0.1340009
v 0.04175184 0.02800878 -0.1304373
v 0.04028179 0.03031394 -0.1333644
v 0.03794076 0.02840294 -0.1347736
v 0.04067856 0.02798902 -0.1329151
v -0.03258892 0.03344486 -0.1297504
v -0.03462004 0.03015794 -0.1288035
v -0.03461848 0.0297773 -0.1308257
v -0.03275792 0.03278758 -0.1316926
v -0.02880696 0.03424046 -0.1306916
v -0.03350152 0.02915382 -0.1332037
v -0.02929368 0.03351662 -0.1325548
v -0.03227588 0.03113762 -0.1337752
v -0.03070808 0.02840294 -0.1348625
v -0.02999308 0.0316181 -0.1343435
v -0.03371056 0.02630578 -0.1284062
v -0.03039296 0.02414466 -0.1287915
v -0.03074708 0.02426946 -0.1308138
v -0.03378544 0.02624858 -0.1304623
v -0.03462004 0.03015794 -0.1288035
v -0.0309504 0.02552474 -0.1331959
v -0.03461848 0.0297773 -0.1308257
v -0.0329524 0.0268289 -0.132964
v -0.03070808 0.02840294 -0.1348625
v -0.03350152 0.02915382 -0.1332037
v -0.02661048 0.02494078 -0.1297327
v -0.02457936 0.0282277 -0.1306791
v -0.02542228 0.02800878 -0.1325433
v -0.02728284 0.0249985 -0.1316765
v -0.03039296 0.02414466 -0.1287915
v -0.02744196 0.02798902 -0.1343358
v -0.03074708 0.02426946 -0.1308138
v -0.0286676 0.02600522 -0.1337643
v -0.03070808 0.02840294 -0.1348625
v -0.0309504 0.02552474 -0.1331959
v -0.02548884 0.03207986 -0.1310764
v -0.02880696 0.03424046 -0.1306916
v -0.02929368 0.03351662 -0.1325548
v -0.02625532 0.0315375 -0.1329078
v -0.02457936 0.0282277 -0.1306791
v -0.02999308 0.0316181 -0.1343435
v -0.02542228 0.02800878 -0.1325433
v -0.02799056 0.03031394 -0.1345749
v -0.03070808 0.02840294 -0.1348625
v -0.02744196 0.02798902 -0.1343358
v -0.08804172 0.03344486 -0.1039261
v -0.08954451 0.03015793 -0.1022637
v -0.09033024 0.02977729 -0.1041263
v -0.0889538 0.03278758 -0.1056489
v -0.08492432 0.03424045 -0.1062651
v -0.09022675 0.02915382 -0.1067513
v -0.08609848 0.03351661 -0.1077918
v -0.08931988 0.03113761 -0.1077549
v -0.08829963 0.02840294 -0.1093674
v -0.08743852 0.03161809 -0.1091667
v -0.08855183 0.02630578 -0.1022512
v -0.08564556 0.02414465 -0.103897
v -0.0867594 0.02426946 -0.1056224
v -0.08942127 0.02624858 -0.1041154
v -0.08954451 0.03015793 -0.1022637
v -0.08787324 0.02552474 -0.1077377
v -0.09033024 0.02977729 -0.1041263
v -0.08962771 0.02682889 -0.1067446
v -0.08829963 0.02840294 -0.1093674
v -0.09022675 0.02915382 -0.1067513
v -0.08252867 0.02494077 -0.1062365
v -0.08102536 0.0282277 -0.1078984
v -0.08252711 0.02800878 -0.1092879
v -0.08390408 0.0249985 -0.1077658
v -0.08564556 0.02414465 -0.103897
v -0.08508551 0.02798902 -0.1101532
v -0.0867594 0.02426946 -0.1056224
v -0.0859924 0.02600522 -0.1091501
v -0.08829963 0.02840294 -0.1093674
v -0.08787324 0.02552474 -0.1077377
v -0.08201855 0.03207986 -0.1079109
v -0.08492432 0.03424045 -0.1062651
v -0.08609848 0.03351661 -0.1077918
v -0.08343711 0.0315375 -0.1092993
v -0.08102536 0.0282277 -0.1078984
v -0.08743852 0.03161809 -0.1091667
v -0.08252711 0.02800878 -0.1092879
v -0.08568455 0.03031394 -0.1101604
v -0.08829963 0.02840294 -0.1093674
v -0.08508551 0.02798902 -0.1101532
v -0.1318502 0.03344485 -0.05366295
v -0.1325095 0.03015793 -0.05152107
v -0.1340092 0.02977729 -0.05287723
v -0.1334055 0.03278757 -0.05483919
v -0.1300135 0.03424045 -0.05710015
v -0.1350253 0.02915381 -0.05530095
v -0.1317227 0.03351661 -0.05798779
v -0.1346275 0.03113761 -0.05659315
v -0.1343836 0.02840293 -0.05848595
v -0.1335188 0.03161808 -0.05866795
v -0.1316047 0.02630577 -0.05192979
v -0.1296667 0.02414517 -0.05464991
v -0.131405 0.02426945 -0.05574295
v -0.1331803 0.02624857 -0.05325163
v -0.1325095 0.03015793 -0.05152107
v -0.1333088 0.02552473 -0.05718855
v -0.1340092 0.02977729 -0.05287723
v -0.1344793 0.02682889 -0.05554691
v -0.1343836 0.02840293 -0.05848595
v -0.1350253 0.02915381 -0.05530095
v -0.12783 0.02494077 -0.05808711
v -0.1271712 0.02822769 -0.060229
v -0.1291191 0.02800877 -0.06085299
v -0.1297228 0.02499849 -0.05889155
v -0.1296667 0.02414517 -0.05464991
v -0.1318023 0.02798901 -0.06055607
v -0.131405 0.02426945 -0.05574295
v -0.1322006 0.02600521 -0.05926335
v -0.1343836 0.02840293 -0.05848595
v -0.1333088 0.02552473 -0.05718855
v -0.1280755 0.03207985 -0.05981975
v -0.1300135 0.03424045 -0.05710015
v -0.1317227 0.03351661 -0.05798779
v -0.1299475 0.03153749 -0.06047911
v -0.1271712 0.02822769 -0.060229
v -0.1335188 0.03161808 -0.05866795
v -0.1291191 0.02800877 -0.06085299
v -0.1323483 0.03031393 -0.06030959
v -0.1343836 0.02840293 -0.05848595
v -0.1318023 0.02798901 -0.06055607
v -0.1499264 0.03344484 0.005491205
v -0.1496898 0.03015792 0.007719405
v -0.1516024 0.02977728 0.007063164
v -0.1518192 0.03278756 0.005021645
v -0.1495899 0.03424044 0.001608885
v -0.1534894 0.0291538 0.005234325
v -0.1515108 0.0335166 0.001464845
v -0.1536319 0.0311376 0.003890125
v -0.1541524 0.02840292 0.002054525
v -0.1534291 0.03161808 0.001546485
v -0.1490185 0.02630576 0.006988284
v -0.1483066 0.02414464 0.003725284
v -0.1503351 0.02426944 0.003404443
v -0.1509877 0.02624856 0.006392884
v -0.1496898 0.03015792 0.007719405
v -0.1526543 0.02552472 0.002824124
v -0.1516024 0.02977728 0.007063164
v -0.1530844 0.02682888 0.004793364
v -0.1541524 0.02840292 0.002054525
v -0.1534894 0.0291538 0.005234325
v -0.1479707 0.02494076 -0.0001575559
v -0.1482073 0.02822768 -0.002385755
v -0.1502441 0.02800876 -0.002193875
v -0.1500273 0.02499848 -0.0001528759
v -0.1483066 0.02414464 0.003725284
v -0.152594 0.027989 -0.0008647554
v -0.1503351 0.02426944 0.003404443
v -0.1524515 0.0260052 0.0004804842
v -0.1541524 0.02840292 0.002054525
v -0.1526543 0.02552472 0.002824124
v -0.1488781 0.03207984 -0.001654115
v -0.1495899 0.03424044 0.001608885
v -0.1515108 0.0335166 0.001464845
v -0.1508587 0.03153748 -0.001523595
v -0.1482073 0.02822768 -0.002385755
v -0.1534291 0.03161808 0.001546485
v -0.1502441 0.02800876 -0.002193875
v -0.1529991 0.03031392 -0.0004232751
v -0.1541524 0.02840292 0.002054525
v -0.152594 0.027989 -0.0008647554
v -0.1432735 0.03344483 0.06698744
v -0.1421794 0.03015791 0.06894316
v -0.144196 0.02977727 0.06909084
v -0.145198 0.03278755 0.06729944
v -0.1444919 0.03424043 0.06328556
v -0.1466499 0.02915379 0.06815328
v -0.146314 0.03351659 0.06390852
v -0.1473098 0.03113759 0.06697236
v -0.1485109 0.02840291 0.06548984
v -0.1480456 0.03161807 0.06473792
v -0.1418503 0.02630575 0.06800612
v -0.1424789 0.02414515 0.06472648
v -0.14447 0.02426943 0.0652288
v -0.1438944 0.02624855 0.06823284
v -0.1421794 0.03015791 0.06894316
v -0.1468308 0.02552471 0.06560788
v -0.144196 0.02977727 0.06909084
v -0.1464517 0.02682886 0.06758752
v -0.1485109 0.02840291 0.06548984
v -0.1466499 0.02915379 0.06815328
v -0.1436973 0.02494075 0.06102408
v -0.1447914 0.02822767 0.05906888
v -0.146589 0.02800875 0.06004596
v -0.145587 0.02499847 0.06183788
v -0.1424789 0.02414515 0.06472648
v -0.1482265 0.02798899 0.06219304
v -0.14447 0.02426943 0.0652288
v -0.1475666 0.02600519 0.06337344
v -0.1485109 0.02840291 0.06548984
v -0.1468308 0.02552471 0.06560788
v -0.1451205 0.03207983 0.0600054
v -0.1444919 0.03424043 0.06328556
v -0.146314 0.03351659 0.06390852
v -0.1468901 0.03153747 0.06090448
v -0.1447914 0.02822767 0.05906888
v -0.1480456 0.03161807 0.06473792
v -0.146589 0.02800875 0.06004596
v -0.1484252 0.03031391 0.06275828
v -0.1485109 0.02840291 0.06548984
v -0.1482265 0.02798899 0.06219304
v -0.1096768 0.03344482 0.124579
v -0.1078579 0.0301579 0.1258889
v -0.1096233 0.02977726 0.1268753
v -0.1112883 0.03278754 0.1256752
v -0.112345 0.03424042 0.1217388
v -0.1122441 0.02915378 0.1270625
v -0.1137333 0.03351658 0.1230736
v -0.1133418 0.03113758 0.1262716
v -0.1150557 0.0284029 0.1254354
v -0.1149517 0.03161805 0.1245577
v -0.1079561 0.02630574 0.1249009
v -0.1099124 0.02414514 0.1221943
v -0.1115046 0.02426942 0.1234912
v -0.1097127 0.02624854 0.1259705
v -0.1078579 0.0301579 0.1258889
v -0.1134837 0.0255247 0.1248322
v -0.1096233 0.02977726 0.1268753
v -0.1123028 0.02682886 0.1264661
v -0.1150557 0.0284029 0.1254354
v -0.1122441 0.02915378 0.1270625
v -0.112581 0.02494074 0.1193535
v -0.114399 0.02822766 0.1180436
v -0.1156147 0.02800874 0.1196894
v -0.1139491 0.02499846 0.1208896
v -0.1099124 0.02414514 0.1221943
v -0.1161919 0.02798898 0.1223274
v -0.1115046 0.02426942 0.1234912
v -0.1150942 0.02600518 0.1231183
v -0.1150557 0.0284029 0.1254354
v -0.1134837 0.0255247 0.1248322
v -0.1143017 0.03207982 0.1190316
v -0.112345 0.03424042 0.1217388
v -0.1137333 0.03351658 0.1230736
v -0.1155253 0.03153746 0.1205942
v -0.114399 0.02822766 0.1180436
v -0.1149517 0.03161805 0.1245577
v -0.1156147 0.02800874 0.1196894
v -0.1161326 0.0303139 0.1229233
v -0.1150557 0.0284029 0.1254354
v -0.1161919 0.02798898 0.1223274
v -0.05488808 0.03344481 0.1625759
v -0.05268639 0.03015789 0.1629945
v -0.05386887 0.02977725 0.1646351
v -0.05588544 0.03278753 0.1642513
v -0.05850675 0.03424041 0.1611298
v -0.05616519 0.02915377 0.1659117
v -0.05920043 0.03351657 0.1629264
v -0.0574938 0.03113757 0.165659
v -0.05940115 0.02840289 0.1656257
v -0.05967883 0.03161805 0.1647859
v -0.05319236 0.02630574 0.1621412
v -0.05610956 0.02414513 0.1605146
v -0.05700396 0.02426941 0.1623627
v -0.05433272 0.02624853 0.1638525
v -0.05268639 0.03015789 0.1629945
v -0.05823064 0.02552469 0.1644146
v -0.05386887 0.02977725 0.1646351
v -0.05647044 0.02682885 0.1653964
v -0.05940115 0.02840289 0.1656257
v -0.05616519 0.02915377 0.1659117
v -0.05972824 0.02494073 0.159068
v -0.06192992 0.02822765 0.1586494
v -0.06233604 0.02800873 0.160654
v -0.06031948 0.02499845 0.1610383
v -0.05610956 0.02414513 0.1605146
v -0.06174376 0.02798897 0.1632888
v -0.05700396 0.02426941 0.1623627
v -0.06041516 0.02600517 0.1635421
v -0.05940115 0.02840289 0.1656257
v -0.05823064 0.02552469 0.1644146
v -0.06142395 0.03207981 0.1595033
v -0.05850675 0.03424041 0.1611298
v -0.05920043 0.03351657 0.1629264
v -0.0618722 0.03153745 0.1614366
v -0.06192992 0.02822765 0.1586494
v -0.05967883 0.03161805 0.1647859
v -0.06233604 0.02800873 0.160654
v -0.06143904 0.03031389 0.1638041
v -0.05940115 0.02840289 0.1656257
v -0.06174376 0.02798897 0.1632888
v 0.00693316 0.03344481 0.1739967
v 0.00911872 0.03015789 0.1735006
v 0.00868972 0.02977725 0.1754766
v 0.00668824 0.03278753 0.1759306
v 0.00303784 0.03424041 0.1741168
v 0.0070954 0.02915377 0.1775649
v 0.00311948 0.03351657 0.1760413
v 0.00577564 0.03113757 0.1778644
v 0.00401388 0.02840289 0.1785961
v 0.00342472 0.03161805 0.1779367
v 0.00831324 0.02630573 0.1729198
v 0.0049894 0.02414513 0.1725948
v 0.00490776 0.02426941 0.1746467
v 0.00795236 0.02624853 0.1749446
v 0.00911872 0.03015789 0.1735006
v 0.00460304 0.02552469 0.1770174
v 0.00868972 0.02977725 0.1754766
v 0.0066092 0.02682885 0.1772144
v 0.00401388 0.02840289 0.1785961
v 0.0070954 0.02915377 0.1775649
v 0.00109408 0.02494073 0.1727143
v -0.00109148 0.02822765 0.1732104
v -0.0006624799 0.02800873 0.1752104
v 0.00133952 0.02499845 0.1747569
v 0.0049894 0.02414513 0.1725948
v 0.0009328799 0.02798897 0.1773892
v 0.00490776 0.02426941 0.1746467
v 0.00225212 0.02600517 0.1770907
v 0.00401388 0.02840289 0.1785961
v 0.00460304 0.02552469 0.1770174
v -0.00028652 0.03207929 0.1737912
v 0.00303784 0.03424041 0.1741168
v 0.00311948 0.03351657 0.1760413
v 7.539999E-05 0.03153745 0.1757428
v -0.00109148 0.02822765 0.1732104
v 0.00342472 0.03161805 0.1779367
v -0.0006624799 0.02800873 0.1752104
v 0.00141804 0.03031389 0.1777396
v 0.00401388 0.02840289 0.1785961
v 0.0009328799 0.02798897 0.1773892
v 0.07168096 0.03344481 0.1580826
v 0.07345259 0.03015789 0.1567093
v 0.07389876 0.02977725 0.1586816
v 0.07227635 0.03278753 0.159939
v 0.06820215 0.03424041 0.1598376
v 0.07333664 0.02915377 0.1612478
v 0.06908875 0.03351657 0.1615468
v 0.072267 0.03113757 0.1620762
v 0.07097948 0.02840289 0.1634844
v 0.07016724 0.03161805 0.1631359
v 0.07247759 0.02630574 0.1565236
v 0.06932744 0.02414513 0.1576333
v 0.07012044 0.02426941 0.1595277
v 0.07300591 0.02624853 0.1585116
v 0.07345259 0.03015789 0.1567093
v 0.07084636 0.02552469 0.1618053
v 0.07389876 0.02977725 0.1586816
v 0.07274747 0.02682885 0.161136
v 0.07097948 0.02840289 0.1634844
v 0.07333664 0.02915377 0.1612478
v 0.0658476 0.02494073 0.1593883
v 0.06407648 0.02822765 0.1607611
v 0.06531096 0.02800873 0.1623923
v 0.06693336 0.02499845 0.1611355
v 0.06932744 0.02414513 0.1576333
v 0.06767695 0.02798897 0.1636934
v 0.07012044 0.02426941 0.1595277
v 0.06874608 0.02600517 0.162865
v 0.07097948 0.02840289 0.1634844
v 0.07084636 0.02552469 0.1618053
v 0.06505096 0.03207981 0.1609473
v 0.06820215 0.03424041 0.1598376
v 0.06908875 0.03351657 0.1615468
v 0.06620431 0.03153745 0.1625629
v 0.06407648 0.02822765 0.1607611
v 0.07016724 0.03161805 0.1631359
v 0.06531096 0.02800873 0.1623923
v 0.0682656 0.03031389 0.1638052
v 0.07097948 0.02840289 0.1634844
v 0.06767695 0.02798897 0.1636934
v 0.1506976 0.3283404 -0.02802171
v 0.1184768 0.3283446 -0.08382861
v 0.122252 0.3009755 -0.08730222
v 0.1555377 0.3009718 -0.02965035
v 0.1574342 0.3283374 0.03606621
v 0.1624969 0.3009682 0.03655605
v 0.1375213 0.3283347 0.09735341
v 0.1419257 0.3009661 0.09986968
v 0.09440184 0.3283342 0.1452423
v 0.09738038 0.300965 0.1493425
v 0.1184768 0.3283446 -0.08382861
v 0.06839456 0.3009791 -0.1264312
v 0.122252 0.3009755 -0.08730222
v 0.06634368 0.3283483 -0.1217049
v 0.0032786 0.3009822 -0.1402715
v 0.00331136 0.3283509 -0.1351022
v -0.06183736 0.3009838 -0.1264307
v -0.05972044 0.3283525 -0.1217044
v -0.1156943 0.3009838 -0.0873017
v -0.1118535 0.3283524 -0.08382758
v -0.1118535 0.3283524 -0.08382758
v -0.1489795 0.3009822 -0.02964983
v -0.1156943 0.3009838 -0.0873017
v -0.1440733 0.3283509 -0.02802067
v -0.1559386 0.3009791 0.03655605
v -0.1508099 0.3283483 0.03606621
v -0.1353674 0.3009754 0.09986916
v -0.130897 0.3283446 0.09735237
v -0.130897 0.3283446 0.09735237
v -0.09082319 0.3009718 0.1493414
v -0.1353674 0.3009754 0.09986916
v -0.0877786 0.3283404 0.1452412
v -0.03000764 0.3009682 0.1764189
v -0.0289094 0.3283373 0.1714524
v 0.03656432 0.3009661 0.1764194
v 0.0355316 0.3283352 0.1714529
v 0.09738038 0.300965 0.1493425
v 0.09440184 0.3283342 0.1452423
v -0.1367668 0.3530233 0.0346721
v -0.1186609 0.3530233 0.09039581
v -0.1260938 0.3289535 0.0945792
v -0.1452942 0.328954 0.03548589
v -0.1306422 0.3530233 -0.0235991
v -0.1367668 0.3530233 0.0346721
v -0.1452942 0.328954 0.03548589
v -0.1387994 0.328954 -0.02630778
v -0.1013464 0.3530233 -0.0743407
v -0.1306422 0.3530233 -0.0235991
v -0.1387994 0.328954 -0.02630778
v -0.1077325 0.328954 -0.08011737
v -0.0539448 0.3530233 -0.1087803
v -0.1013464 0.3530233 -0.0743407
v -0.1077325 0.328954 -0.08011737
v -0.0574652 0.328954 -0.1166385
v 0.00336648 0.3530233 -0.1209618
v -0.0539448 0.3530233 -0.1087803
v -0.0574652 0.328954 -0.1166385
v 0.00331136 0.3289541 -0.1295569
v 0.06067776 0.3530233 -0.1087803
v 0.00336648 0.3530233 -0.1209618
v 0.00331136 0.3289541 -0.1295569
v 0.0640874 0.328954 -0.1166385
v 0.1080799 0.3530233 -0.0743407
v 0.06067776 0.3530233 -0.1087803
v 0.0640874 0.328954 -0.1166385
v 0.1143553 0.3289535 -0.08011685
v 0.1373757 0.3530233 -0.02359858
v 0.1080799 0.3530233 -0.0743407
v 0.1143553 0.3289535 -0.08011685
v 0.1454216 0.3289535 -0.02630727
v 0.1434997 0.3530233 0.0346721
v 0.1373757 0.3530233 -0.02359858
v 0.1454216 0.3289535 -0.02630727
v 0.1519164 0.328953 0.03548589
v 0.1253943 0.3530233 0.09039581
v 0.1434997 0.3530233 0.0346721
v 0.1519164 0.328953 0.03548589
v 0.132716 0.328953 0.0945792
v 0.08618896 0.3530233 0.133938
v 0.1253943 0.3530233 0.09039581
v 0.132716 0.328953 0.0945792
v 0.09114039 0.328953 0.1407537
v 0.03266276 0.3530233 0.1577696
v 0.08618896 0.3530233 0.133938
v 0.09114039 0.328953 0.1407537
v 0.03437824 0.328953 0.1660257
v -0.02592928 0.3530233 0.1577696
v 0.03266276 0.3530233 0.1577696
v 0.03437824 0.328953 0.1660257
v -0.02775604 0.328953 0.1660257
v -0.07945547 0.3530233 0.133938
v -0.02592928 0.3530233 0.1577696
v -0.02775604 0.328953 0.1660257
v -0.08451819 0.3289535 0.1407537
v -0.1186609 0.3530233 0.09039581
v -0.07945547 0.3530233 0.133938
v -0.08451819 0.3289535 0.1407537
v -0.1260938 0.3289535 0.0945792
v 0.1555377 0.3009718 -0.02965035
v 0.122252 0.3009755 -0.08730222
v 0.11813 0.2995247 -0.08359098
v 0.1502623 0.2995247 -0.02793591
v 0.1624969 0.3009682 0.03655605
v 0.1569797 0.2995242 0.03597625
v 0.1419257 0.3009661 0.09986968
v 0.1371204 0.2995241 0.09709547
v 0.09738038 0.300965 0.1493425
v 0.09411947 0.2995241 0.1448538
v 0.03656432 0.3009661 0.1764194
v 0.03541044 0.2995241 0.1709922
v -0.03000764 0.3009682 0.1764189
v -0.02885428 0.2995241 0.1709922
v -0.09082319 0.3009718 0.1493414
v -0.0875628 0.2995246 0.1448533
v -0.1353674 0.3009754 0.09986916
v -0.1305642 0.2995246 0.09709547
v 0.1184768 0.3283446 -0.08382861
v 0.1454216 0.3289535 -0.02630727
v 0.1143553 0.3289535 -0.08011685
v 0.1506976 0.3283404 -0.02802171
v 0.1519164 0.328953 0.03548589
v 0.1574342 0.3283374 0.03606621
v 0.132716 0.328953 0.0945792
v 0.1375213 0.3283347 0.09735341
v 0.09114039 0.328953 0.1407537
v 0.09440184 0.3283342 0.1452423
v 0.03437824 0.328953 0.1660257
v 0.0355316 0.3283352 0.1714529
v -0.02775604 0.328953 0.1660257
v -0.0289094 0.3283373 0.1714524
v -0.08451819 0.3289535 0.1407537
v -0.0877786 0.3283404 0.1452412
v -0.1260938 0.3289535 0.0945792
v -0.130897 0.3283446 0.09735237
v 0.122252 0.3009755 -0.08730222
v 0.0661388 0.2995252 -0.1213648
v 0.11813 0.2995247 -0.08359098
v 0.06839456 0.3009791 -0.1264312
v 0.0032786 0.2995252 -0.1347262
v 0.0032786 0.3009822 -0.1402715
v -0.05958212 0.2995252 -0.1213648
v -0.06183736 0.3009838 -0.1264307
v -0.1115733 0.2995252 -0.08359098
v -0.1156943 0.3009838 -0.0873017
v -0.1437056 0.2995252 -0.02793591
v -0.1489795 0.3009822 -0.02964983
v -0.150423 0.2995252 0.03597625
v -0.1559386 0.3009791 0.03655605
v -0.1305642 0.2995246 0.09709547
v -0.1353674 0.3009754 0.09986916
v 0.06634368 0.3283483 -0.1217049
v 0.1184768 0.3283446 -0.08382861
v 0.1143553 0.3289535 -0.08011685
v 0.0640874 0.328954 -0.1166385
v 0.00331136 0.3283509 -0.1351022
v 0.00331136 0.3289541 -0.1295569
v -0.05972044 0.3283525 -0.1217044
v -0.0574652 0.328954 -0.1166385
v -0.1118535 0.3283524 -0.08382758
v -0.1077325 0.328954 -0.08011737
v -0.1440733 0.3283509 -0.02802067
v -0.1387994 0.328954 -0.02630778
v -0.1508099 0.3283483 0.03606621
v -0.1452942 0.328954 0.03548589
v -0.130897 0.3283446 0.09735237
v -0.1260938 0.3289535 0.0945792
v 0.121289 0.3530233 0.08805061
v 0.1387818 0.3530233 0.03421501
v 0.1434997 0.3530233 0.0346721
v 0.1253943 0.3530233 0.09039581
v 0.1387818 0.3530233 0.03421501
v 0.1328647 0.3530233 -0.0220807
v 0.1373757 0.3530233 -0.02359858
v 0.1434997 0.3530233 0.0346721
v 0.1328647 0.3530233 -0.0220807
v 0.1045616 0.3530233 -0.07110318
v 0.1080799 0.3530233 -0.0743407
v 0.1373757 0.3530233 -0.02359858
v 0.1045616 0.3530233 -0.07110318
v 0.05876623 0.3530233 -0.1043754
v 0.06067776 0.3530233 -0.1087803
v 0.1080799 0.3530233 -0.0743407
v 0.05876623 0.3530233 -0.1043754
v 0.00339716 0.3530233 -0.1161445
v 0.00336648 0.3530233 -0.1209618
v 0.06067776 0.3530233 -0.1087803
v 0.00339716 0.3530233 -0.1161445
v -0.05197192 0.3530233 -0.1043754
v -0.0539448 0.3530233 -0.1087803
v 0.00336648 0.3530233 -0.1209618
v -0.05197192 0.3530233 -0.1043754
v -0.09776675 0.3530233 -0.07110318
v -0.1013464 0.3530233 -0.0743407
v -0.0539448 0.3530233 -0.1087803
v -0.09776675 0.3530233 -0.07110318
v -0.1260698 0.3530233 -0.02208122
v -0.1306422 0.3530233 -0.0235991
v -0.1013464 0.3530233 -0.0743407
v -0.1260698 0.3530233 -0.02208122
v -0.1319869 0.3530233 0.03421501
v -0.1367668 0.3530233 0.0346721
v -0.1306422 0.3530233 -0.0235991
v -0.1319869 0.3530233 0.03421501
v -0.1144946 0.3530233 0.08805061
v -0.1186609 0.3530233 0.09039581
v -0.1367668 0.3530233 0.0346721
v -0.1144946 0.3530233 0.08805061
v -0.07661784 0.3530233 0.1301165
v -0.07945547 0.3530233 0.133938
v -0.1186609 0.3530233 0.09039581
v -0.07661784 0.3530233 0.1301165
v -0.02490592 0.3530233 0.1531406
v -0.02592928 0.3530233 0.1577696
v -0.07945547 0.3530233 0.133938
v -0.02490592 0.3530233 0.1531406
v 0.03170024 0.3530233 0.1531406
v 0.03266276 0.3530233 0.1577696
v -0.02592928 0.3530233 0.1577696
v 0.03170024 0.3530233 0.1531406
v 0.08341268 0.3530233 0.130117
v 0.08618896 0.3530233 0.133938
v 0.03266276 0.3530233 0.1577696
v 0.08341268 0.3530233 0.130117
v 0.121289 0.3530233 0.08805061
v 0.1253943 0.3530233 0.09039581
v 0.08618896 0.3530233 0.133938
v 0.1189344 0.3439644 0.08670485
v 0.1360746 0.3439644 0.03395293
v 0.1387818 0.3530233 0.03421501
v 0.121289 0.3530233 0.08805061
v 0.1360746 0.3439644 0.03395293
v 0.1302772 0.3439644 -0.02121022
v 0.1328647 0.3530233 -0.0220807
v 0.1387818 0.3530233 0.03421501
v 0.1302772 0.3439644 -0.02121022
v 0.1025435 0.3439644 -0.06924625
v 0.1045616 0.3530233 -0.07110318
v 0.1328647 0.3530233 -0.0220807
v 0.1025435 0.3439644 -0.06924625
v 0.05766955 0.3439644 -0.1018492
v 0.05876623 0.3530233 -0.1043754
v 0.1045616 0.3530233 -0.07110318
v 0.05766955 0.3439644 -0.1018492
v 0.00341484 0.3439644 -0.1133813
v 0.00339716 0.3530233 -0.1161445
v 0.05876623 0.3530233 -0.1043754
v 0.00341484 0.3439644 -0.1133813
v -0.05083988 0.3439644 -0.1018487
v -0.05197192 0.3530233 -0.1043754
v 0.00339716 0.3530233 -0.1161445
v -0.05083988 0.3439644 -0.1018487
v -0.09571379 0.3439644 -0.06924625
v -0.09776675 0.3530233 -0.07110318
v -0.05197192 0.3530233 -0.1043754
v -0.09571379 0.3439644 -0.06924625
v -0.1234475 0.3439644 -0.02121074
v -0.1260698 0.3530233 -0.02208122
v -0.09776675 0.3530233 -0.07110318
v -0.1234475 0.3439644 -0.02121074
v -0.1292449 0.3439644 0.03395241
v -0.1319869 0.3530233 0.03421501
v -0.1260698 0.3530233 -0.02208122
v -0.1292449 0.3439644 0.03395241
v -0.1121047 0.3439638 0.08670485
v -0.1144946 0.3530233 0.08805061
v -0.1319869 0.3530233 0.03421501
v -0.1121047 0.3439638 0.08670485
v -0.07499024 0.3439643 0.1279247
v -0.07661784 0.3530233 0.1301165
v -0.1144946 0.3530233 0.08805061
v -0.07499024 0.3439643 0.1279247
v -0.02431832 0.3439643 0.1504855
v -0.02490592 0.3530233 0.1531406
v -0.07661784 0.3530233 0.1301165
v -0.02431832 0.3439643 0.1504855
v 0.03114852 0.3439643 0.1504855
v 0.03170024 0.3530233 0.1531406
v -0.02490592 0.3530233 0.1531406
v 0.03114852 0.3439643 0.1504855
v 0.08181991 0.3439643 0.1279252
v 0.08341268 0.3530233 0.130117
v 0.03170024 0.3530233 0.1531406
v 0.08181991 0.3439643 0.1279252
v 0.1189344 0.3439644 0.08670485
v 0.121289 0.3530233 0.08805061
v 0.08341268 0.3530233 0.130117
v 0.1624969 0.04200716 0.03655601
v 0.1574342 0.01491463 0.03606564
v 0.1375213 0.0149167 0.09735335
v 0.1419257 0.04200922 0.09986964
v 0.09440184 0.01491773 0.1452428
v 0.09738038 0.04201026 0.1493424
v 0.0355316 0.01491669 0.1714528
v 0.03656432 0.04200921 0.1764193
v -0.0289094 0.01491461 0.1714523
v -0.03000764 0.04200713 0.1764188
v -0.0877786 0.0149115 0.1452412
v -0.09082319 0.04200401 0.1493414
v -0.1308975 0.01490734 0.09735231
v -0.1353674 0.04199986 0.09986912
v -0.1508099 0.01490371 0.03606616
v -0.1559386 0.04199623 0.03655601
v 0.1555377 0.04200404 -0.02965039
v 0.1574342 0.01491463 0.03606564
v 0.1624969 0.04200716 0.03655601
v 0.1506976 0.014911 -0.02802176
v 0.122252 0.04199989 -0.08730226
v 0.1184768 0.01490737 -0.08382867
v 0.06839456 0.04199626 -0.1264312
v 0.06634368 0.01490374 -0.121705
v 0.0032786 0.04199366 -0.1402715
v 0.00331136 0.01490114 -0.1351027
v -0.06183736 0.0419921 -0.1264307
v -0.05972044 0.01489958 -0.1217044
v -0.1156943 0.04199209 -0.08730174
v -0.1118535 0.01489905 -0.08382764
v -0.1489795 0.04199364 -0.02964987
v -0.1440733 0.01490112 -0.02802124
v -0.1559386 0.04199623 0.03655601
v -0.1508099 0.01490371 0.03606616
v -0.1260938 0.01430414 0.09457915
v -0.1186609 -0.009910694 0.09039576
v -0.1367668 -0.009910685 0.03467152
v -0.1452942 0.01430415 0.03548584
v -0.1452942 0.01430415 0.03548584
v -0.1367668 -0.009910685 0.03467152
v -0.1306422 -0.009910676 -0.02359916
v -0.1387994 0.01430364 -0.02630783
v -0.1387994 0.01430364 -0.02630783
v -0.1306422 -0.009910676 -0.02359916
v -0.1013464 -0.009910667 -0.07434075
v -0.1077325 0.01430365 -0.08011743
v -0.1077325 0.01430365 -0.08011743
v -0.1013464 -0.009910667 -0.07434075
v -0.0539448 -0.009910662 -0.1087804
v -0.0574652 0.01430366 -0.1166386
v -0.0574652 0.01430366 -0.1166386
v -0.0539448 -0.009910662 -0.1087804
v 0.00336648 -0.00991066 -0.1209619
v 0.00331136 0.01430366 -0.129557
v 0.00331136 0.01430366 -0.129557
v 0.00336648 -0.00991066 -0.1209619
v 0.06067776 -0.009910662 -0.1087804
v 0.0640874 0.01430418 -0.1166386
v 0.0640874 0.01430418 -0.1166386
v 0.06067776 -0.009910662 -0.1087804
v 0.1080799 -0.009910667 -0.07434075
v 0.1143548 0.01430417 -0.08011691
v 0.1143548 0.01430417 -0.08011691
v 0.1080799 -0.009910667 -0.07434075
v 0.1373751 -0.009910676 -0.02359916
v 0.1454216 0.01430468 -0.02630783
v 0.1454216 0.01430468 -0.02630783
v 0.1373751 -0.009910676 -0.02359916
v 0.1434997 -0.009910685 0.03467152
v 0.1519164 0.01430519 0.03548584
v 0.1519164 0.01430519 0.03548584
v 0.1434997 -0.009910685 0.03467152
v 0.1253938 -0.009910694 0.09039576
v 0.132716 0.01430518 0.09457864
v 0.132716 0.01430518 0.09457864
v 0.1253938 -0.009910694 0.09039576
v 0.08618843 -0.009910701 0.1339379
v 0.09114039 0.01430518 0.1407536
v 0.09114039 0.01430518 0.1407536
v 0.08618843 -0.009910701 0.1339379
v 0.03266224 -0.009910705 0.157769
v 0.03437824 0.01430517 0.1660256
v 0.03437824 0.01430517 0.1660256
v 0.03266224 -0.009910705 0.157769
v -0.02592928 -0.009910705 0.157769
v -0.02775604 0.01430517 0.1660256
v -0.02775604 0.01430517 0.1660256
v -0.02592928 -0.009910705 0.157769
v -0.07945547 -0.009910701 0.1339374
v -0.08451819 0.01430466 0.1407531
v -0.08451819 0.01430466 0.1407531
v -0.07945547 -0.009910701 0.1339374
v -0.1186609 -0.009910694 0.09039576
v -0.1260938 0.01430414 0.09457915
v 0.11813 0.04343613 -0.08359102
v 0.122252 0.04199989 -0.08730226
v 0.1555377 0.04200404 -0.02965039
v 0.1502623 0.04343664 -0.02793595
v 0.1624969 0.04200716 0.03655601
v 0.1569797 0.04343663 0.03597673
v 0.1419257 0.04200922 0.09986964
v 0.1371209 0.04343714 0.09709544
v 0.09738038 0.04201026 0.1493424
v 0.09411947 0.04343713 0.1448538
v 0.03656432 0.04200921 0.1764193
v 0.03541044 0.04343713 0.1709921
v -0.03000764 0.04200713 0.1764188
v -0.02885376 0.04343661 0.1709921
v -0.09082319 0.04200401 0.1493414
v -0.0875628 0.04343661 0.1448533
v -0.1353674 0.04199986 0.09986912
v -0.1305642 0.0434361 0.09709544
v 0.1454216 0.01430468 -0.02630783
v 0.1184768 0.01490737 -0.08382867
v 0.1143548 0.01430417 -0.08011691
v 0.1506976 0.014911 -0.02802176
v 0.1519164 0.01430519 0.03548584
v 0.1574342 0.01491463 0.03606564
v 0.132716 0.01430518 0.09457864
v 0.1375213 0.0149167 0.09735335
v 0.09114039 0.01430518 0.1407536
v 0.09440184 0.01491773 0.1452428
v 0.03437824 0.01430517 0.1660256
v 0.0355316 0.01491669 0.1714528
v -0.02775604 0.01430517 0.1660256
v -0.0289094 0.01491461 0.1714523
v -0.08451819 0.01430466 0.1407531
v -0.0877786 0.0149115 0.1452412
v -0.1260938 0.01430414 0.09457915
v -0.1308975 0.01490734 0.09735231
v 0.0661388 0.04343561 -0.1213649
v 0.122252 0.04199989 -0.08730226
v 0.11813 0.04343613 -0.08359102
v 0.06839456 0.04199626 -0.1264312
v 0.0032786 0.04343562 -0.1347263
v 0.0032786 0.04199366 -0.1402715
v -0.05958212 0.04343561 -0.1213649
v -0.06183736 0.0419921 -0.1264307
v -0.1115733 0.04343561 -0.08359102
v -0.1156943 0.04199209 -0.08730174
v -0.1437056 0.0434356 -0.02793595
v -0.1489795 0.04199364 -0.02964987
v -0.150423 0.04343559 0.03597621
v -0.1559386 0.04199623 0.03655601
v -0.1305642 0.0434361 0.09709544
v -0.1353674 0.04199986 0.09986912
v 0.1143548 0.01430417 -0.08011691
v 0.1184768 0.01490737 -0.08382867
v 0.06634368 0.01490374 -0.121705
v 0.0640874 0.01430418 -0.1166386
v 0.00331136 0.01490114 -0.1351027
v 0.00331136 0.01430366 -0.129557
v -0.05972044 0.01489958 -0.1217044
v -0.0574652 0.01430366 -0.1166386
v -0.1118535 0.01489905 -0.08382764
v -0.1077325 0.01430365 -0.08011743
v -0.1440733 0.01490112 -0.02802124
v -0.1387994 0.01430364 -0.02630783
v -0.1508099 0.01490371 0.03606616
v -0.1452942 0.01430415 0.03548584
v -0.1308975 0.01490734 0.09735231
v -0.1260938 0.01430414 0.09457915
v 0.1434997 -0.009910685 0.03467152
v 0.1387812 -0.009910685 0.03421495
v 0.121289 -0.009910693 0.08805055
v 0.1253938 -0.009910694 0.09039576
v 0.1373751 -0.009910676 -0.02359916
v 0.1328647 -0.009910676 -0.02208128
v 0.1387812 -0.009910685 0.03421495
v 0.1434997 -0.009910685 0.03467152
v 0.1080799 -0.009910667 -0.07434075
v 0.1045616 -0.009910668 -0.07110324
v 0.1328647 -0.009910676 -0.02208128
v 0.1373751 -0.009910676 -0.02359916
v 0.06067776 -0.009910662 -0.1087804
v 0.05876623 -0.009910662 -0.1043754
v 0.1045616 -0.009910668 -0.07110324
v 0.1080799 -0.009910667 -0.07434075
v 0.00336648 -0.00991066 -0.1209619
v 0.00339716 -0.00991066 -0.1161446
v 0.05876623 -0.009910662 -0.1043754
v 0.06067776 -0.009910662 -0.1087804
v -0.0539448 -0.009910662 -0.1087804
v -0.05197192 -0.009910662 -0.1043754
v 0.00339716 -0.00991066 -0.1161446
v 0.00336648 -0.00991066 -0.1209619
v -0.1013464 -0.009910667 -0.07434075
v -0.09776675 -0.009910668 -0.07110324
v -0.05197192 -0.009910662 -0.1043754
v -0.0539448 -0.009910662 -0.1087804
v -0.1306422 -0.009910676 -0.02359916
v -0.1260698 -0.009910676 -0.02208128
v -0.09776675 -0.009910668 -0.07110324
v -0.1013464 -0.009910667 -0.07434075
v -0.1367668 -0.009910685 0.03467152
v -0.1319869 -0.009910685 0.03421495
v -0.1260698 -0.009910676 -0.02208128
v -0.1306422 -0.009910676 -0.02359916
v -0.1186609 -0.009910694 0.09039576
v -0.1144946 -0.009910693 0.08805055
v -0.1319869 -0.009910685 0.03421495
v -0.1367668 -0.009910685 0.03467152
v -0.07945547 -0.009910701 0.1339374
v -0.07661784 -0.009910701 0.1301165
v -0.1144946 -0.009910693 0.08805055
v -0.1186609 -0.009910694 0.09039576
v -0.02592928 -0.009910705 0.157769
v -0.02490592 -0.009910705 0.1531405
v -0.07661784 -0.009910701 0.1301165
v -0.07945547 -0.009910701 0.1339374
v 0.03266224 -0.009910705 0.157769
v 0.03170024 -0.009910705 0.1531405
v -0.02490592 -0.009910705 0.1531405
v -0.02592928 -0.009910705 0.157769
v 0.08618843 -0.009910701 0.1339379
v 0.08341268 -0.009910701 0.130117
v 0.03170024 -0.009910705 0.1531405
v 0.03266224 -0.009910705 0.157769
v 0.1253938 -0.009910694 0.09039576
v 0.121289 -0.009910693 0.08805055
v 0.08341268 -0.009910701 0.130117
v 0.08618843 -0.009910701 0.1339379
v 0.1387812 -0.009910685 0.03421495
v 0.1360746 -0.0008517655 0.03395288
v 0.1189344 -0.0008517741 0.0867048
v 0.121289 -0.009910693 0.08805055
v 0.1328647 -0.009910676 -0.02208128
v 0.1302766 -0.0008517565 -0.02121028
v 0.1360746 -0.0008517655 0.03395288
v 0.1387812 -0.009910685 0.03421495
v 0.1045616 -0.009910668 -0.07110324
v 0.1025435 -0.0008517487 -0.06924631
v 0.1302766 -0.0008517565 -0.02121028
v 0.1328647 -0.009910676 -0.02208128
v 0.05876623 -0.009910662 -0.1043754
v 0.05766955 -0.0008517433 -0.1018493
v 0.1025435 -0.0008517487 -0.06924631
v 0.1045616 -0.009910668 -0.07110324
v 0.00339716 -0.00991066 -0.1161446
v 0.00341484 -0.0008517415 -0.1133813
v 0.05766955 -0.0008517433 -0.1018493
v 0.05876623 -0.009910662 -0.1043754
v -0.05197192 -0.009910662 -0.1043754
v -0.05083988 -0.0008517433 -0.1018488
v 0.00341484 -0.0008517415 -0.1133813
v 0.00339716 -0.00991066 -0.1161446
v -0.09776675 -0.009910668 -0.07110324
v -0.09571379 -0.0008517487 -0.06924631
v -0.05083988 -0.0008517433 -0.1018488
v -0.05197192 -0.009910662 -0.1043754
v -0.1260698 -0.009910676 -0.02208128
v -0.1234475 -0.0008517565 -0.0212108
v -0.09571379 -0.0008517487 -0.06924631
v -0.09776675 -0.009910668 -0.07110324
v -0.1319869 -0.009910685 0.03421495
v -0.1292449 -0.0008517655 0.03395236
v -0.1234475 -0.0008517565 -0.0212108
v -0.1260698 -0.009910676 -0.02208128
v -0.1144946 -0.009910693 0.08805055
v -0.1121052 -0.0008517741 0.0867048
v -0.1292449 -0.0008517655 0.03395236
v -0.1319869 -0.009910685 0.03421495
v -0.07661784 -0.009910701 0.1301165
v -0.07499024 -0.0008517808 0.1279247
v -0.1121052 -0.0008517741 0.0867048
v -0.1144946 -0.009910693 0.08805055
v -0.02490592 -0.009910705 0.1531405
v -0.02431884 -0.0008517845 0.1504854
v -0.07499024 -0.0008517808 0.1279247
v -0.07661784 -0.009910701 0.1301165
v 0.03170024 -0.009910705 0.1531405
v 0.03114852 -0.0008517845 0.1504854
v -0.02431884 -0.0008517845 0.1504854
v -0.02490592 -0.009910705 0.1531405
v 0.08341268 -0.009910701 0.130117
v 0.08181991 -0.0008517808 0.1279252
v 0.03114852 -0.0008517845 0.1504854
v 0.03170024 -0.009910705 0.1531405
v 0.121289 -0.009910693 0.08805055
v 0.1189344 -0.0008517741 0.0867048
v 0.08181991 -0.0008517808 0.1279252
v 0.08341268 -0.009910701 0.130117
v 0.1569797 0.2995242 0.03597625
v 0.1502623 0.2995247 -0.02793591
v 0.158861 0.2347441 -0.03082816
v 0.1659741 0.2347441 0.03684828
v 0.1371204 0.2995241 0.09709547
v 0.1614428 0.1715563 -0.03169709
v 0.1449453 0.2347441 0.1015669
v 0.09411947 0.2995241 0.1448538
v 0.09941152 0.2347441 0.152138
v 0.1686745 0.1715563 0.03710983
v 0.1472947 0.1715563 0.1029091
v 0.1010001 0.1715563 0.1543246
v 0.09941152 0.1083685 0.152138
v 0.1449458 0.1083685 0.1015675
v 0.09411947 0.04343713 0.1448538
v 0.1371209 0.04343714 0.09709544
v 0.1659741 0.1083685 0.03684825
v 0.158861 0.1083685 -0.03082818
v 0.1569797 0.04343663 0.03597673
v 0.1502623 0.04343664 -0.02793595
v 0.03541044 0.2995241 0.1709922
v 0.09411947 0.2995241 0.1448538
v 0.09941152 0.2347441 0.152138
v 0.03724552 0.2347441 0.179816
v -0.02885428 0.2995241 0.1709922
v 0.1010001 0.1715563 0.1543246
v -0.03080428 0.2347441 0.179816
v -0.0875628 0.2995246 0.1448533
v 0.03779568 0.1715563 0.1824649
v -0.09297027 0.2347441 0.152138
v -0.1305642 0.2995246 0.09709547
v -0.1385046 0.2347441 0.1015669
v -0.1408888 0.1715563 0.1029096
v -0.03139032 0.1715563 0.1824649
v -0.09459475 0.1715563 0.1543246
v -0.1385046 0.1083685 0.1015669
v -0.09297027 0.1083685 0.152138
v -0.1305642 0.0434361 0.09709544
v -0.0875628 0.04343661 0.1448533
v -0.03080428 0.1083685 0.179816
v -0.02885376 0.04343661 0.1709921
v 0.03724552 0.1083685 0.179816
v 0.03541044 0.04343713 0.1709921
v 0.09941152 0.1083685 0.152138
v 0.09411947 0.04343713 0.1448538
v -0.150423 0.2995252 0.03597625
v -0.1305642 0.2995246 0.09709547
v -0.1385046 0.2347441 0.1015669
v -0.1595329 0.2347441 0.03684828
v -0.1437056 0.2995252 -0.02793591
v -0.1408888 0.1715563 0.1029096
v -0.1524198 0.2347441 -0.03082868
v -0.1115733 0.2995252 -0.08359098
v -0.1622686 0.1715563 0.03710983
v -0.1183951 0.2347441 -0.08976132
v -0.05958212 0.2995252 -0.1213648
v -0.06334224 0.2347441 -0.1297597
v -0.1550364 0.1715563 -0.03169709
v -0.1204434 0.1715563 -0.09161357
v -0.06447116 0.1715563 -0.1322807
v -0.06334224 0.1083685 -0.1297597
v -0.1183951 0.1083685 -0.08976134
v -0.05958212 0.04343561 -0.1213649
v -0.1115733 0.04343561 -0.08359102
v -0.1524198 0.1083685 -0.0308287
v -0.1437056 0.0434356 -0.02793595
v -0.1595329 0.1083685 0.03684825
v -0.150423 0.04343559 0.03597621
v -0.1385046 0.1083685 0.1015669
v -0.1305642 0.0434361 0.09709544
v 0.0032786 0.2995252 -0.1347262
v -0.05958212 0.2995252 -0.1213648
v -0.06334224 0.2347441 -0.1297597
v 0.00322088 0.2347441 -0.1439079
v 0.0661388 0.2995252 -0.1213648
v -0.06447116 0.1715563 -0.1322807
v 0.06978296 0.2347441 -0.1297597
v 0.11813 0.2995247 -0.08359098
v 0.0032032 0.1715563 -0.1466649
v 0.1248359 0.2347441 -0.08976132
v 0.1502623 0.2995247 -0.02793591
v 0.158861 0.2347441 -0.03082816
v 0.07087704 0.1715563 -0.1322802
v 0.1268498 0.1715563 -0.09161408
v 0.1614428 0.1715563 -0.03169709
v 0.158861 0.1083685 -0.03082818
v 0.1248359 0.1083685 -0.08976134
v 0.1502623 0.04343664 -0.02793595
v 0.11813 0.04343613 -0.08359102
v 0.06978296 0.1083685 -0.1297597
v 0.0661388 0.04343561 -0.1213649
v 0.00322088 0.1083685 -0.1439079
v 0.0032786 0.04343562 -0.1347263
v -0.06334224 0.1083685 -0.1297597
v -0.05958212 0.04343561 -0.1213649
v -0.0005932501 0.343979 0.01132422
v -0.01399332 0.3578809 0.0140643
v -0.01399332 0.3424925 0.01509428
v -0.0005932489 0.3595718 0.01038144
v -0.01399332 0.3734045 0.01384307
v -0.0005932495 0.3753221 0.01027295
v -0.01399332 0.3887249 0.01499607
v -0.0005932507 0.390876 0.01156163
v -0.01399333 0.4034655 0.01787301
v -0.0005932495 0.4058427 0.0145909
v -0.01399332 0.417279 0.02259153
v -0.0005932489 0.4198616 0.01946858
v -0.01399333 0.4299203 0.02905848
v -0.0005932489 0.4326784 0.02608932
v -0.01399333 0.441303 0.03701779
v -0.0005932489 0.4441998 0.03418394
v -0.01399332 0.4515234 0.04611039
v -0.0005932498 0.4545192 0.04338127
v -0.01399333 0.4608511 0.0559284
v -0.0005932495 0.4639043 0.05326362
v -0.01399332 0.3424925 0.01509428
v -0.01399333 0.3524089 0.02598232
v -0.01399333 0.3376824 0.02729445
v -0.01399332 0.3578809 0.0140643
v -0.01399332 0.3671992 0.02539621
v -0.01399332 0.3734045 0.01384307
v -0.01399332 0.3817635 0.02611009
v -0.01399332 0.3887249 0.01499607
v -0.01399333 0.3957732 0.02849412
v -0.01399333 0.4034655 0.01787301
v -0.01399333 0.4089215 0.03269764
v -0.01399332 0.417279 0.02259153
v -0.01399333 0.4209952 0.03866693
v -0.01399333 0.4299203 0.02905848
v -0.01399333 0.4319283 0.04618829
v -0.01399333 0.441303 0.03701779
v -0.01399333 0.4418289 0.05494207
v -0.01399332 0.4515234 0.04611039
v -0.01399333 0.4509708 0.06455181
v -0.01399333 0.4608511 0.0559284
v -0.01399333 0.3376824 0.02729445
v -0.0005932507 0.350718 0.02966519
v -0.0005932507 0.3361959 0.0310645
v -0.01399333 0.3524089 0.02598232
v -0.0005932514 0.3652816 0.02896631
v -0.01399332 0.3671992 0.02539621
v -0.0005932526 0.3796124 0.02954452
v -0.01399332 0.3817635 0.02611009
v -0.0005932504 0.393396 0.03177622
v -0.01399333 0.3957732 0.02849412
v -0.000593251 0.4063388 0.03582058
v -0.01399333 0.4089215 0.03269764
v -0.0005932498 0.4182371 0.04163611
v -0.01399333 0.4209952 0.03866693
v -0.0005932526 0.4290314 0.04902214
v -0.01399333 0.4319283 0.04618829
v -0.0005932507 0.438833 0.05767119
v -0.01399333 0.4418289 0.05494207
v -0.0005932507 0.4479177 0.06721657
v -0.01399333 0.4509708 0.06455181
v -0.0005932507 0.3361959 0.0310645
v 0.007115069 0.3551448 0.02002332
v 0.007115067 0.3400874 0.02119436
v -0.0005932507 0.350718 0.02966519
v 0.007115069 0.3703018 0.01961964
v -0.0005932514 0.3652816 0.02896631
v 0.007115069 0.3852442 0.02055308
v -0.0005932526 0.3796124 0.02954452
v 0.007115073 0.3996194 0.02318356
v -0.0005932504 0.393396 0.03177622
v 0.007115069 0.4131002 0.02764458
v -0.000593251 0.4063388 0.03582058
v 0.007115069 0.4254577 0.03386271
v -0.0005932498 0.4182371 0.04163611
v 0.007115069 0.4366156 0.04160303
v -0.0005932526 0.4290314 0.04902214
v 0.007115069 0.446676 0.05052623
v -0.0005932507 0.438833 0.05767119
v 0.007115069 0.455911 0.0602401
v -0.0005932507 0.4479177 0.06721657
v 0.007115067 0.3400874 0.02119436
v -0.0005932489 0.3595718 0.01038144
v -0.0005932501 0.343979 0.01132422
v 0.007115069 0.3551448 0.02002332
v -0.0005932495 0.3753221 0.01027295
v 0.007115069 0.3703018 0.01961964
v -0.0005932507 0.390876 0.01156163
v 0.007115069 0.3852442 0.02055308
v -0.0005932495 0.4058427 0.0145909
v 0.007115073 0.3996194 0.02318356
v -0.0005932489 0.4198616 0.01946858
v 0.007115069 0.4131002 0.02764458
v -0.0005932489 0.4326784 0.02608932
v 0.007115069 0.4254577 0.03386271
v -0.0005932489 0.4441998 0.03418394
v 0.007115069 0.4366156 0.04160303
v -0.0005932498 0.4545192 0.04338127
v 0.007115069 0.446676 0.05052623
v -0.0005932495 0.4639043 0.05326362
v 0.007115069 0.455911 0.0602401
v -0.0005932495 0.4639043 0.05326362
v -0.0005932492 0.4727683 0.06342012
v -0.01399333 0.4696943 0.06606074
v -0.01399333 0.4608511 0.0559284
v -0.01399333 0.4608511 0.0559284
v -0.01399333 0.4696943 0.06606074
v -0.01399333 0.4597464 0.07460596
v -0.01399333 0.4509708 0.06455181
v -0.01399333 0.4509708 0.06455181
v -0.01399333 0.4597464 0.07460596
v -0.0005932507 0.4566723 0.07724659
v -0.0005932507 0.4479177 0.06721657
v -0.0005932507 0.4479177 0.06721657
v -0.0005932507 0.4566723 0.07724659
v 0.007115069 0.4647204 0.07033335
v 0.007115069 0.455911 0.0602401
v 0.007115069 0.455911 0.0602401
v 0.007115069 0.4647204 0.07033335
v -0.0005932492 0.4727683 0.06342012
v -0.0005932495 0.4639043 0.05326362
v -0.01399332 0.3424925 0.01509428
v -0.004504391 0.3386394 0.02503957
v -0.0005932501 0.343979 0.01132422
v -0.01399333 0.3376824 0.02729445
v 0.007115067 0.3400874 0.02119436
v -0.0005932507 0.3361959 0.0310645
v -0.0005932492 0.4727683 0.06342012
v -0.004504391 0.4647204 0.07033334
v -0.01399333 0.4696943 0.06606074
v 0.007115069 0.4647204 0.07033335
v -0.01399333 0.4597464 0.07460596
v -0.0005932507 0.4566723 0.07724659
vt 0.5207 0.9279
vt 0.7393 0.9316
vt 0.74 0.9864
vt 0.523 0.9885
vt 0.74 0.9864
vt 0.7393 0.9316
vt 0.5207 0.9279
vt 0.523 0.9885
vt 0.74 0.9863
vt 0.7393 0.9306
vt 0.5207 0.9266
vt 0.523 0.9885
vt 0.74 0.9863
vt 0.7393 0.9306
vt 0.5207 0.9266
vt 0.523 0.9885
vt 0.523 0.9885
vt 0.5207 0.9266
vt 0.7393 0.9306
vt 0.74 0.9863
vt 0.523 0.9885
vt 0.5207 0.9266
vt 0.7393 0.9306
vt 0.74 0.9863
vt 0.523 0.9885
vt 0.5207 0.9266
vt 0.7393 0.9306
vt 0.74 0.9863
vt 0.74 0.9863
vt 0.7393 0.9306
vt 0.5207 0.9266
vt 0.523 0.9885
vt 0.2669 0.0801
vt 0.2669 0.0135
vt 0.4939 0.0098
vt 0.4934 0.0824
vt 0.4939 0.0098
vt 0.2669 0.0135
vt 0.2669 0.0801
vt 0.4934 0.0824
vt 0.4939 0.0098
vt 0.2669 0.0135
vt 0.2669 0.0801
vt 0.4934 0.0824
vt 0.4939 0.0098
vt 0.2669 0.0135
vt 0.2669 0.0801
vt 0.4934 0.0824
vt 0.2669 0.0135
vt 0.4939 0.0098
vt 0.4934 0.0824
vt 0.2669 0.0801
vt 0.2669 0.0135
vt 0.4939 0.0098
vt 0.4934 0.0824
vt 0.2669 0.0801
vt 0.2669 0.0135
vt 0.4939 0.0098
vt 0.4934 0.0824
vt 0.2669 0.0801
vt 0.4939 0.0098
vt 0.2669 0.0135
vt 0.2669 0.0801
vt 0.4934 0.0824
vt 0.0138 0.117
vt 0.0013 0.1073
vt 0.0015 0.1472
vt 0.0139 0.1465
vt 0.0031 0.1849
vt 0.0241 0.1271
vt 0.0156 0.1743
vt 0.0242 0.1458
vt 0.0401 0.1448
vt 0.0271 0.1628
vt 0.0156 0.1743
vt 0.0031 0.1849
vt 0.0015 0.1472
vt 0.0139 0.1465
vt 0.0013 0.1073
vt 0.0271 0.1628
vt 0.0138 0.117
vt 0.0242 0.1458
vt 0.0401 0.1448
vt 0.0241 0.1271
vt 0.0138 0.117
vt 0.0013 0.1073
vt 0.0015 0.1472
vt 0.0139 0.1465
vt 0.0031 0.1849
vt 0.0241 0.1271
vt 0.0156 0.1743
vt 0.0242 0.1458
vt 0.0401 0.1448
vt 0.0271 0.1628
vt 0.0156 0.1743
vt 0.0031 0.1849
vt 0.0015 0.1472
vt 0.0139 0.1465
vt 0.0013 0.1073
vt 0.0271 0.1628
vt 0.0138 0.117
vt 0.0242 0.1458
vt 0.0401 0.1448
vt 0.0241 0.1271
vt 0.0138 0.117
vt 0.0013 0.1073
vt 0.0015 0.1472
vt 0.0139 0.1465
vt 0.0031 0.1849
vt 0.0241 0.1271
vt 0.0156 0.1743
vt 0.0242 0.1458
vt 0.0401 0.1448
vt 0.0271 0.1628
vt 0.0156 0.1743
vt 0.0031 0.1849
vt 0.0015 0.1472
vt 0.0139 0.1465
vt 0.0013 0.1073
vt 0.0271 0.1628
vt 0.0138 0.117
vt 0.0242 0.1458
vt 0.0401 0.1448
vt 0.0241 0.1271
vt 0.0138 0.117
vt 0.0013 0.1073
vt 0.0015 0.1472
vt 0.0139 0.1465
vt 0.0031 0.1849
vt 0.0241 0.1271
vt 0.0156 0.1743
vt 0.0242 0.1458
vt 0.0401 0.1448
vt 0.0271 0.1628
vt 0.0156 0.1743
vt 0.0031 0.1849
vt 0.0015 0.1472
vt 0.0139 0.1465
vt 0.0013 0.1073
vt 0.0271 0.1628
vt 0.0138 0.117
vt 0.0242 0.1458
vt 0.0401 0.1448
vt 0.0241 0.1271
vt 0.0138 0.117
vt 0.0013 0.1073
vt 0.0015 0.1472
vt 0.0139 0.1465
vt 0.0031 0.1849
vt 0.0241 0.1271
vt 0.0156 0.1743
vt 0.0242 0.1458
vt 0.0401 0.1448
vt 0.0271 0.1628
vt 0.0156 0.1743
vt 0.0031 0.1849
vt 0.0015 0.1472
vt 0.0139 0.1465
vt 0.0013 0.1073
vt 0.0271 0.1628
vt 0.0138 0.117
vt 0.0242 0.1458
vt 0.0401 0.1448
vt 0.0241 0.1271
vt 0.0138 0.117
vt 0.0013 0.1073
vt 0.0015 0.1472
vt 0.0139 0.1465
vt 0.0031 0.1849
vt 0.0241 0.1271
vt 0.0156 0.1743
vt 0.0242 0.1458
vt 0.0401 0.1448
vt 0.0271 0.1628
vt 0.0156 0.1743
vt 0.0031 0.1849
vt 0.0015 0.1472
vt 0.0139 0.1465
vt 0.0013 0.1073
vt 0.0271 0.1628
vt 0.0138 0.117
vt 0.0242 0.1458
vt 0.0401 0.1448
vt 0.0241 0.1271
vt 0.0138 0.117
vt 0.0013 0.1073
vt 0.0015 0.1472
vt 0.0139 0.1465
vt 0.0031 0.1849
vt 0.0241 0.1271
vt 0.0156 0.1743
vt 0.0242 0.1458
vt 0.0401 0.1448
vt 0.0271 0.1628
vt 0.0156 0.1743
vt 0.0031 0.1849
vt 0.0015 0.1472
vt 0.0139 0.1465
vt 0.0013 0.1073
vt 0.0271 0.1628
vt 0.0138 0.117
vt 0.0242 0.1458
vt 0.0401 0.1448
vt 0.0241 0.1271
vt 0.0138 0.117
vt 0.0013 0.1073
vt 0.0015 0.1472
vt 0.0139 0.1465
vt 0.0031 0.1849
vt 0.0241 0.1271
vt 0.0156 0.1743
vt 0.0242 0.1458
vt 0.0401 0.1448
vt 0.0271 0.1628
vt 0.0156 0.1743
vt 0.0031 0.1849
vt 0.0015 0.1472
vt 0.0139 0.1465
vt 0.0013 0.1073
vt 0.0271 0.1628
vt 0.0138 0.117
vt 0.0242 0.1458
vt 0.0401 0.1448
vt 0.0241 0.1271
vt 0.0138 0.117
vt 0.0013 0.1073
vt 0.0015 0.1472
vt 0.0139 0.1465
vt 0.0031 0.1849
vt 0.0241 0.1271
vt 0.0156 0.1743
vt 0.0242 0.1458
vt 0.0401 0.1448
vt 0.0271 0.1628
vt 0.0156 0.1743
vt 0.0031 0.1849
vt 0.0015 0.1472
vt 0.0139 0.1465
vt 0.0013 0.1073
vt 0.0271 0.1628
vt 0.0138 0.117
vt 0.0242 0.1458
vt 0.0401 0.1448
vt 0.0241 0.1271
vt 0.0138 0.117
vt 0.0013 0.1073
vt 0.0015 0.1472
vt 0.0139 0.1465
vt 0.0031 0.1849
vt 0.0241 0.1271
vt 0.0156 0.1743
vt 0.0242 0.1458
vt 0.0401 0.1448
vt 0.0271 0.1628
vt 0.0156 0.1743
vt 0.0031 0.1849
vt 0.0015 0.1472
vt 0.0139 0.1465
vt 0.0013 0.1073
vt 0.0271 0.1628
vt 0.0138 0.117
vt 0.0242 0.1458
vt 0.0401 0.1448
vt 0.0241 0.1271
vt 0.0138 0.117
vt 0.0013 0.1073
vt 0.0015 0.1472
vt 0.0139 0.1465
vt 0.0031 0.1849
vt 0.0241 0.1271
vt 0.0156 0.1743
vt 0.0242 0.1458
vt 0.0401 0.1448
vt 0.0271 0.1628
vt 0.0156 0.1743
vt 0.0031 0.1849
vt 0.0015 0.1472
vt 0.0139 0.1465
vt 0.0013 0.1073
vt 0.0271 0.1628
vt 0.0138 0.117
vt 0.0242 0.1458
vt 0.0401 0.1448
vt 0.0241 0.1271
vt 0.0138 0.117
vt 0.0013 0.1073
vt 0.0015 0.1472
vt 0.0139 0.1465
vt 0.0031 0.1849
vt 0.0241 0.1271
vt 0.0156 0.1743
vt 0.0242 0.1458
vt 0.0401 0.1448
vt 0.0271 0.1628
vt 0.0156 0.1743
vt 0.0031 0.1849
vt 0.0015 0.1472
vt 0.0139 0.1465
vt 0.0013 0.1073
vt 0.0271 0.1628
vt 0.0138 0.117
vt 0.0242 0.1458
vt 0.0401 0.1448
vt 0.0241 0.1271
vt 0.0138 0.117
vt 0.0013 0.1073
vt 0.0015 0.1472
vt 0.0139 0.1465
vt 0.0031 0.1849
vt 0.0241 0.1271
vt 0.0156 0.1743
vt 0.0242 0.1458
vt 0.0401 0.1448
vt 0.0271 0.1628
vt 0.0156 0.1743
vt 0.0031 0.1849
vt 0.0015 0.1472
vt 0.0139 0.1465
vt 0.0013 0.1073
vt 0.0271 0.1628
vt 0.0138 0.117
vt 0.0242 0.1458
vt 0.0401 0.1448
vt 0.0241 0.1271
vt 0.0138 0.117
vt 0.0013 0.1073
vt 0.0015 0.1472
vt 0.0139 0.1465
vt 0.0031 0.1849
vt 0.0241 0.1271
vt 0.0156 0.1743
vt 0.0242 0.1458
vt 0.0401 0.1448
vt 0.0271 0.1628
vt 0.0156 0.1743
vt 0.0031 0.1849
vt 0.0015 0.1472
vt 0.0139 0.1465
vt 0.0013 0.1073
vt 0.0271 0.1628
vt 0.0138 0.117
vt 0.0242 0.1458
vt 0.0401 0.1448
vt 0.0241 0.1271
vt 0.0138 0.117
vt 0.0013 0.1073
vt 0.0015 0.1472
vt 0.0139 0.1465
vt 0.0031 0.1849
vt 0.0241 0.1271
vt 0.0156 0.1743
vt 0.0242 0.1458
vt 0.0401 0.1448
vt 0.0271 0.1628
vt 0.0156 0.1743
vt 0.0031 0.1849
vt 0.0015 0.1472
vt 0.0139 0.1465
vt 0.0013 0.1073
vt 0.0271 0.1628
vt 0.0138 0.117
vt 0.0242 0.1458
vt 0.0401 0.1448
vt 0.0241 0.1271
vt 0.0138 0.117
vt 0.0013 0.1073
vt 0.0015 0.1472
vt 0.0139 0.1465
vt 0.0031 0.1849
vt 0.0241 0.1271
vt 0.0156 0.1743
vt 0.0242 0.1458
vt 0.0401 0.1448
vt 0.0271 0.1628
vt 0.0156 0.1743
vt 0.0031 0.1849
vt 0.0015 0.1472
vt 0.0139 0.1465
vt 0.0013 0.1073
vt 0.0271 0.1628
vt 0.0138 0.117
vt 0.0242 0.1458
vt 0.0401 0.1448
vt 0.0241 0.1271
vt 0.0138 0.117
vt 0.0013 0.1073
vt 0.0015 0.1472
vt 0.0139 0.1465
vt 0.0031 0.1849
vt 0.0241 0.1271
vt 0.0156 0.1743
vt 0.0242 0.1458
vt 0.0401 0.1448
vt 0.0271 0.1628
vt 0.0156 0.1743
vt 0.0031 0.1849
vt 0.0015 0.1472
vt 0.0139 0.1465
vt 0.0013 0.1073
vt 0.0271 0.1628
vt 0.0138 0.117
vt 0.0242 0.1458
vt 0.0401 0.1448
vt 0.0241 0.1271
vt 0.0138 0.117
vt 0.0013 0.1073
vt 0.0015 0.1472
vt 0.0139 0.1465
vt 0.0031 0.1849
vt 0.0241 0.1271
vt 0.0156 0.1743
vt 0.0242 0.1458
vt 0.0401 0.1448
vt 0.0271 0.1628
vt 0.0156 0.1743
vt 0.0031 0.1849
vt 0.0015 0.1472
vt 0.0139 0.1465
vt 0.0013 0.1073
vt 0.0271 0.1628
vt 0.0138 0.117
vt 0.0242 0.1458
vt 0.0401 0.1448
vt 0.0241 0.1271
vt 0.0138 0.117
vt 0.0013 0.1073
vt 0.0015 0.1472
vt 0.0139 0.1465
vt 0.0031 0.1849
vt 0.0241 0.1271
vt 0.0156 0.1743
vt 0.0242 0.1458
vt 0.0401 0.1448
vt 0.0271 0.1628
vt 0.0156 0.1743
vt 0.0031 0.1849
vt 0.0015 0.1472
vt 0.0139 0.1465
vt 0.0013 0.1073
vt 0.0271 0.1628
vt 0.0138 0.117
vt 0.0242 0.1458
vt 0.0401 0.1448
vt 0.0241 0.1271
vt 0.0138 0.117
vt 0.0013 0.1073
vt 0.0015 0.1472
vt 0.0139 0.1465
vt 0.0031 0.1849
vt 0.0241 0.1271
vt 0.0156 0.1743
vt 0.0242 0.1458
vt 0.0401 0.1448
vt 0.0271 0.1628
vt 0.0156 0.1743
vt 0.0031 0.1849
vt 0.0015 0.1472
vt 0.0139 0.1465
vt 0.0013 0.1073
vt 0.0271 0.1628
vt 0.0138 0.117
vt 0.0242 0.1458
vt 0.0401 0.1448
vt 0.0241 0.1271
vt 0.0138 0.117
vt 0.0013 0.1073
vt 0.0015 0.1472
vt 0.0139 0.1465
vt 0.0031 0.1849
vt 0.0241 0.1271
vt 0.0156 0.1743
vt 0.0242 0.1458
vt 0.0401 0.1448
vt 0.0271 0.1628
vt 0.0156 0.1743
vt 0.0031 0.1849
vt 0.0015 0.1472
vt 0.0139 0.1465
vt 0.0013 0.1073
vt 0.0271 0.1628
vt 0.0138 0.117
vt 0.0242 0.1458
vt 0.0401 0.1448
vt 0.0241 0.1271
vt 0.0138 0.117
vt 0.0013 0.1073
vt 0.0015 0.1472
vt 0.0139 0.1465
vt 0.0031 0.1849
vt 0.0241 0.1271
vt 0.0156 0.1743
vt 0.0242 0.1458
vt 0.0401 0.1448
vt 0.0271 0.1628
vt 0.0156 0.1743
vt 0.0031 0.1849
vt 0.0015 0.1472
vt 0.0139 0.1465
vt 0.0013 0.1073
vt 0.0271 0.1628
vt 0.0138 0.117
vt 0.0242 0.1458
vt 0.0401 0.1448
vt 0.0241 0.1271
vt 0.0138 0.117
vt 0.0013 0.1073
vt 0.0015 0.1472
vt 0.0139 0.1465
vt 0.0031 0.1849
vt 0.0241 0.1271
vt 0.0156 0.1743
vt 0.0242 0.1458
vt 0.0401 0.1448
vt 0.0271 0.1628
vt 0.0156 0.1743
vt 0.0031 0.1849
vt 0.0015 0.1472
vt 0.0139 0.1465
vt 0.0013 0.1073
vt 0.0271 0.1628
vt 0.0138 0.117
vt 0.0242 0.1458
vt 0.0401 0.1448
vt 0.0241 0.1271
vt 0.0138 0.117
vt 0.0013 0.1073
vt 0.0015 0.1472
vt 0.0139 0.1465
vt 0.0031 0.1849
vt 0.0241 0.1271
vt 0.0156 0.1743
vt 0.0242 0.1458
vt 0.0401 0.1448
vt 0.0271 0.1628
vt 0.0156 0.1743
vt 0.0031 0.1849
vt 0.0015 0.1472
vt 0.0139 0.1465
vt 0.0013 0.1073
vt 0.0271 0.1628
vt 0.0138 0.117
vt 0.0242 0.1458
vt 0.0401 0.1448
vt 0.0241 0.1271
vt 0.0138 0.117
vt 0.0013 0.1073
vt 0.0015 0.1472
vt 0.0139 0.1465
vt 0.0031 0.1849
vt 0.0241 0.1271
vt 0.0156 0.1743
vt 0.0242 0.1458
vt 0.0401 0.1448
vt 0.0271 0.1628
vt 0.0156 0.1743
vt 0.0031 0.1849
vt 0.0015 0.1472
vt 0.0139 0.1465
vt 0.0013 0.1073
vt 0.0271 0.1628
vt 0.0138 0.117
vt 0.0242 0.1458
vt 0.0401 0.1448
vt 0.0241 0.1271
vt 0.0138 0.117
vt 0.0013 0.1073
vt 0.0015 0.1472
vt 0.0139 0.1465
vt 0.0031 0.1849
vt 0.0241 0.1271
vt 0.0156 0.1743
vt 0.0242 0.1458
vt 0.0401 0.1448
vt 0.0271 0.1628
vt 0.0156 0.1743
vt 0.0031 0.1849
vt 0.0015 0.1472
vt 0.0139 0.1465
vt 0.0013 0.1073
vt 0.0271 0.1628
vt 0.0138 0.117
vt 0.0242 0.1458
vt 0.0401 0.1448
vt 0.0241 0.1271
vt 0.0138 0.117
vt 0.0013 0.1073
vt 0.0015 0.1472
vt 0.0139 0.1465
vt 0.0031 0.1849
vt 0.0241 0.1271
vt 0.0156 0.1743
vt 0.0242 0.1458
vt 0.0401 0.1448
vt 0.0271 0.1628
vt 0.0156 0.1743
vt 0.0031 0.1849
vt 0.0015 0.1472
vt 0.0139 0.1465
vt 0.0013 0.1073
vt 0.0271 0.1628
vt 0.0138 0.117
vt 0.0242 0.1458
vt 0.0401 0.1448
vt 0.0241 0.1271
vt 0.0138 0.117
vt 0.0013 0.1073
vt 0.0015 0.1472
vt 0.0139 0.1465
vt 0.0031 0.1849
vt 0.0241 0.1271
vt 0.0156 0.1743
vt 0.0242 0.1458
vt 0.0401 0.1448
vt 0.0271 0.1628
vt 0.0156 0.1743
vt 0.0031 0.1849
vt 0.0015 0.1472
vt 0.0139 0.1465
vt 0.0013 0.1073
vt 0.0271 0.1628
vt 0.0138 0.117
vt 0.0242 0.1458
vt 0.0401 0.1448
vt 0.0241 0.1271
vt 0.0138 0.117
vt 0.0013 0.1073
vt 0.0015 0.1472
vt 0.0139 0.1465
vt 0.0031 0.1849
vt 0.0241 0.1271
vt 0.0156 0.1743
vt 0.0242 0.1458
vt 0.0401 0.1448
vt 0.0271 0.1628
vt 0.0156 0.1743
vt 0.0031 0.1849
vt 0.0015 0.1472
vt 0.0139 0.1465
vt 0.0013 0.1073
vt 0.0271 0.1628
vt 0.0138 0.117
vt 0.0242 0.1458
vt 0.0401 0.1448
vt 0.0241 0.1271
vt 0.0138 0.117
vt 0.0013 0.1073
vt 0.0015 0.1472
vt 0.0139 0.1465
vt 0.0031 0.1849
vt 0.0241 0.1271
vt 0.0156 0.1743
vt 0.0242 0.1458
vt 0.0401 0.1448
vt 0.0271 0.1628
vt 0.0156 0.1743
vt 0.0031 0.1849
vt 0.0015 0.1472
vt 0.0139 0.1465
vt 0.0013 0.1073
vt 0.0271 0.1628
vt 0.0138 0.117
vt 0.0242 0.1458
vt 0.0401 0.1448
vt 0.0241 0.1271
vt 0.0015 0.1472
vt 0.0013 0.1073
vt 0.0138 0.117
vt 0.0139 0.1465
vt 0.0031 0.1849
vt 0.0241 0.1271
vt 0.0156 0.1743
vt 0.0242 0.1458
vt 0.0401 0.1448
vt 0.0271 0.1628
vt 0.0015 0.1472
vt 0.0031 0.1849
vt 0.0156 0.1743
vt 0.0139 0.1465
vt 0.0013 0.1073
vt 0.0271 0.1628
vt 0.0138 0.117
vt 0.0242 0.1458
vt 0.0401 0.1448
vt 0.0241 0.1271
vt 0.0015 0.1472
vt 0.0013 0.1073
vt 0.0138 0.117
vt 0.0139 0.1465
vt 0.0031 0.1849
vt 0.0241 0.1271
vt 0.0156 0.1743
vt 0.0242 0.1458
vt 0.0401 0.1448
vt 0.0271 0.1628
vt 0.0015 0.1472
vt 0.0031 0.1849
vt 0.0156 0.1743
vt 0.0139 0.1465
vt 0.0013 0.1073
vt 0.0271 0.1628
vt 0.0138 0.117
vt 0.0242 0.1458
vt 0.0401 0.1448
vt 0.0241 0.1271
vt 0.0015 0.1472
vt 0.0013 0.1073
vt 0.0138 0.117
vt 0.0139 0.1465
vt 0.0031 0.1849
vt 0.0241 0.1271
vt 0.0156 0.1743
vt 0.0242 0.1458
vt 0.0401 0.1448
vt 0.0271 0.1628
vt 0.0015 0.1472
vt 0.0031 0.1849
vt 0.0156 0.1743
vt 0.0139 0.1465
vt 0.0013 0.1073
vt 0.0271 0.1628
vt 0.0138 0.117
vt 0.0242 0.1458
vt 0.0401 0.1448
vt 0.0241 0.1271
vt 0.0015 0.1472
vt 0.0013 0.1073
vt 0.0138 0.117
vt 0.0139 0.1465
vt 0.0031 0.1849
vt 0.0241 0.1271
vt 0.0156 0.1743
vt 0.0242 0.1458
vt 0.0401 0.1448
vt 0.0271 0.1628
vt 0.0015 0.1472
vt 0.0031 0.1849
vt 0.0156 0.1743
vt 0.0139 0.1465
vt 0.0013 0.1073
vt 0.0271 0.1628
vt 0.0138 0.117
vt 0.0242 0.1458
vt 0.0401 0.1448
vt 0.0241 0.1271
vt 0.0015 0.1472
vt 0.0013 0.1073
vt 0.0138 0.117
vt 0.0139 0.1465
vt 0.0031 0.1849
vt 0.0241 0.1271
vt 0.0156 0.1743
vt 0.0242 0.1458
vt 0.0401 0.1448
vt 0.0271 0.1628
vt 0.0015 0.1472
vt 0.0031 0.1849
vt 0.0156 0.1743
vt 0.0139 0.1465
vt 0.0013 0.1073
vt 0.0271 0.1628
vt 0.0138 0.117
vt 0.0242 0.1458
vt 0.0401 0.1448
vt 0.0241 0.1271
vt 0.0015 0.1472
vt 0.0013 0.1073
vt 0.0138 0.117
vt 0.0139 0.1465
vt 0.0031 0.1849
vt 0.0241 0.1271
vt 0.0156 0.1743
vt 0.0242 0.1458
vt 0.0401 0.1448
vt 0.0271 0.1628
vt 0.0015 0.1472
vt 0.0031 0.1849
vt 0.0156 0.1743
vt 0.0139 0.1465
vt 0.0013 0.1073
vt 0.0271 0.1628
vt 0.0138 0.117
vt 0.0242 0.1458
vt 0.0401 0.1448
vt 0.0241 0.1271
vt 0.0015 0.1472
vt 0.0013 0.1073
vt 0.0138 0.117
vt 0.0139 0.1465
vt 0.0031 0.1849
vt 0.0241 0.1271
vt 0.0156 0.1743
vt 0.0242 0.1458
vt 0.0401 0.1448
vt 0.0271 0.1628
vt 0.0015 0.1472
vt 0.0031 0.1849
vt 0.0156 0.1743
vt 0.0139 0.1465
vt 0.0013 0.1073
vt 0.0271 0.1628
vt 0.0138 0.117
vt 0.0242 0.1458
vt 0.0401 0.1448
vt 0.0241 0.1271
vt 0.0015 0.1472
vt 0.0013 0.1073
vt 0.0138 0.117
vt 0.0139 0.1465
vt 0.0031 0.1849
vt 0.0241 0.1271
vt 0.0156 0.1743
vt 0.0242 0.1458
vt 0.0401 0.1448
vt 0.0271 0.1628
vt 0.0015 0.1472
vt 0.0031 0.1849
vt 0.0156 0.1743
vt 0.0139 0.1465
vt 0.0013 0.1073
vt 0.0271 0.1628
vt 0.0138 0.117
vt 0.0242 0.1458
vt 0.0401 0.1448
vt 0.0241 0.1271
vt 0.0015 0.1472
vt 0.0013 0.1073
vt 0.0138 0.117
vt 0.0139 0.1465
vt 0.0031 0.1849
vt 0.0241 0.1271
vt 0.0156 0.1743
vt 0.0242 0.1458
vt 0.0401 0.1448
vt 0.0271 0.1628
vt 0.0015 0.1472
vt 0.0031 0.1849
vt 0.0156 0.1743
vt 0.0139 0.1465
vt 0.0013 0.1073
vt 0.0271 0.1628
vt 0.0138 0.117
vt 0.0242 0.1458
vt 0.0401 0.1448
vt 0.0241 0.1271
vt 0.0015 0.1472
vt 0.0013 0.1073
vt 0.0138 0.117
vt 0.0139 0.1465
vt 0.0031 0.1849
vt 0.0241 0.1271
vt 0.0156 0.1743
vt 0.0242 0.1458
vt 0.0401 0.1448
vt 0.0271 0.1628
vt 0.0015 0.1472
vt 0.0031 0.1849
vt 0.0156 0.1743
vt 0.0139 0.1465
vt 0.0013 0.1073
vt 0.0271 0.1628
vt 0.0138 0.117
vt 0.0242 0.1458
vt 0.0401 0.1448
vt 0.0241 0.1271
vt 0.0015 0.1472
vt 0.0013 0.1073
vt 0.0138 0.117
vt 0.0139 0.1465
vt 0.0031 0.1849
vt 0.0241 0.1271
vt 0.0156 0.1743
vt 0.0242 0.1458
vt 0.0401 0.1448
vt 0.0271 0.1628
vt 0.0015 0.1472
vt 0.0031 0.1849
vt 0.0156 0.1743
vt 0.0139 0.1465
vt 0.0013 0.1073
vt 0.0271 0.1628
vt 0.0138 0.117
vt 0.0242 0.1458
vt 0.0401 0.1448
vt 0.0241 0.1271
vt 0.0015 0.1472
vt 0.0013 0.1073
vt 0.0138 0.117
vt 0.0139 0.1465
vt 0.0031 0.1849
vt 0.0241 0.1271
vt 0.0156 0.1743
vt 0.0242 0.1458
vt 0.0401 0.1448
vt 0.0271 0.1628
vt 0.0015 0.1472
vt 0.0031 0.1849
vt 0.0156 0.1743
vt 0.0139 0.1465
vt 0.0013 0.1073
vt 0.0271 0.1628
vt 0.0138 0.117
vt 0.0242 0.1458
vt 0.0401 0.1448
vt 0.0241 0.1271
vt 0.0015 0.1472
vt 0.0013 0.1073
vt 0.0138 0.117
vt 0.0139 0.1465
vt 0.0031 0.1849
vt 0.0241 0.1271
vt 0.0156 0.1743
vt 0.0242 0.1458
vt 0.0401 0.1448
vt 0.0271 0.1628
vt 0.0015 0.1472
vt 0.0031 0.1849
vt 0.0156 0.1743
vt 0.0139 0.1465
vt 0.0013 0.1073
vt 0.0271 0.1628
vt 0.0138 0.117
vt 0.0242 0.1458
vt 0.0401 0.1448
vt 0.0241 0.1271
vt 0.0015 0.1472
vt 0.0013 0.1073
vt 0.0138 0.117
vt 0.0139 0.1465
vt 0.0031 0.1849
vt 0.0241 0.1271
vt 0.0156 0.1743
vt 0.0242 0.1458
vt 0.0401 0.1448
vt 0.0271 0.1628
vt 0.0015 0.1472
vt 0.0031 0.1849
vt 0.0156 0.1743
vt 0.0139 0.1465
vt 0.0013 0.1073
vt 0.0271 0.1628
vt 0.0138 0.117
vt 0.0242 0.1458
vt 0.0401 0.1448
vt 0.0241 0.1271
vt 0.0015 0.1472
vt 0.0013 0.1073
vt 0.0138 0.117
vt 0.0139 0.1465
vt 0.0031 0.1849
vt 0.0241 0.1271
vt 0.0156 0.1743
vt 0.0242 0.1458
vt 0.0401 0.1448
vt 0.0271 0.1628
vt 0.0015 0.1472
vt 0.0031 0.1849
vt 0.0156 0.1743
vt 0.0139 0.1465
vt 0.0013 0.1073
vt 0.0271 0.1628
vt 0.0138 0.117
vt 0.0242 0.1458
vt 0.0401 0.1448
vt 0.0241 0.1271
vt 0.0015 0.1472
vt 0.0013 0.1073
vt 0.0138 0.117
vt 0.0139 0.1465
vt 0.0031 0.1849
vt 0.0241 0.1271
vt 0.0156 0.1743
vt 0.0242 0.1458
vt 0.0401 0.1448
vt 0.0271 0.1628
vt 0.0015 0.1472
vt 0.0031 0.1849
vt 0.0156 0.1743
vt 0.0139 0.1465
vt 0.0013 0.1073
vt 0.0271 0.1628
vt 0.0138 0.117
vt 0.0242 0.1458
vt 0.0401 0.1448
vt 0.0241 0.1271
vt 0.0015 0.1472
vt 0.0013 0.1073
vt 0.0138 0.117
vt 0.0139 0.1465
vt 0.0031 0.1849
vt 0.0241 0.1271
vt 0.0156 0.1743
vt 0.0242 0.1458
vt 0.0401 0.1448
vt 0.0271 0.1628
vt 0.0015 0.1472
vt 0.0031 0.1849
vt 0.0156 0.1743
vt 0.0139 0.1465
vt 0.0013 0.1073
vt 0.0271 0.1628
vt 0.0138 0.117
vt 0.0242 0.1458
vt 0.0401 0.1448
vt 0.0241 0.1271
vt 0.0015 0.1472
vt 0.0013 0.1073
vt 0.0138 0.117
vt 0.0139 0.1465
vt 0.0031 0.1849
vt 0.0241 0.1271
vt 0.0156 0.1743
vt 0.0242 0.1458
vt 0.0401 0.1448
vt 0.0271 0.1628
vt 0.0015 0.1472
vt 0.0031 0.1849
vt 0.0156 0.1743
vt 0.0139 0.1465
vt 0.0013 0.1073
vt 0.0271 0.1628
vt 0.0138 0.117
vt 0.0242 0.1458
vt 0.0401 0.1448
vt 0.0241 0.1271
vt 0.0015 0.1472
vt 0.0013 0.1073
vt 0.0138 0.117
vt 0.0139 0.1465
vt 0.0031 0.1849
vt 0.0241 0.1271
vt 0.0156 0.1743
vt 0.0242 0.1458
vt 0.0401 0.1448
vt 0.0271 0.1628
vt 0.0015 0.1472
vt 0.0031 0.1849
vt 0.0156 0.1743
vt 0.0139 0.1465
vt 0.0013 0.1073
vt 0.0271 0.1628
vt 0.0138 0.117
vt 0.0242 0.1458
vt 0.0401 0.1448
vt 0.0241 0.1271
vt 0.0015 0.1472
vt 0.0013 0.1073
vt 0.0138 0.117
vt 0.0139 0.1465
vt 0.0031 0.1849
vt 0.0241 0.1271
vt 0.0156 0.1743
vt 0.0242 0.1458
vt 0.0401 0.1448
vt 0.0271 0.1628
vt 0.0015 0.1472
vt 0.0031 0.1849
vt 0.0156 0.1743
vt 0.0139 0.1465
vt 0.0013 0.1073
vt 0.0271 0.1628
vt 0.0138 0.117
vt 0.0242 0.1458
vt 0.0401 0.1448
vt 0.0241 0.1271
vt 0.0015 0.1472
vt 0.0013 0.1073
vt 0.0138 0.117
vt 0.0139 0.1465
vt 0.0031 0.1849
vt 0.0241 0.1271
vt 0.0156 0.1743
vt 0.0242 0.1458
vt 0.0401 0.1448
vt 0.0271 0.1628
vt 0.0015 0.1472
vt 0.0031 0.1849
vt 0.0156 0.1743
vt 0.0139 0.1465
vt 0.0013 0.1073
vt 0.0271 0.1628
vt 0.0138 0.117
vt 0.0242 0.1458
vt 0.0401 0.1448
vt 0.0241 0.1271
vt 0.0015 0.1472
vt 0.0013 0.1073
vt 0.0138 0.117
vt 0.0139 0.1465
vt 0.0031 0.1849
vt 0.0241 0.1271
vt 0.0156 0.1743
vt 0.0242 0.1458
vt 0.0401 0.1448
vt 0.0271 0.1628
vt 0.0015 0.1472
vt 0.0031 0.1849
vt 0.0156 0.1743
vt 0.0139 0.1465
vt 0.0013 0.1073
vt 0.0271 0.1628
vt 0.0138 0.117
vt 0.0242 0.1458
vt 0.0401 0.1448
vt 0.0241 0.1271
vt 0.0015 0.1472
vt 0.0013 0.1073
vt 0.0138 0.117
vt 0.0139 0.1465
vt 0.0031 0.1849
vt 0.0241 0.1271
vt 0.0156 0.1743
vt 0.0242 0.1458
vt 0.0401 0.1448
vt 0.0271 0.1628
vt 0.0015 0.1472
vt 0.0031 0.1849
vt 0.0156 0.1743
vt 0.0139 0.1465
vt 0.0013 0.1073
vt 0.0271 0.1628
vt 0.0138 0.117
vt 0.0242 0.1458
vt 0.0401 0.1448
vt 0.0241 0.1271
vt 0.0015 0.1472
vt 0.0013 0.1073
vt 0.0138 0.117
vt 0.0139 0.1465
vt 0.0031 0.1849
vt 0.0241 0.1271
vt 0.0156 0.1743
vt 0.0242 0.1458
vt 0.0401 0.1448
vt 0.0271 0.1628
vt 0.0015 0.1472
vt 0.0031 0.1849
vt 0.0156 0.1743
vt 0.0139 0.1465
vt 0.0013 0.1073
vt 0.0271 0.1628
vt 0.0138 0.117
vt 0.0242 0.1458
vt 0.0401 0.1448
vt 0.0241 0.1271
vt 0.0015 0.1472
vt 0.0013 0.1073
vt 0.0138 0.117
vt 0.0139 0.1465
vt 0.0031 0.1849
vt 0.0241 0.1271
vt 0.0156 0.1743
vt 0.0242 0.1458
vt 0.0401 0.1448
vt 0.0271 0.1628
vt 0.0015 0.1472
vt 0.0031 0.1849
vt 0.0156 0.1743
vt 0.0139 0.1465
vt 0.0013 0.1073
vt 0.0271 0.1628
vt 0.0138 0.117
vt 0.0242 0.1458
vt 0.0401 0.1448
vt 0.0241 0.1271
vt 0.0015 0.1472
vt 0.0013 0.1073
vt 0.0138 0.117
vt 0.0139 0.1465
vt 0.0031 0.1849
vt 0.0241 0.1271
vt 0.0156 0.1743
vt 0.0242 0.1458
vt 0.0401 0.1448
vt 0.0271 0.1628
vt 0.0015 0.1472
vt 0.0031 0.1849
vt 0.0156 0.1743
vt 0.0139 0.1465
vt 0.0013 0.1073
vt 0.0271 0.1628
vt 0.0138 0.117
vt 0.0242 0.1458
vt 0.0401 0.1448
vt 0.0241 0.1271
vt 0.0015 0.1472
vt 0.0013 0.1073
vt 0.0138 0.117
vt 0.0139 0.1465
vt 0.0031 0.1849
vt 0.0241 0.1271
vt 0.0156 0.1743
vt 0.0242 0.1458
vt 0.0401 0.1448
vt 0.0271 0.1628
vt 0.0015 0.1472
vt 0.0031 0.1849
vt 0.0156 0.1743
vt 0.0139 0.1465
vt 0.0013 0.1073
vt 0.0271 0.1628
vt 0.0138 0.117
vt 0.0242 0.1458
vt 0.0401 0.1448
vt 0.0241 0.1271
vt 0.0015 0.1472
vt 0.0013 0.1073
vt 0.0138 0.117
vt 0.0139 0.1465
vt 0.0031 0.1849
vt 0.0241 0.1271
vt 0.0156 0.1743
vt 0.0242 0.1458
vt 0.0401 0.1448
vt 0.0271 0.1628
vt 0.0015 0.1472
vt 0.0031 0.1849
vt 0.0156 0.1743
vt 0.0139 0.1465
vt 0.0013 0.1073
vt 0.0271 0.1628
vt 0.0138 0.117
vt 0.0242 0.1458
vt 0.0401 0.1448
vt 0.0241 0.1271
vt 0.0015 0.1472
vt 0.0013 0.1073
vt 0.0138 0.117
vt 0.0139 0.1465
vt 0.0031 0.1849
vt 0.0241 0.1271
vt 0.0156 0.1743
vt 0.0242 0.1458
vt 0.0401 0.1448
vt 0.0271 0.1628
vt 0.0015 0.1472
vt 0.0031 0.1849
vt 0.0156 0.1743
vt 0.0139 0.1465
vt 0.0013 0.1073
vt 0.0271 0.1628
vt 0.0138 0.117
vt 0.0242 0.1458
vt 0.0401 0.1448
vt 0.0241 0.1271
vt 0.0015 0.1472
vt 0.0013 0.1073
vt 0.0138 0.117
vt 0.0139 0.1465
vt 0.0031 0.1849
vt 0.0241 0.1271
vt 0.0156 0.1743
vt 0.0242 0.1458
vt 0.0401 0.1448
vt 0.0271 0.1628
vt 0.0015 0.1472
vt 0.0031 0.1849
vt 0.0156 0.1743
vt 0.0139 0.1465
vt 0.0013 0.1073
vt 0.0271 0.1628
vt 0.0138 0.117
vt 0.0242 0.1458
vt 0.0401 0.1448
vt 0.0241 0.1271
vt 0.1129 0.9917
vt 0.0597 0.9878
vt 0.0591 0.932
vt 0.1132 0.9286
vt 0.1603 0.9939
vt 0.1606 0.9267
vt 0.1938 0.99
vt 0.1938 0.9272
vt 0.2219 0.9866
vt 0.2228 0.9323
vt 0.0592 0.9878
vt 0.1237 0.9287
vt 0.0586 0.932
vt 0.1234 0.9917
vt 0.1752 0.928
vt 0.1752 0.9938
vt 0.2219 0.9323
vt 0.221 0.9867
vt 0.2219 0.9323
vt 0.221 0.9867
vt 0.221 0.9867
vt 0.1752 0.928
vt 0.2219 0.9323
vt 0.1752 0.9938
vt 0.1237 0.9287
vt 0.1234 0.9917
vt 0.0586 0.932
vt 0.0592 0.9878
vt 0.0597 0.9878
vt 0.1132 0.9286
vt 0.0591 0.932
vt 0.1129 0.9917
vt 0.1606 0.9267
vt 0.1603 0.9939
vt 0.1938 0.9272
vt 0.1938 0.99
vt 0.2228 0.9323
vt 0.2219 0.9866
vt 0.514 0.9886
vt 0.7481 0.9883
vt 0.7531 0.9283
vt 0.508 0.9275
vt 0.514 0.9886
vt 0.7481 0.9883
vt 0.7531 0.9283
vt 0.508 0.9275
vt 0.514 0.9886
vt 0.7481 0.9883
vt 0.7531 0.9283
vt 0.508 0.9275
vt 0.7481 0.9883
vt 0.514 0.9886
vt 0.508 0.9275
vt 0.7531 0.9283
vt 0.7481 0.9883
vt 0.514 0.9886
vt 0.508 0.9275
vt 0.7531 0.9283
vt 0.7481 0.9883
vt 0.514 0.9886
vt 0.508 0.9275
vt 0.7531 0.9283
vt 0.7481 0.9883
vt 0.514 0.9886
vt 0.508 0.9275
vt 0.7531 0.9283
vt 0.514 0.9886
vt 0.7481 0.9883
vt 0.7531 0.9283
vt 0.508 0.9275
vt 0.514 0.9886
vt 0.7481 0.9883
vt 0.7531 0.9283
vt 0.508 0.9275
vt 0.514 0.9886
vt 0.7481 0.9883
vt 0.7531 0.9283
vt 0.508 0.9275
vt 0.514 0.9886
vt 0.7481 0.9883
vt 0.7531 0.9283
vt 0.508 0.9275
vt 0.7481 0.9883
vt 0.514 0.9886
vt 0.508 0.9275
vt 0.7531 0.9283
vt 0.7481 0.9883
vt 0.514 0.9886
vt 0.508 0.9275
vt 0.7531 0.9283
vt 0.7481 0.9883
vt 0.514 0.9886
vt 0.508 0.9275
vt 0.7531 0.9283
vt 0.7481 0.9883
vt 0.514 0.9886
vt 0.508 0.9275
vt 0.7531 0.9283
vt 0.0425 0.09
vt 0.0384 0.0902
vt 0.0384 0.0027
vt 0.0425 0.0027
vt 0.0621 0.0898
vt 0.0621 0.0027
vt 0.0937 0.0897
vt 0.0937 0.0027
vt 0.132 0.0896
vt 0.132 0.0027
vt 0.1703 0.0897
vt 0.1703 0.0027
vt 0.202 0.0898
vt 0.202 0.0027
vt 0.2216 0.09
vt 0.2216 0.0027
vt 0.2257 0.0902
vt 0.2257 0.0027
vt 0.0334 0.9231
vt 0.0378 0.9956
vt 0.0334 0.9956
vt 0.0378 0.9231
vt 0.0588 0.9956
vt 0.0588 0.923
vt 0.0928 0.9956
vt 0.0928 0.923
vt 0.1339 0.9956
vt 0.1339 0.923
vt 0.175 0.9956
vt 0.175 0.923
vt 0.2091 0.9956
vt 0.2091 0.923
vt 0.2301 0.9956
vt 0.2301 0.9231
vt 0.2345 0.9956
vt 0.2345 0.9231
vt 0.0384 0.0902
vt 0.0505 0.0027
vt 0.0384 0.0027
vt 0.0505 0.0905
vt 0.0767 0.0028
vt 0.0767 0.0906
vt 0.1125 0.0028
vt 0.1125 0.0907
vt 0.1516 0.0028
vt 0.1516 0.0907
vt 0.1874 0.0028
vt 0.1874 0.0906
vt 0.2136 0.0027
vt 0.2136 0.0905
vt 0.2257 0.0027
vt 0.2257 0.0902
vt 0.0464 0.9231
vt 0.0334 0.9231
vt 0.0334 0.9956
vt 0.0464 0.9956
vt 0.0745 0.9231
vt 0.0745 0.9956
vt 0.1129 0.9231
vt 0.1129 0.9956
vt 0.1549 0.9231
vt 0.1549 0.9956
vt 0.1933 0.9231
vt 0.1933 0.9956
vt 0.2215 0.9231
vt 0.2215 0.9956
vt 0.2345 0.9231
vt 0.2345 0.9956
vt 0.514 0.9886
vt 0.7481 0.9883
vt 0.7531 0.9283
vt 0.508 0.9275
vt 0.514 0.9886
vt 0.7481 0.9883
vt 0.7531 0.9283
vt 0.508 0.9275
vt 0.514 0.9886
vt 0.7481 0.9883
vt 0.7531 0.9283
vt 0.508 0.9275
vt 0.7481 0.9883
vt 0.514 0.9886
vt 0.508 0.9275
vt 0.7531 0.9283
vt 0.7481 0.9883
vt 0.514 0.9886
vt 0.508 0.9275
vt 0.7531 0.9283
vt 0.7481 0.9883
vt 0.514 0.9886
vt 0.508 0.9275
vt 0.7531 0.9283
vt 0.7481 0.9883
vt 0.514 0.9886
vt 0.508 0.9275
vt 0.7531 0.9283
vt 0.514 0.9886
vt 0.7481 0.9883
vt 0.7531 0.9283
vt 0.508 0.9275
vt 0.514 0.9886
vt 0.7481 0.9883
vt 0.7531 0.9283
vt 0.508 0.9275
vt 0.514 0.9886
vt 0.7481 0.9883
vt 0.7531 0.9283
vt 0.508 0.9275
vt 0.7481 0.9883
vt 0.514 0.9886
vt 0.508 0.9275
vt 0.7531 0.9283
vt 0.7481 0.9883
vt 0.514 0.9886
vt 0.508 0.9275
vt 0.7531 0.9283
vt 0.7481 0.9883
vt 0.514 0.9886
vt 0.508 0.9275
vt 0.7531 0.9283
vt 0.7481 0.9883
vt 0.514 0.9886
vt 0.508 0.9275
vt 0.7531 0.9283
vt 0.514 0.9886
vt 0.7481 0.9883
vt 0.7531 0.9283
vt 0.508 0.9275
vt 0.2531 0.0073
vt 0.5091 0.0072
vt 0.5047 0.0883
vt 0.2578 0.083
vt 0.2531 0.0073
vt 0.5091 0.0072
vt 0.5047 0.0883
vt 0.2578 0.083
vt 0.2531 0.0073
vt 0.5091 0.0072
vt 0.5047 0.0883
vt 0.2578 0.083
vt 0.5091 0.0072
vt 0.2531 0.0073
vt 0.2578 0.083
vt 0.5047 0.0883
vt 0.5091 0.0072
vt 0.2531 0.0073
vt 0.2578 0.083
vt 0.5047 0.0883
vt 0.5091 0.0072
vt 0.2531 0.0073
vt 0.2578 0.083
vt 0.5047 0.0883
vt 0.5091 0.0072
vt 0.2531 0.0073
vt 0.2578 0.083
vt 0.5047 0.0883
vt 0.2531 0.0073
vt 0.5091 0.0072
vt 0.5047 0.0883
vt 0.2578 0.083
vt 0.2531 0.0073
vt 0.5091 0.0072
vt 0.5047 0.0883
vt 0.2578 0.083
vt 0.2531 0.0073
vt 0.5091 0.0072
vt 0.5047 0.0883
vt 0.2578 0.083
vt 0.5091 0.0072
vt 0.2531 0.0073
vt 0.2578 0.083
vt 0.5047 0.0883
vt 0.5091 0.0072
vt 0.2531 0.0073
vt 0.2578 0.083
vt 0.5047 0.0883
vt 0.5091 0.0072
vt 0.2531 0.0073
vt 0.2578 0.083
vt 0.5047 0.0883
vt 0.5091 0.0072
vt 0.2531 0.0073
vt 0.2578 0.083
vt 0.5047 0.0883
vt 0.2531 0.0073
vt 0.5091 0.0072
vt 0.5047 0.0883
vt 0.2578 0.083
vt 0.1877 0.9235
vt 0.1877 0.9969
vt 0.1786 0.9957
vt 0.1781 0.925
vt 0.1589 0.9932
vt 0.1589 0.9267
vt 0.1326 0.9904
vt 0.1326 0.9301
vt 0.1038 0.9883
vt 0.1043 0.9311
vt 0.0775 0.9912
vt 0.0775 0.9278
vt 0.0582 0.9943
vt 0.0584 0.9255
vt 0.05 0.9969
vt 0.05 0.9235
vt 0.1854 0.9235
vt 0.1877 0.9969
vt 0.1877 0.9235
vt 0.1854 0.9969
vt 0.171 0.925
vt 0.171 0.995
vt 0.1477 0.9278
vt 0.1477 0.9912
vt 0.1201 0.9311
vt 0.1196 0.9883
vt 0.0914 0.9301
vt 0.0914 0.9904
vt 0.0681 0.9267
vt 0.0681 0.9932
vt 0.0537 0.9247
vt 0.0537 0.9953
vt 0.05 0.9235
vt 0.05 0.9969
vt 0.5122 0.0832
vt 0.5086 0.008
vt 0.7552 0.008
vt 0.7485 0.0823
vt 0.7485 0.0823
vt 0.7552 0.008
vt 0.5086 0.008
vt 0.5122 0.0832
vt 0.5122 0.0832
vt 0.5086 0.008
vt 0.7552 0.008
vt 0.7485 0.0823
vt 0.7485 0.0823
vt 0.7552 0.008
vt 0.5086 0.008
vt 0.5122 0.0832
vt 0.7485 0.0823
vt 0.7552 0.008
vt 0.5086 0.008
vt 0.5122 0.0832
vt 0.5122 0.0832
vt 0.5086 0.008
vt 0.7552 0.008
vt 0.7485 0.0823
vt 0.7485 0.0823
vt 0.7552 0.008
vt 0.5086 0.008
vt 0.5122 0.0832
vt 0.5122 0.0832
vt 0.5086 0.008
vt 0.7552 0.008
vt 0.7485 0.0823
vt 0.7485 0.0823
vt 0.7552 0.008
vt 0.5086 0.008
vt 0.5122 0.0832
vt 0.5122 0.0832
vt 0.5086 0.008
vt 0.7552 0.008
vt 0.7485 0.0823
vt 0.7485 0.0823
vt 0.7552 0.008
vt 0.5086 0.008
vt 0.5122 0.0832
vt 0.5122 0.0832
vt 0.5086 0.008
vt 0.7552 0.008
vt 0.7485 0.0823
vt 0.7485 0.0823
vt 0.7552 0.008
vt 0.5086 0.008
vt 0.5122 0.0832
vt 0.5122 0.0832
vt 0.5086 0.008
vt 0.7552 0.008
vt 0.7485 0.0823
vt 0.7485 0.0823
vt 0.7552 0.008
vt 0.5086 0.008
vt 0.5122 0.0832
vt 0.2759 0.998
vt 0.2759 0.9194
vt 0.2805 0.9194
vt 0.2805 0.998
vt 0.3027 0.9194
vt 0.3027 0.998
vt 0.3386 0.9194
vt 0.3386 0.998
vt 0.3819 0.9194
vt 0.3819 0.998
vt 0.4253 0.9194
vt 0.4253 0.998
vt 0.4611 0.9194
vt 0.4611 0.998
vt 0.4833 0.9194
vt 0.4833 0.998
vt 0.4879 0.9194
vt 0.4879 0.998
vt 0.7948 0.0022
vt 0.791 0.0904
vt 0.791 0.0022
vt 0.7948 0.0904
vt 0.8126 0.0022
vt 0.8126 0.0904
vt 0.8415 0.0022
vt 0.8415 0.0904
vt 0.8764 0.0022
vt 0.8764 0.0904
vt 0.9114 0.0022
vt 0.9114 0.0904
vt 0.9402 0.0022
vt 0.9402 0.0904
vt 0.9581 0.0022
vt 0.9581 0.0904
vt 0.9618 0.0022
vt 0.9618 0.0904
vt 0.2896 0.998
vt 0.2759 0.9194
vt 0.2759 0.998
vt 0.2896 0.9194
vt 0.3193 0.998
vt 0.3193 0.9194
vt 0.3598 0.998
vt 0.3598 0.9194
vt 0.4041 0.998
vt 0.4041 0.9194
vt 0.4446 0.998
vt 0.4446 0.9194
vt 0.4742 0.998
vt 0.4742 0.9194
vt 0.4879 0.998
vt 0.4879 0.9194
vt 0.791 0.0022
vt 0.791 0.0904
vt 0.8021 0.0904
vt 0.8021 0.0022
vt 0.826 0.0904
vt 0.826 0.0022
vt 0.8586 0.0904
vt 0.8586 0.0022
vt 0.8943 0.0904
vt 0.8943 0.0022
vt 0.9269 0.0904
vt 0.9269 0.0022
vt 0.9508 0.0904
vt 0.9508 0.0022
vt 0.9618 0.0904
vt 0.9618 0.0022
vt 0.2517 0.0023
vt 0.2517 0.0876
vt 0.5098 0.0876
vt 0.5098 0.0023
vt 0.2517 0.0023
vt 0.2517 0.0876
vt 0.5098 0.0876
vt 0.5098 0.0023
vt 0.2517 0.0023
vt 0.2517 0.0876
vt 0.5098 0.0876
vt 0.5098 0.0023
vt 0.5098 0.0023
vt 0.5098 0.0876
vt 0.2517 0.0876
vt 0.2517 0.0023
vt 0.5098 0.0023
vt 0.5098 0.0876
vt 0.2517 0.0876
vt 0.2517 0.0023
vt 0.5098 0.0023
vt 0.5098 0.0876
vt 0.2517 0.0876
vt 0.2517 0.0023
vt 0.5098 0.0023
vt 0.5098 0.0876
vt 0.2517 0.0876
vt 0.2517 0.0023
vt 0.2517 0.0023
vt 0.2517 0.0876
vt 0.5098 0.0876
vt 0.5098 0.0023
vt 0.2517 0.0023
vt 0.2517 0.0876
vt 0.5098 0.0876
vt 0.5098 0.0023
vt 0.2517 0.0023
vt 0.2517 0.0876
vt 0.5098 0.0876
vt 0.5098 0.0023
vt 0.5098 0.0023
vt 0.5098 0.0876
vt 0.2517 0.0876
vt 0.2517 0.0023
vt 0.5098 0.0023
vt 0.5098 0.0876
vt 0.2517 0.0876
vt 0.2517 0.0023
vt 0.5098 0.0023
vt 0.5098 0.0876
vt 0.2517 0.0876
vt 0.2517 0.0023
vt 0.5098 0.0023
vt 0.5098 0.0876
vt 0.2517 0.0876
vt 0.2517 0.0023
vt 0.2517 0.0023
vt 0.2517 0.0876
vt 0.5098 0.0876
vt 0.5098 0.0023
vt 0.2508 0.003
vt 0.2508 0.0886
vt 0.509 0.0886
vt 0.509 0.003
vt 0.2508 0.003
vt 0.2508 0.0886
vt 0.509 0.0886
vt 0.509 0.003
vt 0.2508 0.003
vt 0.2508 0.0886
vt 0.509 0.0886
vt 0.509 0.003
vt 0.509 0.003
vt 0.509 0.0886
vt 0.2508 0.0886
vt 0.2508 0.003
vt 0.509 0.003
vt 0.509 0.0886
vt 0.2508 0.0886
vt 0.2508 0.003
vt 0.509 0.003
vt 0.509 0.0886
vt 0.2508 0.0886
vt 0.2508 0.003
vt 0.509 0.003
vt 0.509 0.0886
vt 0.2508 0.0886
vt 0.2508 0.003
vt 0.2508 0.003
vt 0.2508 0.0886
vt 0.509 0.0886
vt 0.509 0.003
vt 0.2508 0.003
vt 0.2508 0.0886
vt 0.509 0.0886
vt 0.509 0.003
vt 0.2508 0.003
vt 0.2508 0.0886
vt 0.509 0.0886
vt 0.509 0.003
vt 0.509 0.003
vt 0.509 0.0886
vt 0.2508 0.0886
vt 0.2508 0.003
vt 0.509 0.003
vt 0.509 0.0886
vt 0.2508 0.0886
vt 0.2508 0.003
vt 0.509 0.003
vt 0.509 0.0886
vt 0.2508 0.0886
vt 0.2508 0.003
vt 0.509 0.003
vt 0.509 0.0886
vt 0.2508 0.0886
vt 0.2508 0.003
vt 0.2508 0.003
vt 0.2508 0.0886
vt 0.509 0.0886
vt 0.509 0.003
vt 0.6281239 0.9087962
vt 0.925167 0.9090867
vt 0.9223781 0.7068269
vt 0.6302104 0.7066933
vt 0.4162399 0.9081293
vt 0.9213427 0.5115899
vt 0.4174992 0.7064364
vt 0.2046685 0.9067039
vt 0.2047019 0.7064584
vt 0.6309429 0.5115918
vt 0.4179271 0.5115941
vt 0.2047181 0.511597
vt 0.2046945 0.3167362
vt 0.4174948 0.3167526
vt 0.204654 0.1160301
vt 0.4162282 0.1145984
vt 0.630208 0.3164908
vt 0.9223791 0.316353
vt 0.6281111 0.113924
vt 0.9251769 0.1136301
vt 0.2063531 0.908192
vt 0.2046685 0.9067039
vt 0.2047019 0.7064584
vt 0.2075243 0.7064849
vt 0.4183073 0.9089267
vt 0.2047181 0.511597
vt 0.4202245 0.7067955
vt 0.6304502 0.9092674
vt 0.2079128 0.5116016
vt 0.6328693 0.7069758
vt 0.9226892 0.9093697
vt 0.9197534 0.70701
vt 0.9186599 0.5116163
vt 0.4208767 0.5116065
vt 0.6337252 0.5116113
vt 0.9197409 0.3162228
vt 0.6328812 0.316247
vt 0.9226719 0.1133978
vt 0.630468 0.1134922
vt 0.4202353 0.3164177
vt 0.4183226 0.113822
vt 0.2075336 0.3167185
vt 0.2063689 0.1145501
vt 0.2046945 0.3167362
vt 0.204654 0.1160301
vt 0.7108544 0.9094361
vt 0.9226892 0.9093697
vt 0.9197534 0.70701
vt 0.7070692 0.7070009
vt 0.4997834 0.9099529
vt 0.9186599 0.5116163
vt 0.494236 0.7072568
vt 0.2903963 0.9123251
vt 0.7055572 0.5116212
vt 0.2810144 0.7087228
vt 0.08444846 0.9205022
vt 0.06671345 0.7143233
vt 0.4919155 0.5116272
vt 0.2772537 0.5116351
vt 0.06133223 0.511646
vt 0.06669366 0.3089664
vt 0.2809962 0.3145452
vt 0.08443761 0.1023111
vt 0.2903842 0.1104719
vt 0.4942203 0.3159973
vt 0.4997682 0.1128338
vt 0.7070549 0.3162418
vt 0.7108381 0.1133409
vt 0.9197409 0.3162228
vt 0.9226719 0.1133978
vt 0.2930418 0.9122084
vt 0.08710074 0.9203646
vt 0.06928706 0.7142173
vt 0.2835944 0.7086358
vt 0.502398 0.9098238
vt 0.06388974 0.5115907
vt 0.4968235 0.7071657
vt 0.7134185 0.9092553
vt 0.279822 0.5115874
vt 0.7096682 0.7068808
vt 0.925167 0.9090867
vt 0.9223781 0.7068269
vt 0.4945046 0.5115869
vt 0.7081819 0.511588
vt 0.9213427 0.5115899
vt 0.9223791 0.316353
vt 0.7096677 0.3162954
vt 0.9251769 0.1136301
vt 0.7134292 0.1134556
vt 0.4968216 0.3160078
vt 0.5024112 0.1128829
vt 0.28359 0.3145375
vt 0.293057 0.1104946
vt 0.06928158 0.3089624
vt 0.08711934 0.1023402
vt 0.9126249 0.9556862
vt 0.9135482 0.9563804
vt 0.9135482 0.9556862
vt 0.9126249 0.9563804
vt 0.9135482 0.9570747
vt 0.9126249 0.9570747
vt 0.9135482 0.9577689
vt 0.9126249 0.9577689
vt 0.9135482 0.9584631
vt 0.9126249 0.9584631
vt 0.9135482 0.9591573
vt 0.9126249 0.9591573
vt 0.9135482 0.9598516
vt 0.9126249 0.9598516
vt 0.9135482 0.9605458
vt 0.9126249 0.9605458
vt 0.9135482 0.96124
vt 0.9126249 0.96124
vt 0.9135482 0.9619342
vt 0.9126249 0.9619342
vt 0.9135482 0.9556862
vt 0.9144715 0.9563804
vt 0.9144715 0.9556862
vt 0.9135482 0.9563804
vt 0.9144715 0.9570747
vt 0.9135482 0.9570747
vt 0.9144715 0.9577689
vt 0.9135482 0.9577689
vt 0.9144715 0.9584631
vt 0.9135482 0.9584631
vt 0.9144715 0.9591573
vt 0.9135482 0.9591573
vt 0.9144715 0.9598516
vt 0.9135482 0.9598516
vt 0.9144715 0.9605458
vt 0.9135482 0.9605458
vt 0.9144715 0.96124
vt 0.9135482 0.96124
vt 0.9144715 0.9619342
vt 0.9135482 0.9619342
vt 0.9144715 0.9556862
vt 0.9153948 0.9563804
vt 0.9153948 0.9556862
vt 0.9144715 0.9563804
vt 0.9153948 0.9570747
vt 0.9144715 0.9570747
vt 0.9153948 0.9577689
vt 0.9144715 0.9577689
vt 0.9153948 0.9584631
vt 0.9144715 0.9584631
vt 0.9153948 0.9591573
vt 0.9144715 0.9591573
vt 0.9153948 0.9598516
vt 0.9144715 0.9598516
vt 0.9153948 0.9605458
vt 0.9144715 0.9605458
vt 0.9153948 0.96124
vt 0.9144715 0.96124
vt 0.9153948 0.9619342
vt 0.9144715 0.9619342
vt 0.9153948 0.9556862
vt 0.9163182 0.9563804
vt 0.9163182 0.9556862
vt 0.9153948 0.9563804
vt 0.9163182 0.9570747
vt 0.9153948 0.9570747
vt 0.9163182 0.9577689
vt 0.9153948 0.9577689
vt 0.9163182 0.9584631
vt 0.9153948 0.9584631
vt 0.9163182 0.9591573
vt 0.9153948 0.9591573
vt 0.9163182 0.9598516
vt 0.9153948 0.9598516
vt 0.9163182 0.9605458
vt 0.9153948 0.9605458
vt 0.9163182 0.96124
vt 0.9153948 0.96124
vt 0.9163182 0.9619342
vt 0.9153948 0.9619342
vt 0.9163182 0.9556862
vt 0.9172415 0.9563804
vt 0.9172415 0.9556862
vt 0.9163182 0.9563804
vt 0.9172415 0.9570747
vt 0.9163182 0.9570747
vt 0.9172415 0.9577689
vt 0.9163182 0.9577689
vt 0.9172415 0.9584631
vt 0.9163182 0.9584631
vt 0.9172415 0.9591573
vt 0.9163182 0.9591573
vt 0.9172415 0.9598516
vt 0.9163182 0.9598516
vt 0.9172415 0.9605458
vt 0.9163182 0.9605458
vt 0.9172415 0.96124
vt 0.9163182 0.96124
vt 0.9172415 0.9619342
vt 0.9163182 0.9619342
vt 0.6301912 0.4839433
vt 0.6301345 0.3276897
vt 0.6264398 0.3276897
vt 0.6264962 0.4839433
vt 0.6264962 0.4839433
vt 0.6264398 0.3276897
vt 0.6144829 0.3276897
vt 0.6145385 0.4839433
vt 0.6145385 0.4839433
vt 0.6144829 0.3276897
vt 0.610788 0.3276898
vt 0.6108434 0.4839433
vt 0.6108434 0.4839433
vt 0.610788 0.3276898
vt 0.6204612 0.3276897
vt 0.6205173 0.4839433
vt 0.6205173 0.4839433
vt 0.6204612 0.3276897
vt 0.6301345 0.3276897
vt 0.6301912 0.4839433
vt 0.912599 0.9511049
vt 0.9149332 0.9526855
vt 0.9158248 0.9500567
vt 0.9125989 0.9544969
vt 0.9178185 0.9528009
vt 0.9158248 0.9555451
vt 0.3996497 0.3167849
vt 0.3917209 0.3223055
vt 0.3996497 0.3281257
vt 0.3887658 0.3132957
vt 0.3886195 0.3312014
vt 0.3818027 0.3217611
vn 0 1 0
vn 0 1 0
vn 0 1 0
vn 0 1 0
vn 0 1 0
vn 0 1 0
vn 0 1 0
vn 0 1 0
vn 0 1 0
vn 0 1 0
vn 0 1 0
vn 0 1 0
vn 0 1 0
vn 0 1 0
vn 0 1 0
vn 0 1 0
vn 0 1 0
vn 0 1 0
vn 0 1 0
vn 0 1 0
vn 0 1 0
vn 0 1 0
vn 0 1 0
vn 0 1 0
vn 0 1 0
vn 0 1 0
vn 0 1 0
vn 0 1 0
vn 0 1 0
vn 0 1 0
vn 0 1 0
vn 0 1 0
vn 0 -1 0
vn 0 -1 0
vn 0 -1 0
vn 0 -1 0
vn 0 -1 0
vn 0 -1 0
vn 0 -1 0
vn 0 -1 0
vn 0 -1 0
vn 0 -1 0
vn 0 -1 0
vn 0 -1 0
vn 0 -1 0
vn 0 -1 0
vn 0 -1 0
vn 0 -1 0
vn 0 -1 0
vn 0 -1 0
vn 0 -1 0
vn 0 -1 0
vn 0 -1 0
vn 0 -1 0
vn 0 -1 0
vn 0 -1 0
vn 0 -1 0
vn 0 -1 0
vn 0 -1 0
vn 0 -1 0
vn 0 -1 0
vn 0 -1 0
vn 0 -1 0
vn 0 -1 0
vn 0.9238898 -0.1059961 -0.3676854
vn 0.8191495 -0.1500032 -0.5536182
vn 0.6131265 -0.7677379 -0.1861572
vn 0.7323389 -0.6804351 -0.02622702
vn 0.1388533 -0.9174959 0.3727212
vn 0.9930212 0.01137187 0.1173871
vn 0.291454 -0.8195193 0.4933991
vn 0.8686516 -0.3613268 0.3389502
vn 0.7339831 0.1489241 0.662639
vn 0.5830379 -0.4511712 0.6756563
vn 0.3235317 0.9441844 0.0619919
vn 0.1723865 0.9807694 -0.09151158
vn 0.6365024 0.5747043 -0.5143732
vn 0.7540132 0.5671148 -0.3314283
vn 0.8191495 -0.1500032 -0.5536182
vn 0.6029467 0.6926458 0.39585
vn 0.9238898 -0.1059961 -0.3676854
vn 0.8831528 0.4474446 0.140835
vn 0.7339831 0.1489241 0.662639
vn 0.9930212 0.01137187 0.1173871
vn -0.3097326 0.2314283 0.9222291
vn -0.5079812 0.2130954 0.8345929
vn -0.3020171 0.8310513 0.4670538
vn -0.1175344 0.8053213 0.5810708
vn 0.1723865 0.9807694 -0.09151158
vn 0.1938384 0.2295986 0.9537877
vn 0.3235317 0.9441844 0.0619919
vn 0.3172866 0.6022943 0.73251
vn 0.7339831 0.1489241 0.662639
vn 0.6029467 0.6926458 0.39585
vn 0.291454 -0.8195193 0.4933991
vn 0.1388533 -0.9174959 0.3727212
vn -0.3250417 -0.5110419 0.7957286
vn -0.1388137 -0.4419301 0.886244
vn -0.5079812 0.2130954 0.8345929
vn 0.5830379 -0.4511712 0.6756563
vn -0.3097326 0.2314283 0.9222291
vn 0.3037139 -0.2068775 0.930032
vn 0.7339831 0.1489241 0.662639
vn 0.1938384 0.2295986 0.9537877
vn 0.7079657 -0.1060115 -0.698245
vn 0.5387799 -0.1500075 -0.8289838
vn 0.492596 -0.7676869 -0.4098853
vn 0.6639583 -0.6808323 -0.3092358
vn 0.2731119 -0.9174654 0.2892529
vn 0.9603293 0.01136918 -0.2786367
vn 0.460726 -0.819476 0.3408675
vn 0.9321023 -0.3612515 -0.02613114
vn 0.9340213 0.1489152 0.3246976
vn 0.7999629 -0.4515151 0.3952132
vn 0.3220721 0.9442067 -0.06887133
vn 0.1235949 0.9806907 -0.1515596
vn 0.3859875 0.5746722 -0.7216408
vn 0.5660223 0.566756 -0.5986704
vn 0.5387799 -0.1500075 -0.8289838
vn 0.7097213 0.6924827 0.1294737
vn 0.7079657 -0.1060115 -0.698245
vn 0.8682769 0.4475276 -0.2140429
vn 0.9340213 0.1489152 0.3246976
vn 0.9603293 0.01136918 -0.2786367
vn 0.07482444 0.2314423 0.9699668
vn -0.1419587 0.2131214 0.9666577
vn -0.09604407 0.8314043 0.5473045
vn 0.117366 0.8054244 0.5809619
vn 0.1235949 0.9806907 -0.1515596
vn 0.5494492 0.2296096 0.8033586
vn 0.3220721 0.9442067 -0.06887133
vn 0.5779472 0.6021506 0.55081
vn 0.9340213 0.1489152 0.3246976
vn 0.7097213 0.6924827 0.1294737
vn 0.460726 -0.819476 0.3408675
vn 0.2731119 -0.9174654 0.2892529
vn 0.01063923 -0.5110502 0.8594851
vn 0.2167468 -0.4419286 0.8704711
vn -0.1419587 0.2131214 0.9666577
vn 0.7999629 -0.4515151 0.3952132
vn 0.07482444 0.2314423 0.9699668
vn 0.6422445 -0.2065012 0.7381594
vn 0.9340213 0.1489152 0.3246976
vn 0.5494492 0.2296096 0.8033586
vn 0.3464345 -0.1060027 -0.9320658
vn 0.1388319 -0.1500192 -0.9788871
vn 0.2731912 -0.767869 -0.5794341
vn 0.4715431 -0.6804453 -0.5609289
vn 0.3691746 -0.9177098 0.1466933
vn 0.7524908 0.01137081 -0.6585047
vn 0.5614876 -0.8195775 0.1141238
vn 0.8335074 -0.3613577 -0.4179546
vn 0.9837181 0.1489704 -0.1005309
vn 0.8924067 -0.4507883 0.02000166
vn 0.2624912 0.9443818 -0.1980942
vn 0.04731428 0.9807627 -0.1893832
vn 0.04584273 0.5746845 -0.8170901
vn 0.2595295 0.5667465 -0.7819481
vn 0.1388319 -0.1500192 -0.9788871
vn 0.6985341 0.6919302 -0.1824354
vn 0.3464345 -0.1060027 -0.9320658
vn 0.6961448 0.447836 -0.561093
vn 0.9837181 0.1489704 -0.1005309
vn 0.7524908 0.01137081 -0.6585047
vn 0.4775494 0.2314391 0.8475745
vn 0.2793165 0.2131095 0.9362513
vn 0.1447897 0.8313493 0.536558
vn 0.3524255 0.8053346 0.476689
vn 0.04731428 0.9807627 -0.1893832
vn 0.8375413 0.2296544 0.4957654
vn 0.2624912 0.9443818 -0.1980942
vn 0.7565455 0.602156 0.255043
vn 0.9837181 0.1489704 -0.1005309
vn 0.6985341 0.6919302 -0.1824354
vn 0.5614876 -0.8195775 0.1141238
vn 0.3691746 -0.9177098 0.1466933
vn 0.3723369 -0.5110003 0.7747542
vn 0.5642498 -0.4423044 0.6971291
vn 0.2793165 0.2131095 0.9362513
vn 0.8924067 -0.4507883 0.02000166
vn 0.4775494 0.2314391 0.8475745
vn 0.8937376 -0.2068395 0.3980584
vn 0.9837181 0.1489704 -0.1005309
vn 0.8375413 0.2296544 0.4957654
vn -0.07923029 -0.1060072 -0.9912039
vn -0.2883329 -0.1500358 -0.9457026
vn 0.003117263 -0.767947 -0.6405059
vn 0.1907378 -0.6804206 -0.7075641
vn 0.3967984 -0.9176078 -0.02338964
vn 0.404359 0.01136973 -0.9145297
vn 0.557203 -0.819481 -0.1340735
vn 0.5795406 -0.3612959 -0.7304779
vn 0.8489729 0.1489233 -0.5070179
vn 0.816824 -0.4515089 -0.3590798
vn 0.1541642 0.9444163 -0.290364
vn -0.03649455 0.9807681 -0.1917339
vn -0.3051138 0.5746554 -0.7593923
vn -0.09464498 0.5667693 -0.8184222
vn -0.2883329 -0.1500358 -0.9457026
vn 0.5552964 0.6924701 -0.460577
vn -0.07923029 -0.1060072 -0.9912039
vn 0.3937911 0.4475316 -0.8028973
vn 0.8489729 0.1489233 -0.5070179
vn 0.404359 0.01136973 -0.9145297
vn 0.7907312 0.2314246 0.5667335
vn 0.6487027 0.2131164 0.730593
vn 0.3582948 0.8310091 0.4254979
vn 0.5203782 0.8056049 0.283209
vn -0.03649455 0.9807681 -0.1917339
vn 0.9685035 0.229976 0.09545655
vn 0.1541642 0.9444163 -0.290364
vn 0.793439 0.6021848 -0.08847568
vn 0.8489729 0.1489233 -0.5070179
vn 0.5552964 0.6924701 -0.460577
vn 0.557203 -0.819481 -0.1340735
vn 0.3967984 -0.9176078 -0.02338964
vn 0.6651066 -0.5110279 0.5445033
vn 0.8059402 -0.4419376 0.3938929
vn 0.6487027 0.2131164 0.730593
vn 0.816824 -0.4515089 -0.3590798
vn 0.7907312 0.2314246 0.5667335
vn 0.9783005 -0.2065179 -0.01669017
vn 0.8489729 0.1489233 -0.5070179
vn 0.9685035 0.229976 0.09545655
vn -0.4696779 -0.1060031 -0.8764508
vn -0.6423261 -0.1499922 -0.7516113
vn -0.2532715 -0.7680674 -0.5881548
vn -0.1083871 -0.6803997 -0.7247816
vn 0.3539691 -0.9177521 -0.1801024
vn 0.004401727 0.01137113 -0.9999257
vn 0.4577025 -0.819317 -0.3452941
vn 0.2380439 -0.3612839 -0.9015592
vn 0.5753461 0.148926 -0.8042374
vn 0.6056816 -0.4512346 -0.6553908
vn 0.02438247 0.9445 -0.3276051
vn -0.109856 0.9808174 -0.1610243
vn -0.5827777 0.5747091 -0.5745257
vn -0.4134434 0.566788 -0.712612
vn -0.6423261 -0.1499922 -0.7516113
vn 0.3249746 0.6924967 -0.6440806
vn -0.4696779 -0.1060031 -0.8764508
vn 0.04126471 0.4474928 -0.893335
vn 0.5753461 0.148926 -0.8042374
vn 0.004401727 0.01137113 -0.9999257
vn 0.9514667 0.2314478 0.2028378
vn 0.8867211 0.2131065 0.4102575
vn 0.4986912 0.8309075 0.2467788
vn 0.5904881 0.8054112 0.0513468
vn -0.109856 0.9808174 -0.1610243
vn 0.9259684 0.2299791 -0.2994863
vn 0.02438247 0.9445 -0.3276051
vn 0.6922256 0.6021904 -0.3977317
vn 0.5753461 0.148926 -0.8042374
vn 0.3249746 0.6924967 -0.6440806
vn 0.4577025 -0.819317 -0.3452941
vn 0.3539691 -0.9177521 -0.1801024
vn 0.8273033 -0.5109438 0.2334642
vn 0.8960134 -0.4423218 0.03887737
vn 0.8867211 0.2131065 0.4102575
vn 0.6056816 -0.4512346 -0.6553908
vn 0.9514667 0.2314478 0.2028378
vn 0.8900447 -0.2065094 -0.4064164
vn 0.5753461 0.148926 -0.8042374
vn 0.9259684 0.2299791 -0.2994863
vn -0.7727207 -0.1063735 -0.6257694
vn -0.8834691 -0.1500187 -0.4438207
vn -0.462082 -0.7678602 -0.4437014
vn -0.3807067 -0.6804393 -0.6261508
vn 0.2571376 -0.9174053 -0.3037232
vn -0.3829883 0.01136954 -0.9236832
vn 0.2870266 -0.8194473 -0.4961067
vn -0.1297055 -0.3612866 -0.9233897
vn 0.2188931 0.1488932 -0.9643217
vn 0.3036988 -0.4512149 -0.8391497
vn -0.1037702 0.9445651 -0.3114938
vn -0.1639518 0.9807765 -0.1058168
vn -0.7598831 0.5746799 -0.3038432
vn -0.6578758 0.5667627 -0.4959632
vn -0.8834691 -0.1500187 -0.4438207
vn 0.05038165 0.6924154 -0.7197378
vn -0.7727207 -0.1063735 -0.6257694
vn -0.3090177 0.4474797 -0.8392079
vn 0.2188931 0.1488932 -0.9643217
vn -0.3829883 0.01136954 -0.9236832
vn 0.9557245 0.2314351 -0.1817371
vn 0.9764134 0.213109 0.03466231
vn 0.5552166 0.8309911 0.03447183
vn 0.5643279 0.8053052 -0.1817071
vn -0.1639518 0.9807765 -0.1058168
vn 0.7371804 0.2296181 -0.6354845
vn -0.1037702 0.9445651 -0.3114938
vn 0.4836229 0.602282 -0.6351104
vn 0.2188931 0.1488932 -0.9643217
vn 0.05038165 0.6924154 -0.7197378
vn 0.2870266 -0.8194473 -0.4961067
vn 0.2571376 -0.9174053 -0.3037232
vn 0.8530826 -0.5110058 -0.105466
vn 0.8409975 -0.4423214 -0.3115688
vn 0.9764134 0.213109 0.03466231
vn 0.3036988 -0.4512149 -0.8391497
vn 0.9557245 0.2314351 -0.1817371
vn 0.662572 -0.2064921 -0.7199717
vn 0.2188931 0.1488932 -0.9643217
vn 0.7371804 0.2296181 -0.6354845
vn -0.964719 -0.106009 -0.2409963
vn -0.988259 -0.1500154 -0.02897609
vn -0.606267 -0.7678955 -0.2068257
vn -0.6096904 -0.6804908 -0.4064603
vn 0.1045086 -0.9175112 -0.3837332
vn -0.7376809 0.0113701 -0.6750537
vn 0.05107611 -0.8194186 -0.5709154
vn -0.5073527 -0.3612813 -0.7823483
vn -0.2090272 0.1489187 -0.9665045
vn -0.07933126 -0.4512253 -0.888877
vn -0.2256871 0.9445493 -0.2385207
vn -0.1937374 0.980698 -0.02640623
vn -0.8170937 0.5746794 0.04584233
vn -0.8057979 0.5667593 -0.1716786
vn -0.988259 -0.1500154 -0.02897609
vn -0.2586821 0.6925088 -0.6734354
vn -0.964719 -0.106009 -0.2409963
vn -0.6347378 0.4474892 -0.6299695
vn -0.2090272 0.1489187 -0.9665045
vn -0.7376809 0.0113701 -0.6750537
vn 0.7894503 0.2314388 -0.5685106
vn 0.8993999 0.2131123 -0.3816581
vn 0.5170193 0.8314836 -0.2032882
vn 0.4347532 0.8053293 -0.4030314
vn -0.1937374 0.980698 -0.02640623
vn 0.3997373 0.2296002 -0.8874085
vn -0.2256871 0.9445493 -0.2385207
vn 0.169473 0.602326 -0.7800526
vn -0.2090272 0.1489187 -0.9665045
vn -0.2586821 0.6925088 -0.6734354
vn 0.05107611 -0.8194186 -0.5709154
vn 0.1045086 -0.9175112 -0.3837332
vn 0.7285253 -0.511027 -0.4561824
vn 0.6303625 -0.4419736 -0.6382025
vn 0.8993999 0.2131123 -0.3816581
vn -0.07933126 -0.4512253 -0.888877
vn 0.7894503 0.2314388 -0.5685106
vn 0.296771 -0.2064972 -0.932355
vn -0.2090272 0.1489187 -0.9665045
vn 0.3997373 0.2296002 -0.8874085
vn -0.9823804 -0.1063619 0.1536746
vn -0.9214423 -0.1500278 0.3583795
vn -0.6392695 -0.7676368 0.04547872
vn -0.7201458 -0.680158 -0.1370221
vn -0.05264073 -0.9174528 -0.394347
vn -0.9422978 0.01137288 -0.3345827
vn -0.1753213 -0.8193885 -0.5457699
vn -0.7721522 -0.3613158 -0.5227158
vn -0.5691208 0.1489288 -0.8086542
vn -0.4188713 -0.4511486 -0.788043
vn -0.3011862 0.9444379 -0.13162
vn -0.1883415 0.9807699 0.05116582
vn -0.7346908 0.5747681 0.3603763
vn -0.8090402 0.56675 0.1557187
vn -0.9214423 -0.1500278 0.3583795
vn -0.5004897 0.692506 -0.5195629
vn -0.9823804 -0.1063619 0.1536746
vn -0.8298811 0.4474939 -0.3332362
vn -0.5691208 0.1489288 -0.8086542
vn -0.9422978 0.01137288 -0.3345827
vn 0.5058281 0.2314558 -0.8310032
vn 0.6797771 0.2130836 -0.7017823
vn 0.3971931 0.8314111 -0.3885784
vn 0.2433515 0.8054256 -0.5404347
vn -0.1883415 0.9807699 0.05116582
vn 0.02292665 0.2296334 -0.9730071
vn -0.3011862 0.9444379 -0.13162
vn -0.1472482 0.6021958 -0.7846516
vn -0.5691208 0.1489288 -0.8086542
vn -0.5004897 0.692506 -0.5195629
vn -0.1753213 -0.8193885 -0.5457699
vn -0.05264073 -0.9174528 -0.394347
vn 0.4936312 -0.5110578 -0.7036675
vn 0.3326478 -0.4419412 -0.8330867
vn 0.6797771 0.2130836 -0.7017823
vn -0.4188713 -0.4511486 -0.788043
vn 0.5058281 0.2314558 -0.8310032
vn -0.09004884 -0.2068739 -0.9742148
vn -0.5691208 0.1489288 -0.8086542
vn 0.02292665 0.2296334 -0.9730071
vn -0.8254251 -0.1059977 0.5544708
vn -0.6836268 -0.1500018 0.7142506
vn -0.5599405 -0.7678555 0.3112308
vn -0.7103072 -0.6804131 0.180282
vn -0.2144226 -0.9174867 -0.3350239
vn -0.9954216 0.01136996 0.09490248
vn -0.3893591 -0.8194332 -0.4206289
vn -0.9206852 -0.3613048 -0.1476398
vn -0.8574464 0.1489297 -0.4925502
vn -0.7126229 -0.4512361 -0.5371728
vn -0.328674 0.9444106 0.007882308
vn -0.1496348 0.9806945 0.1258876
vn -0.5133984 0.5746394 0.6373473
vn -0.6674454 0.5667507 0.4830221
vn -0.6836268 -0.1500018 0.7142506
vn -0.6733555 0.6924265 -0.2591098
vn -0.8254251 -0.1059977 0.5544708
vn -0.8929995 0.4474167 0.04868406
vn -0.8574464 0.1489297 -0.4925502
vn -0.9954216 0.01136996 0.09490248
vn 0.1076453 0.231795 -0.9667904
vn 0.3196715 0.2131144 -0.923251
vn 0.1959261 0.8313569 -0.5200563
vn -0.007518141 0.8053579 -0.5927413
vn -0.1496348 0.9806945 0.1258876
vn -0.3906524 0.2296229 -0.8914393
vn -0.328674 0.9444106 0.007882308
vn -0.465306 0.6023117 -0.6486222
vn -0.8574464 0.1489297 -0.4925502
vn -0.6733555 0.6924265 -0.2591098
vn -0.3893591 -0.8194332 -0.4206289
vn -0.2144226 -0.9174867 -0.3350239
vn 0.1503946 -0.510975 -0.8463367
vn -0.05024235 -0.4422793 -0.895469
vn 0.3196715 0.2131144 -0.923251
vn -0.7126229 -0.4512361 -0.5371728
vn 0.1076453 0.231795 -0.9667904
vn -0.4929705 -0.2065047 -0.845184
vn -0.8574464 0.1489297 -0.4925502
vn -0.3906524 0.2296229 -0.8914393
vn -0.5409876 -0.1059969 0.8343242
vn -0.3479022 -0.1500179 0.9254506
vn -0.3922146 -0.7679264 0.5064157
vn -0.5821523 -0.6804616 0.4450513
vn -0.3288865 -0.9175071 -0.2236389
vn -0.8779085 0.01137045 0.4786935
vn -0.5234458 -0.819466 -0.2334093
vn -0.9045452 -0.3613045 0.2264
vn -0.9820693 0.1489151 -0.1156035
vn -0.8665271 -0.4512397 -0.2133386
vn -0.2988236 0.9445025 0.1364528
vn -0.08765839 0.980747 0.174503
vn -0.2211526 0.5747033 0.7879134
vn -0.4233472 0.5667863 0.7067747
vn -0.3479022 -0.1500179 0.9254506
vn -0.7209287 0.6925024 0.02650069
vn -0.5409876 -0.1059969 0.8343242
vn -0.8017988 0.4474815 0.3960795
vn -0.9820693 0.1489151 -0.1156035
vn -0.8779085 0.01137045 0.4786935
vn -0.2814991 0.2314345 -0.9312337
vn -0.06859301 0.2131152 -0.9746163
vn -0.02437734 0.8313957 -0.5551459
vn -0.2403904 0.8053353 -0.5418926
vn -0.08765839 0.980747 0.174503
vn -0.709644 0.2296393 -0.6660866
vn -0.2988236 0.9445025 0.1364528
vn -0.6829154 0.6022273 -0.4134596
vn -0.9820693 0.1489151 -0.1156035
vn -0.7209287 0.6925024 0.02650069
vn -0.5234458 -0.819466 -0.2334093
vn -0.3288865 -0.9175071 -0.2236389
vn -0.1953432 -0.5110104 -0.8370839
vn -0.3990226 -0.4422989 -0.803214
vn -0.06859301 0.2131152 -0.9746163
vn -0.8665271 -0.4512397 -0.2133386
vn -0.2814991 0.2314345 -0.9312337
vn -0.7858151 -0.2064942 -0.5829707
vn -0.9820693 0.1489151 -0.1156035
vn -0.709644 0.2296393 -0.6660866
vn -0.1685412 -0.1060031 0.9799781
vn 0.04419912 -0.1500202 0.9876945
vn -0.1617283 -0.7679341 0.619775
vn -0.3600509 -0.6804832 0.6382053
vn -0.3906506 -0.917387 -0.07611268
vn -0.6186196 0.01137101 0.7856084
vn -0.573121 -0.8194254 -0.008619739
vn -0.742383 -0.3612882 0.5642148
vn -0.9483634 0.1489211 0.2800524
vn -0.880644 -0.4511421 0.1446956
vn -0.2210812 0.9444528 0.2431709
vn -0.01210338 0.9807408 0.1949378
vn 0.1059941 0.5747154 0.8114601
vn -0.1115096 0.5667182 0.8163309
vn 0.04419912 -0.1500202 0.9876945
vn -0.652433 0.6924078 0.3080628
vn -0.1685412 -0.1060031 0.9799781
vn -0.5813507 0.447475 0.6795568
vn -0.9483634 0.1489211 0.2800524
vn -0.6186196 0.01137101 0.7856084
vn -0.6254122 0.2314575 -0.7451759
vn -0.4464141 0.2131196 -0.8690768
vn -0.2408337 0.8313711 -0.5008205
vn -0.4340778 0.8054371 -0.4035438
vn -0.01210338 0.9807408 0.1949378
vn -0.9145935 0.2296112 -0.3328628
vn -0.2210812 0.9444528 0.2431709
vn -0.7904623 0.602292 -0.1114167
vn -0.9483634 0.1489211 0.2800524
vn -0.652433 0.6924078 0.3080628
vn -0.573121 -0.8194254 -0.008619739
vn -0.3906506 -0.917387 -0.07611268
vn -0.5089546 -0.5109721 -0.6927285
vn -0.6827621 -0.4419706 -0.5818058
vn -0.4464141 0.2131196 -0.8690768
vn -0.880644 -0.4511421 0.1446956
vn -0.6254122 0.2314575 -0.7451759
vn -0.951809 -0.2065402 -0.2267173
vn -0.9483634 0.1489211 0.2800524
vn -0.9145935 0.2296112 -0.3328628
vn 0.2609676 -0.1060009 0.9595101
vn 0.4577084 -0.1500022 0.8763575
vn 0.1160616 -0.7678766 0.6299962
vn -0.05631118 -0.6805032 0.730578
vn -0.3860884 -0.9174414 0.09610941
vn -0.2289018 0.01137173 0.9733831
vn -0.5226127 -0.8196767 0.2345339
vn -0.4346626 -0.3613019 0.8249421
vn -0.7409933 0.1489323 0.6547887
vn -0.7370467 -0.4511408 0.5032237
vn -0.09751951 0.9443995 0.3140055
vn 0.07170261 0.9807304 0.1817322
vn 0.4393149 0.5746298 0.6905092
vn 0.2441328 0.5667697 0.7868744
vn 0.4577084 -0.1500022 0.8763575
vn -0.4613675 0.692418 0.5547047
vn 0.2609676 -0.1060009 0.9595101
vn -0.2395204 0.447496 0.8616133
vn -0.7409933 0.1489323 0.6547887
vn -0.2289018 0.01137173 0.9733831
vn -0.8817037 0.2314289 -0.4111438
vn -0.7721452 0.2131194 -0.5986418
vn -0.4300035 0.8314136 -0.3519211
vn -0.5639277 0.8054538 -0.1822907
vn 0.07170261 0.9807304 0.1817322
vn -0.9695628 0.229643 0.08492387
vn -0.09751951 0.9443995 0.3140055
vn -0.7634585 0.6022575 0.2332739
vn -0.7409933 0.1489323 0.6547887
vn -0.4613675 0.692418 0.5547047
vn -0.5226127 -0.8196767 0.2345339
vn -0.3860884 -0.9174414 0.09610941
vn -0.7538949 -0.5110344 -0.4128997
vn -0.8645692 -0.4422781 -0.2385588
vn -0.7721452 0.2131194 -0.5986418
vn -0.7370467 -0.4511408 0.5032237
vn -0.8817037 0.2314289 -0.4111438
vn -0.9584509 -0.2065089 0.1967887
vn -0.7409933 0.1489323 0.6547887
vn -0.9695628 0.229643 0.08492387
vn 0.6423135 -0.106028 0.7590727
vn 0.7851993 -0.1500159 0.6007972
vn 0.3713352 -0.7677867 0.5221243
vn 0.2571189 -0.680393 0.6862617
vn -0.3090847 -0.9175321 0.2502027
vn 0.2043658 0.01136893 0.9788286
vn -0.3745862 -0.8197799 0.4331813
vn -0.04502711 -0.3613173 0.9313551
vn -0.3951742 0.1489355 0.9064521
vn -0.4555138 -0.4512036 0.7674129
vn 0.04417562 0.9443682 0.3259097
vn 0.1419383 0.9807314 0.1342362
vn 0.6897911 0.5746427 0.4404249
vn 0.5539888 0.5668296 0.6097546
vn 0.7851993 -0.1500159 0.6007972
vn -0.183093 0.6923976 0.6978987
vn 0.6423135 -0.106028 0.7590727
vn 0.1471704 0.4474714 0.8821055
vn -0.3951742 0.1489355 0.9064521
vn 0.2043658 0.01136893 0.9788286
vn -0.9728515 0.2314305 0
vn -0.9528434 0.2131082 -0.2160426
vn -0.5383442 0.8314366 -0.137473
vn -0.5882434 0.8053507 0.07334706
vn 0.1419383 0.9807314 0.1342362
vn -0.8427521 0.2299665 0.4867074
vn 0.04417562 0.9443682 0.3259097
vn -0.5933666 0.6022611 0.5340391
vn -0.3951742 0.1489355 0.9064521
vn -0.183093 0.6923976 0.6978987
vn -0.3745862 -0.8197799 0.4331813
vn -0.3090847 -0.9175321 0.2502027
vn -0.8577737 -0.5110142 -0.05557691
vn -0.8843996 -0.4423373 0.1489129
vn -0.9528434 0.2131082 -0.2160426
vn -0.4555138 -0.4512036 0.7674129
vn -0.9728515 0.2314305 0
vn -0.7856176 -0.2065146 0.5832296
vn -0.3951742 0.1489355 0.9064521
vn -0.8427521 0.2299665 0.4867074
vn 0.8919945 -0.1060086 0.4394405
vn 0.9597803 -0.1500162 0.2373117
vn 0.5492069 -0.7677181 0.3301225
vn 0.5102307 -0.6804299 0.5260035
vn -0.1839197 -0.9174145 0.3528799
vn 0.5785295 0.01137339 0.8155822
vn -0.170914 -0.8195252 0.5469615
vn 0.3311437 -0.3613519 0.871647
vn 0 0.1489144 0.9888501
vn -0.110612 -0.4512063 0.8855382
vn 0.1706964 0.9443521 0.2811794
vn 0.1837723 0.9806999 0.06674921
vn 0.8083602 0.5746872 0.1276268
vn 0.7513168 0.5667028 0.3381878
vn 0.9597803 -0.1500162 0.2373117
vn 0.1105812 0.6924261 0.7129642
vn 0.8919945 -0.1060086 0.4394405
vn 0.4872831 0.4473914 0.7499307
vn 0 0.1489144 0.9888501
vn 0.5785295 0.01137339 0.8155822
vn -0.8917977 0.2314257 0.3887659
vn -0.9597988 0.2131148 0.1826698
vn -0.5483383 0.8314976 0.08908904
vn -0.5102111 0.8053495 0.3018227
vn 0.1837723 0.9806999 0.06674921
vn -0.578351 0.2296318 0.7828023
vn 0.1706964 0.9443521 0.2811794
vn -0.3303348 0.6023324 0.7266873
vn 0 0.1489144 0.9888501
vn 0.1105812 0.6924261 0.7129642
vn -0.170914 -0.8195252 0.5469615
vn -0.1839197 -0.9174145 0.3528799
vn -0.8084987 -0.5109593 0.2919768
vn -0.7513632 -0.441969 0.4900171
vn -0.9597988 0.2131148 0.1826698
vn -0.110612 -0.4512063 0.8855382
vn -0.8917977 0.2314257 0.3887659
vn -0.4874716 -0.2064988 0.8483688
vn 0 0.1489144 0.9888501
vn -0.578351 0.2296318 0.7828023
vn 0.994099 -0.1063698 0.02127396
vn 0.9701484 -0.1500154 -0.1905452
vn 0.6373895 -0.7675813 0.06747967
vn 0.6850356 -0.6800836 0.2611755
vn -0.01678284 -0.9174621 0.3974691
vn 0.8687282 0.01137031 0.4951586
vn 0.07630613 -0.8195572 0.5678937
vn 0.6684318 -0.361364 0.6500884
vn 0.4179985 0.1489315 0.8961565
vn 0.2745541 -0.4511711 0.8491553
vn 0.2729734 0.944499 0.1827767
vn 0.193865 0.98088 -0.01705719
vn 0.7869765 0.574347 -0.2253744
vn 0.8238127 0.5667553 -0.01100496
vn 0.9701484 -0.1500154 -0.1905452
vn 0.4012254 0.6924255 0.5996376
vn 0.994099 -0.1063698 0.02127396
vn 0.7585496 0.4475544 0.4736006
vn 0.4179985 0.1489315 0.8961565
vn 0.8687282 0.01137031 0.4951586
vn -0.6437142 0.2314107 0.7294389
vn -0.792233 0.213096 0.5718015
vn -0.4590119 0.8315008 0.3129127
vn -0.3342524 0.8055069 0.4893198
vn 0.193865 0.98088 -0.01705719
vn -0.1937163 0.2295625 0.9538212
vn 0.2729734 0.944499 0.1827767
vn 0.007611632 0.6023277 0.7982126
vn 0.4179985 0.1489315 0.8961565
vn 0.4012254 0.6924255 0.5996376
vn 0.07630613 -0.8195572 0.5678937
vn -0.01678284 -0.9174621 0.3974691
vn -0.6091158 -0.5110666 0.6064559
vn -0.4732534 -0.44207 0.7619746
vn -0.792233 0.213096 0.5718015
vn 0.2745541 -0.4511711 0.8491553
vn -0.6437142 0.2314107 0.7294389
vn -0.08246245 -0.2069358 0.9748731
vn 0.4179985 0.1489315 0.8961565
vn -0.1937163 0.2295625 0.9538212
vn 0.6131481 0.767719 -0.1861638
vn 0.8191721 0.149824 -0.5536334
vn 0.9238359 0.1062861 -0.367737
vn 0.7324239 0.6803437 -0.02622349
vn 0.1388358 0.9175175 0.3726742
vn 0.9930227 -0.01123433 0.1173873
vn 0.2914101 0.8195796 0.4933249
vn 0.8686085 0.3614464 0.3389333
vn 0.7339631 -0.1491034 0.6626208
vn 0.5828323 0.451475 0.6756307
vn 0.6365694 -0.5745814 -0.5144273
vn 0.1723914 -0.9807512 -0.09169755
vn 0.3235214 -0.9442001 0.06180653
vn 0.7540728 -0.5670675 -0.3313739
vn 0.8191721 0.149824 -0.5536334
vn 0.60287 -0.6927411 0.3957997
vn 0.9238359 0.1062861 -0.367737
vn 0.88313 -0.447433 0.1410147
vn 0.7339631 -0.1491034 0.6626208
vn 0.9930227 -0.01123433 0.1173873
vn -0.3020603 -0.830895 0.467304
vn -0.5079812 -0.2130954 0.8345929
vn -0.3097555 -0.2311246 0.9222977
vn -0.1175561 -0.8052407 0.5811781
vn 0.1723914 -0.9807512 -0.09169755
vn 0.1938662 -0.2297691 0.9537411
vn 0.3235214 -0.9442001 0.06180653
vn 0.3172866 -0.6022943 0.73251
vn 0.7339631 -0.1491034 0.6626208
vn 0.60287 -0.6927411 0.3957997
vn -0.3250037 0.5112113 0.7956353
vn 0.1388358 0.9175175 0.3726742
vn 0.2914101 0.8195796 0.4933249
vn -0.1388363 0.442002 0.8862047
vn -0.5079812 -0.2130954 0.8345929
vn 0.5828323 0.451475 0.6756307
vn -0.3097555 -0.2311246 0.9222977
vn 0.3036793 0.206579 0.9301097
vn 0.7339631 -0.1491034 0.6626208
vn 0.1938662 -0.2297691 0.9537411
vn 0.4926469 0.7675827 -0.4100194
vn 0.5387872 0.1499178 -0.8289952
vn 0.707952 0.1061928 -0.6982314
vn 0.6641022 0.6807002 -0.3092174
vn 0.2730847 0.9175115 0.2891324
vn 0.9603307 -0.01123167 -0.2786371
vn 0.4607028 0.8195724 0.340667
vn 0.9321331 0.3611718 -0.026132
vn 0.9339957 -0.1490945 0.3246887
vn 0.7999588 0.4516044 0.3951195
vn 0.3860587 -0.5744572 -0.7217739
vn 0.1236077 -0.9807007 -0.1514837
vn 0.3220421 -0.9442107 -0.06895663
vn 0.565993 -0.5668183 -0.5986394
vn 0.5387872 0.1499178 -0.8289952
vn 0.7097129 -0.6924744 0.1295639
vn 0.707952 0.1061928 -0.6982314
vn 0.8682583 -0.4476098 -0.2139466
vn 0.9339957 -0.1490945 0.3246887
vn 0.9603307 -0.01123167 -0.2786371
vn -0.09610514 -0.8311077 0.5477443
vn -0.1419587 -0.2131214 0.9666577
vn 0.07482414 -0.2310746 0.9700546
vn 0.117379 -0.8053762 0.5810263
vn 0.1236077 -0.9807007 -0.1514837
vn 0.5494203 -0.2298268 0.8033163
vn 0.3220421 -0.9442107 -0.06895663
vn 0.5780721 -0.6020056 0.5508375
vn 0.9339957 -0.1490945 0.3246887
vn 0.7097129 -0.6924744 0.1295639
vn 0.01063799 0.5112195 0.8593843
vn 0.2730847 0.9175115 0.2891324
vn 0.4607028 0.8195724 0.340667
vn 0.2167728 0.4418901 0.8704841
vn -0.1419587 -0.2131214 0.9666577
vn 0.7999588 0.4516044 0.3951195
vn 0.07482414 -0.2310746 0.9700546
vn 0.6420498 0.2064976 0.7383298
vn 0.9339957 -0.1490945 0.3246887
vn 0.5494203 -0.2298268 0.8033163
vn 0.2732489 0.767756 -0.5795564
vn 0.1388338 0.1499295 -0.9789006
vn 0.3464342 0.106186 -0.932045
vn 0.4715137 0.6804945 -0.560894
vn 0.3691849 0.9176894 0.1467948
vn 0.7524923 -0.01123328 -0.6585053
vn 0.5614036 0.8196383 0.114101
vn 0.833458 0.3614739 -0.4179528
vn 0.9837165 -0.1490062 -0.1004933
vn 0.8922408 0.451117 0.01999222
vn 0.04584938 -0.5744011 -0.8172889
vn 0.04731641 -0.9807609 -0.1893917
vn 0.2626114 -0.9443101 -0.1982767
vn 0.2594992 -0.5670012 -0.7817736
vn 0.1388338 0.1499295 -0.9789006
vn 0.6984232 -0.6920497 -0.1824065
vn 0.3464342 0.106186 -0.932045
vn 0.6961884 -0.4477724 -0.5610896
vn 0.9837165 -0.1490062 -0.1004933
vn 0.7524923 -0.01123328 -0.6585053
vn 0.1448899 -0.8310993 0.5369179
vn 0.2793045 -0.2131004 0.936257
vn 0.4775722 -0.2309916 0.8476837
vn 0.3524911 -0.805301 0.4766975
vn 0.04731641 -0.9807609 -0.1893917
vn 0.8375197 -0.229786 0.4957411
vn 0.2626114 -0.9443101 -0.1982767
vn 0.7566686 -0.6019789 0.255096
vn 0.9837165 -0.1490062 -0.1004933
vn 0.6984232 -0.6920497 -0.1824065
vn 0.3722933 0.5111697 0.7746634
vn 0.3691849 0.9176894 0.1467948
vn 0.5614036 0.8196383 0.114101
vn 0.5643465 0.4418299 0.6973516
vn 0.2793045 -0.2131004 0.936257
vn 0.8922408 0.451117 0.01999222
vn 0.4775722 -0.2309916 0.8476837
vn 0.8937934 0.2064399 0.3981406
vn 0.9837165 -0.1490062 -0.1004933
vn 0.8375197 -0.229786 0.4957411
vn 0.003117922 0.7678341 -0.6406412
vn -0.2883159 0.1498435 -0.9457383
vn -0.07922873 0.1061885 -0.9911845
vn 0.1907254 0.6803764 -0.7076098
vn 0.3966982 0.9176512 -0.02338373
vn 0.4043935 -0.01123315 -0.9145162
vn 0.5569928 0.819625 -0.1340671
vn 0.5795593 0.3610325 -0.7305933
vn 0.8488473 -0.1492086 -0.507144
vn 0.8166753 0.4516198 -0.3592785
vn -0.3051729 -0.5743083 -0.7596311
vn -0.03649619 -0.9807664 -0.1917426
vn 0.1542335 -0.9443366 -0.2905863
vn -0.09463049 -0.5668201 -0.8183886
vn -0.2883159 0.1498435 -0.9457383
vn 0.5553316 -0.6924223 -0.4606062
vn -0.07922873 0.1061885 -0.9911845
vn 0.3936199 -0.4476372 -0.8029223
vn 0.8488473 -0.1492086 -0.507144
vn 0.4043935 -0.01123315 -0.9145162
vn 0.3585369 -0.8309161 0.425476
vn 0.64869 -0.2132039 0.7305787
vn 0.790732 -0.2311956 0.5668257
vn 0.5204927 -0.8055441 0.2831715
vn -0.03649619 -0.9807664 -0.1917426
vn 0.968575 -0.229672 0.0954636
vn 0.1542335 -0.9443366 -0.2905863
vn 0.7934369 -0.6021848 -0.08849591
vn 0.8488473 -0.1492086 -0.507144
vn 0.5553316 -0.6924223 -0.4606062
vn 0.6650246 0.5110107 0.5446196
vn 0.3966982 0.9176512 -0.02338373
vn 0.5569928 0.819625 -0.1340671
vn 0.8058432 0.4420767 0.3939352
vn 0.64869 -0.2132039 0.7305787
vn 0.8166753 0.4516198 -0.3592785
vn 0.790732 -0.2311956 0.5668257
vn 0.9782819 0.2066057 -0.01668985
vn 0.8488473 -0.1492086 -0.507144
vn 0.968575 -0.229672 0.0954636
vn -0.2532983 0.768011 -0.5882169
vn -0.6424323 0.1498336 -0.7515522
vn -0.4696733 0.1060937 -0.8764423
vn -0.1083871 0.6803997 -0.7247816
vn 0.3539691 0.9177521 -0.1801024
vn 0.004401741 -0.01109605 -0.9999287
vn 0.4576092 0.8193406 -0.345362
vn 0.2380439 0.3612839 -0.9015592
vn 0.5753304 -0.1491054 -0.8042154
vn 0.6056315 0.4513807 -0.6553366
vn -0.5828698 -0.5745248 -0.5746164
vn -0.109856 -0.9808174 -0.1610243
vn 0.02439262 -0.9443888 -0.3279249
vn -0.4134222 -0.5670798 -0.7123921
vn -0.6424323 0.1498336 -0.7515522
vn 0.3249568 -0.6923671 -0.6442288
vn -0.4696733 0.1060937 -0.8764423
vn 0.04126978 -0.4476394 -0.8932613
vn 0.5753304 -0.1491054 -0.8042154
vn 0.004401741 -0.01109605 -0.9999287
vn 0.4988242 -0.8308082 0.2468446
vn 0.8867038 -0.213194 0.4102495
vn 0.9515676 -0.2310137 0.2028592
vn 0.59051 -0.8053951 0.0513487
vn -0.109856 -0.9808174 -0.1610243
vn 0.9260173 -0.229762 -0.2995021
vn 0.02439262 -0.9443888 -0.3279249
vn 0.6915962 -0.6025103 -0.3983418
vn 0.5753304 -0.1491054 -0.8042154
vn 0.3249568 -0.6923671 -0.6442288
vn 0.8272453 0.5110454 0.2334478
vn 0.3539691 0.9177521 -0.1801024
vn 0.4576092 0.8193406 -0.345362
vn 0.8961106 0.4421405 0.03869819
vn 0.8867038 -0.213194 0.4102495
vn 0.6056315 0.4513807 -0.6553366
vn 0.9515676 -0.2310137 0.2028592
vn 0.890011 0.206685 -0.406401
vn 0.5753304 -0.1491054 -0.8042154
vn 0.9260173 -0.229762 -0.2995021
vn -0.4623005 0.7676583 -0.4438232
vn -0.8834812 0.1499291 -0.4438268
vn -0.7727358 0.1061921 -0.6257817
vn -0.3808005 0.6804528 -0.626079
vn 0.257116 0.9174199 -0.3036976
vn -0.3829895 -0.0110945 -0.923686
vn 0.2869255 0.8196036 -0.4959069
vn -0.1297055 0.3612866 -0.9233897
vn 0.2188872 -0.1490725 -0.9642955
vn 0.3036674 0.4513974 -0.8390629
vn -0.7600448 -0.5745384 -0.3037062
vn -0.1639592 -0.9807748 -0.1058215
vn -0.1038092 -0.9444617 -0.3117943
vn -0.6577903 -0.5669183 -0.4958988
vn -0.8834812 0.1499291 -0.4438268
vn 0.05038805 -0.6923199 -0.7198293
vn -0.7727358 0.1061921 -0.6257817
vn -0.3090177 -0.4474797 -0.8392079
vn 0.2188872 -0.1490725 -0.9642955
vn -0.3829895 -0.0110945 -0.923686
vn 0.555294 -0.8309467 0.03429609
vn 0.9764429 -0.2130037 0.03447671
vn 0.9557854 -0.2311748 -0.1817487
vn 0.5644842 -0.8051877 -0.1817427
vn -0.1639592 -0.9807748 -0.1058215
vn 0.7371153 -0.2297639 -0.6355074
vn -0.1038092 -0.9444617 -0.3117943
vn 0.48362 -0.602095 -0.63529
vn 0.2188872 -0.1490725 -0.9642955
vn 0.05038805 -0.6923199 -0.7198293
vn 0.8530027 0.5111413 -0.1054561
vn 0.257116 0.9174199 -0.3036976
vn 0.2869255 0.8196036 -0.4959069
vn 0.8410077 0.4421458 -0.31179
vn 0.9764429 -0.2130037 0.03447671
vn 0.3036674 0.4513974 -0.8390629
vn 0.9557854 -0.2311748 -0.1817487
vn 0.6624955 0.2066803 -0.7199882
vn 0.2188872 -0.1490725 -0.9642955
vn 0.7371153 -0.2297639 -0.6355074
vn -0.6064957 0.7677022 -0.2068724
vn -0.9882726 0.1499258 -0.02897649
vn -0.9646877 0.1062858 -0.241
vn -0.6097174 0.680602 -0.4062337
vn 0.1044954 0.9175329 -0.3836848
vn -0.7376821 -0.01123258 -0.6750548
vn 0.05107228 0.8194487 -0.5708725
vn -0.5074036 0.3611932 -0.7823561
vn -0.2090215 -0.149098 -0.966478
vn -0.0793247 0.4513713 -0.8888034
vn -0.8172228 -0.5744951 0.04584957
vn -0.1937722 -0.980691 -0.02641098
vn -0.2258185 -0.9444486 -0.2387945
vn -0.8056932 -0.566915 -0.1716563
vn -0.9882726 0.1499258 -0.02897649
vn -0.2586985 -0.692461 -0.6734782
vn -0.9646877 0.1062858 -0.241
vn -0.6347104 -0.4475022 -0.6299878
vn -0.2090215 -0.149098 -0.966478
vn -0.7376821 -0.01123258 -0.6750548
vn 0.5173292 -0.8312204 -0.2035754
vn 0.8993999 -0.2131123 -0.3816581
vn 0.7895172 -0.2310916 -0.5685588
vn 0.4348334 -0.8052487 -0.4031058
vn -0.1937722 -0.980691 -0.02641098
vn 0.3998283 -0.2297637 -0.8873252
vn -0.2258185 -0.9444486 -0.2387945
vn 0.1694777 -0.6022969 -0.7800742
vn -0.2090215 -0.149098 -0.966478
vn -0.2586985 -0.692461 -0.6734782
vn 0.7285126 0.5110777 -0.4561458
vn 0.1044954 0.9175329 -0.3836848
vn 0.05107228 0.8194487 -0.5708725
vn 0.6303222 0.4420232 -0.638208
vn 0.8993999 -0.2131123 -0.3816581
vn -0.0793247 0.4513713 -0.8888034
vn 0.7895172 -0.2310916 -0.5685588
vn 0.2967738 0.2064533 -0.9323639
vn -0.2090215 -0.149098 -0.966478
vn 0.3998283 -0.2297637 -0.8873252
vn -0.6391663 0.7677332 0.04530102
vn -0.9215166 0.1498427 0.3582657
vn -0.9823996 0.1061806 0.1536776
vn -0.7200111 0.6803058 -0.1369965
vn -0.05263409 0.9174745 -0.3942972
vn -0.9423007 -0.01109776 -0.3345837
vn -0.1753213 0.8193885 -0.5457699
vn -0.7721778 0.3612361 -0.5227332
vn -0.5691131 -0.1490185 -0.8086432
vn -0.4189057 0.4516442 -0.7877408
vn -0.7349399 -0.5745444 0.3602251
vn -0.1883602 -0.9807755 0.05098749
vn -0.3013282 -0.9443328 -0.1320489
vn -0.8088931 -0.5669678 0.1556904
vn -0.9215166 0.1498427 0.3582657
vn -0.5005055 -0.6924821 -0.5195793
vn -0.9823996 0.1061806 0.1536776
vn -0.8298811 -0.4474939 -0.3332362
vn -0.5691131 -0.1490185 -0.8086432
vn -0.9423007 -0.01109776 -0.3345837
vn 0.3974505 -0.8311704 -0.3888302
vn 0.6797639 -0.2131712 -0.7017686
vn 0.5058816 -0.2310217 -0.8310913
vn 0.2433785 -0.8053772 -0.5404946
vn -0.1883602 -0.9807755 0.05098749
vn 0.02292593 -0.2297637 -0.9729764
vn -0.3013282 -0.9443328 -0.1320489
vn -0.1472564 -0.6021374 -0.784695
vn -0.5691131 -0.1490185 -0.8086432
vn -0.5005055 -0.6924821 -0.5195793
vn 0.4936081 0.5111256 -0.7036346
vn -0.05263409 0.9174745 -0.3942972
vn -0.1753213 0.8193885 -0.5457699
vn 0.3324848 0.4419681 -0.8331375
vn 0.6797639 -0.2131712 -0.7017686
vn -0.4189057 0.4516442 -0.7877408
vn 0.5058816 -0.2310217 -0.8310913
vn -0.09005396 0.2066106 -0.9742701
vn -0.5691131 -0.1490185 -0.8086432
vn 0.02292593 -0.2297637 -0.9729764
vn -0.5600784 0.7677238 0.3113075
vn -0.6837786 0.1499032 0.7141259
vn -0.8254091 0.1061791 0.55446
vn -0.7102864 0.6804848 0.1800933
vn -0.2143931 0.9175439 -0.3348861
vn -0.9954231 -0.01123244 0.09490263
vn -0.3891454 0.8195985 -0.4205045
vn -0.9207157 0.3612251 -0.1476447
vn -0.8574229 -0.1491091 -0.4925367
vn -0.7125695 0.4514774 -0.5370408
vn -0.513496 -0.5745195 0.6373768
vn -0.1496482 -0.980691 0.1258989
vn -0.3288305 -0.944356 0.007886063
vn -0.6673638 -0.566819 0.4830547
vn -0.6837786 0.1499032 0.7141259
vn -0.6730909 -0.6925316 -0.2595159
vn -0.8254091 0.1061791 0.55446
vn -0.8928891 -0.4476365 0.04868804
vn -0.8574229 -0.1491091 -0.4925367
vn -0.9954231 -0.01123244 0.09490263
vn 0.1960492 -0.8310085 -0.5205666
vn 0.3196715 -0.2131144 -0.923251
vn 0.107654 -0.2310802 -0.9669604
vn -0.007518974 -0.8053095 -0.5928069
vn -0.1496482 -0.980691 0.1258989
vn -0.39064 -0.2297532 -0.8914112
vn -0.3288305 -0.944356 0.007886063
vn -0.465304 -0.6022175 -0.6487113
vn -0.8574229 -0.1491091 -0.4925367
vn -0.6730909 -0.6925316 -0.2595159
vn 0.1494726 0.5111411 -0.8463998
vn -0.2143931 0.9175439 -0.3348861
vn -0.3891454 0.8195985 -0.4205045
vn -0.05025049 0.4419842 -0.8956141
vn 0.3196715 -0.2131144 -0.923251
vn -0.7125695 0.4514774 -0.5370408
vn 0.107654 -0.2310802 -0.9669604
vn -0.4929705 0.2065047 -0.845184
vn -0.8574229 -0.1491091 -0.4925367
vn -0.39064 -0.2297532 -0.8914112
vn -0.3922722 0.76781 0.5065474
vn -0.3479069 0.1499283 0.9254633
vn -0.5409977 0.1061823 0.8342942
vn -0.5820953 0.6804866 0.4450879
vn -0.3288307 0.9175349 -0.2236067
vn -0.8779099 -0.01123292 0.4786942
vn -0.5233984 0.8195292 -0.2332936
vn -0.9046028 0.3611442 0.2264259
vn -0.9820425 -0.1490944 -0.1156003
vn -0.8664897 0.451312 -0.213338
vn -0.2211852 -0.5744213 0.7881099
vn -0.08766627 -0.9807435 0.1745187
vn -0.2989532 -0.9444538 0.1365063
vn -0.4233032 -0.5669107 0.7067012
vn -0.3479069 0.1499283 0.9254633
vn -0.7209764 -0.6924565 0.02639927
vn -0.5409977 0.1061823 0.8342942
vn -0.8018261 -0.4474967 0.3960071
vn -0.9820425 -0.1490944 -0.1156003
vn -0.8779099 -0.01123292 0.4786942
vn -0.0243925 -0.8310875 -0.5556065
vn -0.06877422 -0.2131084 -0.9746051
vn -0.2815147 -0.2311264 -0.9313055
vn -0.2404262 -0.8053178 -0.5419028
vn -0.08766627 -0.9807435 0.1745187
vn -0.7096547 -0.229872 -0.6659948
vn -0.2989532 -0.9444538 0.1365063
vn -0.6828226 -0.6023071 -0.4134966
vn -0.9820425 -0.1490944 -0.1156003
vn -0.7209764 -0.6924565 0.02639927
vn -0.1953249 0.5111458 -0.8370054
vn -0.3288307 0.9175349 -0.2236067
vn -0.5233984 0.8195292 -0.2332936
vn -0.3990652 0.4419794 -0.8033686
vn -0.06877422 -0.2131084 -0.9746051
vn -0.8664897 0.451312 -0.213338
vn -0.2815147 -0.2311264 -0.9313055
vn -0.7858203 0.2064956 -0.5829631
vn -0.9820425 -0.1490944 -0.1156003
vn -0.7096547 -0.229872 -0.6659948
vn -0.1617589 0.7677589 0.6199842
vn 0.04420033 0.149841 0.9877216
vn -0.1692809 0.1061903 0.9798304
vn -0.3600284 0.6805325 0.6381654
vn -0.3906205 0.917408 -0.07601511
vn -0.6187792 -0.01109548 0.7854865
vn -0.5730779 0.8194556 -0.008619092
vn -0.7423461 0.3614078 0.5641867
vn -0.9483749 -0.1490146 0.2799641
vn -0.8804935 0.451434 0.144701
vn 0.1060109 -0.5745312 0.8115883
vn -0.01210393 -0.9807391 0.1949466
vn -0.2211818 -0.9444243 0.2431899
vn -0.1114951 -0.5668737 0.8162249
vn 0.04420033 0.149841 0.9877216
vn -0.6523277 -0.6924906 0.3080997
vn -0.1692809 0.1061903 0.9798304
vn -0.5813631 -0.4475762 0.6794796
vn -0.9483749 -0.1490146 0.2799641
vn -0.6187792 -0.01109548 0.7854865
vn -0.2409897 -0.8311303 -0.5011449
vn -0.4464141 -0.2131196 -0.8690768
vn -0.6254292 -0.2310511 -0.7452878
vn -0.4341099 -0.8054048 -0.4035736
vn -0.01210393 -0.9807391 0.1949466
vn -0.9145837 -0.2296546 -0.3328593
vn -0.2211818 -0.9444243 0.2431899
vn -0.790561 -0.6021816 -0.1113131
vn -0.9483749 -0.1490146 0.2799641
vn -0.6523277 -0.6924906 0.3080997
vn -0.5087711 0.5111553 -0.6927282
vn -0.3906205 0.917408 -0.07601511
vn -0.5730779 0.8194556 -0.008619092
vn -0.6827847 0.4420311 -0.5817333
vn -0.4464141 -0.2131196 -0.8690768
vn -0.8804935 0.451434 0.144701
vn -0.6254292 -0.2310511 -0.7452878
vn -0.951809 0.2065402 -0.2267173
vn -0.9483749 -0.1490146 0.2799641
vn -0.9145837 -0.2296546 -0.3328593
vn 0.1160943 0.7677261 0.6301736
vn 0.4577209 0.1498229 0.8763816
vn 0.2609626 0.1061822 0.9594914
vn -0.05630592 0.6805771 0.7305097
vn -0.3860559 0.917456 0.09610134
vn -0.2289022 -0.01123418 0.9733846
vn -0.5226322 0.8196617 0.2345427
vn -0.4346771 0.3612221 0.8249694
vn -0.740973 -0.1491117 0.6547707
vn -0.7369019 0.4513478 0.5032501
vn 0.4394075 -0.5743841 0.6906547
vn 0.07170906 -0.9807268 0.1817486
vn -0.097749 -0.9443874 0.3139705
vn 0.2441011 -0.5669253 0.7867721
vn 0.4577209 0.1498229 0.8763816
vn -0.4616144 -0.6921924 0.554781
vn 0.2609626 0.1061822 0.9594914
vn -0.2395155 -0.4475327 0.8615956
vn -0.740973 -0.1491117 0.6547707
vn -0.2289022 -0.01123418 0.9733846
vn -0.4302986 -0.8311586 -0.3521626
vn -0.7721301 -0.2132069 -0.5986301
vn -0.8817972 -0.2309949 -0.4111875
vn -0.5637817 -0.8055531 -0.1823029
vn 0.07170906 -0.9807268 0.1817486
vn -0.9695322 -0.2297733 0.0849212
vn -0.097749 -0.9443874 0.3139705
vn -0.7636827 -0.6019687 0.2332864
vn -0.740973 -0.1491117 0.6547707
vn -0.4616144 -0.6921924 0.554781
vn -0.7538067 0.5112039 -0.4128513
vn -0.3860559 0.917456 0.09610134
vn -0.5226322 0.8196617 0.2345427
vn -0.8646568 0.4420936 -0.2385829
vn -0.7721301 -0.2132069 -0.5986301
vn -0.7369019 0.4513478 0.5032501
vn -0.8817972 -0.2309949 -0.4111875
vn -0.9584327 0.2065967 0.196785
vn -0.740973 -0.1491117 0.6547707
vn -0.9695322 -0.2297733 0.0849212
vn 0.3714136 0.7676737 0.5222345
vn 0.7852101 0.1499262 0.6008054
vn 0.6423072 0.1061187 0.7590653
vn 0.2570948 0.6804669 0.6861975
vn -0.3090327 0.9175611 0.2501606
vn 0.2043661 -0.01123142 0.9788301
vn -0.3746933 0.8197217 0.433199
vn -0.04502861 0.3612376 0.931386
vn -0.3951634 -0.1491148 0.9064273
vn -0.4554128 0.4513319 0.7673973
vn 0.6897794 -0.5746175 0.4404759
vn 0.1419511 -0.9807279 0.1342483
vn 0.0443816 -0.9443011 0.3260764
vn 0.55396 -0.5668918 0.6097229
vn 0.7852101 0.1499262 0.6008054
vn -0.1831046 -0.6923499 0.6979429
vn 0.6423072 0.1061187 0.7590653
vn 0.1470807 -0.4474774 0.8821175
vn -0.3951634 -0.1491148 0.9064273
vn 0.2043661 -0.01123142 0.9788301
vn -0.5387307 -0.8312041 -0.1373648
vn -0.9528434 -0.2131082 -0.2160426
vn -0.9729236 -0.2311267 0
vn -0.5881827 -0.805427 0.07299555
vn 0.1419511 -0.9807279 0.1342483
vn -0.8428231 -0.2297317 0.4866955
vn 0.0443816 -0.9443011 0.3260764
vn -0.5935509 -0.6020786 0.5340399
vn -0.3951634 -0.1491148 0.9064273
vn -0.1831046 -0.6923499 0.6979429
vn -0.857633 0.5112512 -0.0555678
vn -0.3090327 0.9175611 0.2501606
vn -0.3746933 0.8197217 0.433199
vn -0.8845072 0.4421161 0.148931
vn -0.9528434 -0.2131082 -0.2160426
vn -0.4554128 0.4513319 0.7673973
vn -0.9729236 -0.2311267 0
vn -0.7856675 0.2064119 0.5831985
vn -0.3951634 -0.1491148 0.9064273
vn -0.8428231 -0.2297317 0.4866955
vn 0.5492615 0.7676707 0.3301415
vn 0.9598076 0.1498353 0.2373156
vn 0.8919771 0.1061899 0.4394319
vn 0.510323 0.6803695 0.5259923
vn -0.1839119 0.9174218 0.3528651
vn 0.5785304 -0.01123583 0.8155834
vn -0.1709067 0.8195544 0.5469198
vn 0.331165 0.3612708 0.8716726
vn 0 -0.1490937 0.9888231
vn -0.110604 0.4514251 0.8854277
vn 0.8085464 -0.5744202 0.1276489
vn 0.1838913 -0.980677 0.06675702
vn 0.1708964 -0.9442741 0.2813199
vn 0.7513027 -0.5667407 0.3381556
vn 0.9598076 0.1498353 0.2373156
vn 0.1105882 -0.6923783 0.7130094
vn 0.8919771 0.1061899 0.4394319
vn 0.487467 -0.4475678 0.7497059
vn 0 -0.1490937 0.9888231
vn 0.5785304 -0.01123583 0.8155834
vn -0.54868 -0.8312674 0.08913314
vn -0.9598005 -0.2131104 0.182666
vn -0.891868 -0.2311178 0.3887878
vn -0.5103242 -0.8052528 0.3018895
vn 0.1838913 -0.980677 0.06675702
vn -0.5783241 -0.2297638 0.7827834
vn 0.1708964 -0.9442741 0.2813199
vn -0.330414 -0.6023148 0.726666
vn 0 -0.1490937 0.9888231
vn 0.1105882 -0.6923783 0.7130094
vn -0.8084753 0.51101 0.2919533
vn -0.1839119 0.9174218 0.3528651
vn -0.1709067 0.8195544 0.5469198
vn -0.7513754 0.4418838 0.4900751
vn -0.9598005 -0.2131104 0.182666
vn -0.110604 0.4514251 0.8854277
vn -0.891868 -0.2311178 0.3887878
vn -0.4874653 0.2064563 0.8483828
vn 0 -0.1490937 0.9888231
vn -0.5783241 -0.2297638 0.7827834
vn 0.6375241 0.7674683 0.06749393
vn 0.9701751 0.1498361 -0.1905504
vn 0.9941087 0.1062791 0.02127417
vn 0.6849173 0.6801495 0.2613138
vn -0.01678143 0.9174766 0.3974357
vn 0.8687309 -0.01109525 0.4951601
vn 0.07630041 0.8195874 0.5678511
vn 0.6684318 0.361364 0.6500884
vn 0.4179928 -0.1490211 0.8961444
vn 0.2746105 0.4513423 0.8490461
vn 0.7869919 -0.5742418 -0.2255884
vn 0.1938482 -0.9808865 -0.01687231
vn 0.2730771 -0.944491 0.1826627
vn 0.8237699 -0.5668175 -0.01100438
vn 0.9701751 0.1498361 -0.1905504
vn 0.4012254 -0.6924255 0.5996376
vn 0.9941087 0.1062791 0.02127417
vn 0.7584795 -0.4476588 0.473614
vn 0.4179928 -0.1490211 0.8961444
vn 0.8687309 -0.01109525 0.4951601
vn -0.4593292 -0.8312677 0.3130665
vn -0.792202 -0.2132711 0.5717791
vn -0.6438361 -0.2309631 0.7294731
vn -0.3342647 -0.8054909 0.4893379
vn 0.1938482 -0.9808865 -0.01687231
vn -0.1938025 -0.2296019 0.9537942
vn 0.2730771 -0.944491 0.1826627
vn 0.007610244 -0.6020344 0.7984338
vn 0.4179928 -0.1490211 0.8961444
vn 0.4012254 -0.6924255 0.5996376
vn -0.6090444 0.511236 0.6063849
vn -0.01678143 0.9174766 0.3974357
vn 0.07630041 0.8195874 0.5678511
vn -0.4732342 0.4421438 0.7619437
vn -0.792202 -0.2132711 0.5717791
vn 0.2746105 0.4513423 0.8490461
vn -0.6438361 -0.2309631 0.7294731
vn -0.08243764 0.2065985 0.9749467
vn 0.4179928 -0.1490211 0.8961444
vn -0.1938025 -0.2296019 0.9537942
vn 0.9349756 0.1834005 -0.3036195
vn 0.7305415 0.1848358 -0.6573773
vn 0.7305909 0.1844815 -0.6574218
vn 0.9349756 0.1834005 -0.3036195
vn 0.9777919 0.1826825 0.1027131
vn 0.9777839 0.1827153 0.1027315
vn 0.8513786 0.1826741 0.4917161
vn 0.8514355 0.1823194 0.491749
vn 0.5780933 0.181938 0.7954286
vn 0.5782154 0.1819187 0.7953442
vn 0.7305415 0.1848358 -0.6573773
vn 0.3998184 0.1848702 -0.8977574
vn 0.7305909 0.1844815 -0.6574218
vn 0.3997414 0.1848769 -0.8977903
vn 0 0.185595 -0.9826263
vn 0 0.185595 -0.9826263
vn -0.3997528 0.1856159 -0.8976327
vn -0.3997528 0.1856159 -0.8976327
vn -0.7301855 0.1856186 -0.6575522
vn -0.7301855 0.1856186 -0.6575522
vn -0.7301855 0.1856186 -0.6575522
vn -0.9345629 0.1855922 -0.3035587
vn -0.7301855 0.1856186 -0.6575522
vn -0.9345498 0.1855896 -0.3036003
vn -0.9773629 0.1849065 0.1028176
vn -0.9773711 0.1848734 0.1027991
vn -0.8512455 0.1844793 0.4912724
vn -0.8511878 0.1848335 0.4912392
vn -0.8511878 0.1848335 0.4912392
vn -0.577572 0.1834144 0.7954683
vn -0.8512455 0.1844793 0.4912724
vn -0.5776941 0.183395 0.795384
vn -0.2044761 0.1826531 0.9616795
vn -0.20452 0.1826514 0.9616705
vn 0.2044898 0.1822985 0.9617439
vn 0.20452 0.1826514 0.9616705
vn 0.5782154 0.1819187 0.7953442
vn 0.5780933 0.181938 0.7954286
vn -0.9369686 0.3352473 0.0984835
vn -0.8161372 0.3344494 0.4712363
vn -0.8163372 0.3337978 0.4713518
vn -0.9369462 0.335305 0.09850042
vn -0.8955495 0.3366562 -0.2909527
vn -0.9369686 0.3352473 0.0984835
vn -0.9369462 0.335305 0.09850042
vn -0.8955495 0.3366562 -0.2909527
vn -0.6995698 0.3374072 -0.6298878
vn -0.8955495 0.3366562 -0.2909527
vn -0.8955495 0.3366562 -0.2909527
vn -0.6994889 0.3373682 -0.6299984
vn -0.3828505 0.3374586 -0.8599694
vn -0.6995698 0.3374072 -0.6298878
vn -0.6994889 0.3373682 -0.6299984
vn -0.3828862 0.3373285 -0.8600044
vn 0 0.3367314 -0.9416007
vn -0.3828505 0.3374586 -0.8599694
vn -0.3828862 0.3373285 -0.8600044
vn 0 0.3367314 -0.9416007
vn 0.3830665 0.3352062 -0.8607537
vn 0 0.3367314 -0.9416007
vn 0 0.3367314 -0.9416007
vn 0.3829883 0.335218 -0.8607839
vn 0.7003507 0.3344958 -0.6305724
vn 0.3830665 0.3352062 -0.8607537
vn 0.3829883 0.335218 -0.8607839
vn 0.7004819 0.3338248 -0.6307822
vn 0.8968548 0.332929 -0.2912212
vn 0.7003507 0.3344958 -0.6305724
vn 0.7004819 0.3338248 -0.6307822
vn 0.8970498 0.3323358 -0.2912982
vn 0.9384816 0.3309267 0.09869099
vn 0.8968548 0.332929 -0.2912212
vn 0.8970498 0.3323358 -0.2912982
vn 0.9382493 0.3315783 0.0987124
vn 0.8175569 0.3301778 0.4717874
vn 0.9384816 0.3309267 0.09869099
vn 0.9382493 0.3315783 0.0987124
vn 0.8173587 0.3308313 0.471673
vn 0.5553297 0.3301167 0.7633032
vn 0.8175569 0.3301778 0.4717874
vn 0.8173587 0.3308313 0.471673
vn 0.5551951 0.3307701 0.7631183
vn 0.1961202 0.3301533 0.9233286
vn 0.5553297 0.3301167 0.7633032
vn 0.5551951 0.3307701 0.7631183
vn 0.1961831 0.3309157 0.9230422
vn -0.1961391 0.3309187 0.9230505
vn 0.1961202 0.3301533 0.9233286
vn 0.1961831 0.3309157 0.9230422
vn -0.1962019 0.3316812 0.9227634
vn -0.5544516 0.3330194 0.7626805
vn -0.1961391 0.3309187 0.9230505
vn -0.1962019 0.3316812 0.9227634
vn -0.5546504 0.3323501 0.7628278
vn -0.8161372 0.3344494 0.4712363
vn -0.5544516 0.3330194 0.7626805
vn -0.5546504 0.3323501 0.7628278
vn -0.8163372 0.3337978 0.4713518
vn 0.2394642 -0.9677582 -0.07811008
vn 0.1876657 -0.9674966 -0.1695045
vn 0.1875991 -0.9675201 -0.1694444
vn 0.2394651 -0.9677615 -0.0780645
vn 0.2501242 -0.967856 0.02631439
vn 0.2502961 -0.9678118 0.02631318
vn 0.2180991 -0.9677802 0.1258335
vn 0.2182014 -0.9677872 0.1256033
vn 0.148031 -0.9677961 0.2036114
vn 0.147984 -0.9678554 0.2033633
vn 0.05259975 -0.9677987 0.2461687
vn 0.05262679 -0.9678196 0.2460807
vn -0.05257632 -0.9677345 0.2464257
vn -0.05257632 -0.9677345 0.2464257
vn -0.1487263 -0.967546 0.2042923
vn -0.1487263 -0.967546 0.2042923
vn -0.2190298 -0.9674733 0.126575
vn -0.2189521 -0.9674969 0.1265301
vn 0.08082096 0.9940427 -0.07312372
vn 0.1036222 0.9940394 -0.03388354
vn 0.08088096 0.9940473 -0.07299462
vn 0.1038036 0.9940205 -0.03388289
vn 0.1098404 0.9938816 0.01159834
vn 0.1099206 0.9938731 0.01156093
vn 0.09608263 0.9938318 0.05537587
vn 0.09608263 0.9938318 0.05537587
vn 0.06564366 0.9938231 0.08948074
vn 0.06564259 0.9938067 0.08966264
vn 0.02287635 0.9939066 0.107826
vn 0.02287545 0.9938672 0.1081885
vn -0.02287635 0.9939066 0.107826
vn -0.02289304 0.9938976 0.1079047
vn -0.06418706 0.9939826 0.08876155
vn -0.06418602 0.9939663 0.08894349
vn -0.09463276 0.9940109 0.05465225
vn -0.09456287 0.9940097 0.05479516
vn 0.1876657 -0.9674966 -0.1695045
vn 0.1035815 -0.9672499 -0.2317293
vn 0.1875991 -0.9675201 -0.1694444
vn 0.1035859 -0.9672911 -0.2315558
vn 0 -0.96716 -0.2541683
vn 0 -0.967205 -0.2539968
vn -0.1037864 -0.9670844 -0.2323276
vn -0.103737 -0.9671111 -0.2322387
vn -0.1892343 -0.9670752 -0.1701642
vn -0.1891245 -0.9670851 -0.1702304
vn -0.241872 -0.9671214 -0.07857632
vn -0.241872 -0.9671214 -0.07857632
vn -0.2524458 -0.9672509 0.02639957
vn -0.2522742 -0.9672956 0.02640079
vn -0.2189521 -0.9674969 0.1265301
vn -0.2190298 -0.9674733 0.126575
vn 0.04411031 0.9940869 -0.09922528
vn 0.08082096 0.9940427 -0.07312372
vn 0.08088096 0.9940473 -0.07299462
vn 0.04411031 0.9940869 -0.09922528
vn 0 0.9941471 -0.1080355
vn 0 0.9941471 -0.1080355
vn -0.04429657 0.9941508 -0.09849797
vn -0.0443873 0.9941288 -0.09867921
vn -0.08015636 0.994159 -0.07226912
vn -0.08015636 0.994159 -0.07226912
vn -0.1028981 0.9941316 -0.03338228
vn -0.1030796 0.9941128 -0.03338165
vn -0.1083911 0.9940433 0.01137098
vn -0.1083911 0.9940433 0.01137098
vn -0.09456287 0.9940097 0.05479516
vn -0.09463276 0.9940109 0.05465225
vn 0 1 0
vn 0 1 0
vn 0 1 0
vn 0 1 0
vn 0 1 0
vn 0 1 0
vn 0 1 0
vn 0 1 0
vn 0 1 0
vn 0 1 0
vn 0 1 0
vn 0 1 0
vn 0 1 0
vn 0 1 0
vn 0 1 0
vn 0 1 0
vn 0 1 0
vn 0 1 0
vn 0 1 0
vn 0 1 0
vn 0 1 0
vn 0 1 0
vn 0 1 0
vn 0 1 0
vn 0 1 0
vn 0 1 0
vn 0 1 0
vn 0 1 0
vn 0 1 0
vn 0 1 0
vn 0 1 0
vn 0 1 0
vn 0 1 0
vn 0 1 0
vn 0 1 0
vn 0 1 0
vn 0 1 0
vn 0 1 0
vn 0 1 0
vn 0 1 0
vn 0 1 0
vn 0 1 0
vn 0 1 0
vn 0 1 0
vn 0 1 0
vn 0 1 0
vn 0 1 0
vn 0 1 0
vn 0 1 0
vn 0 1 0
vn 0 1 0
vn 0 1 0
vn 0 1 0
vn 0 1 0
vn 0 1 0
vn 0 1 0
vn 0 1 0
vn 0 1 0
vn 0 1 0
vn 0 1 0
vn -0.829533 0.2875128 -0.4787602
vn -0.9522939 0.2882739 -0.1001715
vn -0.9525121 0.2875508 -0.1001751
vn -0.8297807 0.286865 -0.4787197
vn -0.9522939 0.2882739 -0.1001715
vn -0.9105524 0.2889711 0.2956178
vn -0.9107453 0.2882987 0.2956804
vn -0.9525121 0.2875508 -0.1001751
vn -0.9105524 0.2889711 0.2956178
vn -0.7109962 0.290487 0.6403917
vn -0.7111059 0.2897981 0.6405822
vn -0.9107453 0.2882987 0.2956804
vn -0.7109962 0.290487 0.6403917
vn -0.3891163 0.2911954 0.873953
vn -0.3891993 0.2905239 0.8741395
vn -0.7111059 0.2897981 0.6405822
vn -0.3891163 0.2911954 0.873953
vn 0 0.2919203 0.9564426
vn 0 0.2912492 0.9566472
vn -0.3891993 0.2905239 0.8741395
vn 0 0.2919203 0.9564426
vn 0.3891366 0.2926777 0.8734486
vn 0.3892201 0.2920068 0.8736359
vn 0 0.2912492 0.9566472
vn 0.3891366 0.2926777 0.8734486
vn 0.7107831 0.2926754 0.6396314
vn 0.7109356 0.2920045 0.6397687
vn 0.3892201 0.2920068 0.8736359
vn 0.7107831 0.2926754 0.6396314
vn 0.9096125 0.2919563 0.2955782
vn 0.9098388 0.2912365 0.2955922
vn 0.7109356 0.2920045 0.6397687
vn 0.9096125 0.2919563 0.2955782
vn 0.9514161 0.2912199 -0.09999222
vn 0.9516365 0.2904976 -0.0999961
vn 0.9098388 0.2912365 0.2955922
vn 0.9514161 0.2912199 -0.09999222
vn 0.8287199 0.2897494 -0.47882
vn 0.8287926 0.2897748 -0.4786787
vn 0.9516365 0.2904976 -0.0999961
vn 0.8287199 0.2897494 -0.47882
vn 0.5628448 0.2889392 -0.7744159
vn 0.5631066 0.288293 -0.7744664
vn 0.8287926 0.2897748 -0.4786787
vn 0.5628448 0.2889392 -0.7744159
vn 0.1990547 0.2882007 -0.9366524
vn 0.1990967 0.2875281 -0.9368501
vn 0.5631066 0.288293 -0.7744664
vn 0.1990547 0.2882007 -0.9366524
vn -0.1990185 0.2874813 -0.9368811
vn -0.1990604 0.2868084 -0.9370784
vn 0.1990967 0.2875281 -0.9368501
vn -0.1990185 0.2874813 -0.9368811
vn -0.5627176 0.2875012 -0.7750431
vn -0.5630415 0.2868394 -0.7750532
vn -0.1990604 0.2868084 -0.9370784
vn -0.5627176 0.2875012 -0.7750431
vn -0.829533 0.2875128 -0.4787602
vn -0.8297807 0.286865 -0.4787197
vn -0.5630415 0.2868394 -0.7750532
vn 0.9774712 -0.1843991 0.1026987
vn 0.9774712 -0.1843991 0.1026987
vn 0.8512741 -0.1840208 0.4913948
vn 0.8512668 -0.1840651 0.4913906
vn 0.5780656 -0.1837862 0.7950237
vn 0.5781901 -0.1837446 0.7949427
vn 0.204538 -0.1841117 0.9613881
vn 0.2044966 -0.184047 0.9614092
vn -0.2045224 -0.1845103 0.961315
vn -0.2044794 -0.1844899 0.961328
vn -0.57766 -0.1852868 0.7949703
vn -0.5775452 -0.1852399 0.7950646
vn -0.8508949 -0.1860645 0.4912817
vn -0.8508986 -0.1860424 0.4912839
vn -0.977014 -0.186801 0.1027084
vn -0.9770224 -0.1867459 0.1027286
vn 0.9347045 -0.1851254 -0.3034076
vn 0.9774712 -0.1843991 0.1026987
vn 0.9774712 -0.1843991 0.1026987
vn 0.9347254 -0.1850837 -0.3033686
vn 0.7304831 -0.1859678 -0.6571229
vn 0.7304924 -0.1859014 -0.6571314
vn 0.3998069 -0.1867905 -0.8973649
vn 0.3997299 -0.1867974 -0.8973978
vn 0 -0.1874324 -0.9822776
vn 0 -0.1873881 -0.9822859
vn -0.3997201 -0.1878015 -0.8971925
vn -0.399727 -0.1877131 -0.8972079
vn -0.7299759 -0.1878129 -0.6571618
vn -0.7299885 -0.1877244 -0.6571731
vn -0.9341806 -0.1875147 -0.3035537
vn -0.9341757 -0.1874678 -0.3035979
vn -0.9770224 -0.1867459 0.1027286
vn -0.977014 -0.186801 0.1027084
vn -0.816905 -0.3321313 0.4715453
vn -0.8169019 -0.3321415 0.4715435
vn -0.937576 -0.3335025 0.09862705
vn -0.9375981 -0.3334451 0.09861009
vn -0.9375981 -0.3334451 0.09861009
vn -0.937576 -0.3335025 0.09862705
vn -0.8962789 -0.3344998 -0.2911943
vn -0.8962789 -0.3344998 -0.2911943
vn -0.8962789 -0.3344998 -0.2911943
vn -0.8962789 -0.3344998 -0.2911943
vn -0.7002227 -0.3350152 -0.6304388
vn -0.7001795 -0.335006 -0.6304916
vn -0.7001795 -0.335006 -0.6304916
vn -0.7002227 -0.3350152 -0.6304388
vn -0.3829277 -0.3351076 -0.8608538
vn -0.3830089 -0.3350754 -0.8608301
vn -0.3830089 -0.3350754 -0.8608301
vn -0.3829277 -0.3351076 -0.8608538
vn 0 -0.3344785 -0.9424034
vn 0 -0.3345261 -0.9423864
vn 0 -0.3345261 -0.9423864
vn 0 -0.3344785 -0.9424034
vn 0.3830979 -0.3335717 -0.8613744
vn 0.3830212 -0.3335732 -0.861408
vn 0.3830212 -0.3335732 -0.861408
vn 0.3830979 -0.3335717 -0.8613744
vn 0.7007298 -0.3322897 -0.6313171
vn 0.700692 -0.3322602 -0.6313747
vn 0.700692 -0.3322602 -0.6313747
vn 0.7007298 -0.3322897 -0.6313171
vn 0.8974532 -0.3308831 -0.2917089
vn 0.8974091 -0.3310033 -0.2917084
vn 0.8974091 -0.3310033 -0.2917084
vn 0.8974532 -0.3308831 -0.2917089
vn 0.9388395 -0.3298687 0.09882762
vn 0.9388613 -0.3298119 0.09881061
vn 0.9388613 -0.3298119 0.09881061
vn 0.9388395 -0.3298687 0.09882762
vn 0.8178151 -0.3288386 0.472275
vn 0.817812 -0.3288488 0.4722731
vn 0.817812 -0.3288488 0.4722731
vn 0.8178151 -0.3288386 0.472275
vn 0.5555146 -0.3285243 0.7638555
vn 0.5554958 -0.3286164 0.7638296
vn 0.5554958 -0.3286164 0.7638296
vn 0.5555146 -0.3285243 0.7638555
vn 0.1960882 -0.3289613 0.9237607
vn 0.1961323 -0.3289584 0.9237524
vn 0.1961323 -0.3289584 0.9237524
vn 0.1960882 -0.3289613 0.9237607
vn -0.1961137 -0.3297296 0.9234813
vn -0.1961469 -0.3297854 0.9234543
vn -0.1961469 -0.3297854 0.9234543
vn -0.1961137 -0.3297296 0.9234813
vn -0.5546182 -0.3308177 0.7635171
vn -0.5546675 -0.3307377 0.7635159
vn -0.5546675 -0.3307377 0.7635159
vn -0.5546182 -0.3308177 0.7635171
vn -0.8169019 -0.3321415 0.4715435
vn -0.816905 -0.3321313 0.4715453
vn 0.1861523 0.9680838 -0.1678122
vn 0.1861466 0.9680541 -0.1679905
vn 0.2380537 0.9681708 -0.07730327
vn 0.2380537 0.9681708 -0.07730327
vn 0.2486844 0.9682369 0.02595047
vn 0.2486844 0.9682369 0.02595047
vn 0.2151445 0.9686089 0.124538
vn 0.2151254 0.9686146 0.124527
vn 0.146525 0.9684585 0.2015406
vn 0.146525 0.9684585 0.2015406
vn 0.05185453 0.9684097 0.2439134
vn 0.05189564 0.9684131 0.2438912
vn -0.05185449 0.9683173 0.24428
vn -0.05185449 0.9683173 0.24428
vn -0.1472786 0.9682237 0.2021183
vn -0.1472731 0.9681879 0.2022942
vn -0.2175077 0.9679641 0.1254429
vn -0.2173379 0.968025 0.1252674
vn 0.1036211 -0.994052 -0.03351639
vn 0.08087869 -0.9940879 -0.07244235
vn 0.08087869 -0.9940879 -0.07244235
vn 0.1038049 -0.9940328 -0.03351652
vn 0.108386 -0.9940428 0.01146214
vn 0.108386 -0.9940423 0.01150799
vn 0.09463276 -0.9940109 0.05465225
vn 0.09463182 -0.994001 0.0548351
vn 0.06418958 -0.9939985 0.08858161
vn 0.06400735 -0.9939937 0.08876663
vn 0.0228792 -0.9939844 0.1071058
vn 0.0228792 -0.9939844 0.1071058
vn -0.02287905 -0.9940239 0.1067384
vn -0.02287905 -0.9940239 0.1067384
vn -0.06418831 -0.9940476 0.08802968
vn -0.06418934 -0.9940637 0.0878477
vn -0.09371814 -0.9941276 0.05410343
vn -0.09389994 -0.9941105 0.0541025
vn 0.1022409 0.9679421 -0.2294232
vn 0.1861466 0.9680541 -0.1679905
vn 0.1861523 0.9680838 -0.1678122
vn 0.1022409 0.9679421 -0.2294232
vn 0 0.9678234 -0.2516304
vn 0 0.967868 -0.2514586
vn -0.1022462 0.9678082 -0.2299851
vn -0.1022552 0.9678022 -0.2300055
vn -0.1868871 0.9678146 -0.1685468
vn -0.1868979 0.9677789 -0.16874
vn -0.2395127 0.9677706 -0.07780495
vn -0.2396856 0.9677281 -0.07780153
vn -0.2494373 0.9680369 0.02618175
vn -0.2494373 0.9680369 0.02618175
vn -0.2173379 0.968025 0.1252674
vn -0.2175077 0.9679641 0.1254429
vn 0.08087869 -0.9940879 -0.07244235
vn 0.08087869 -0.9940879 -0.07244235
vn 0.0442911 -0.9941885 -0.09811901
vn 0.0442903 -0.9941706 -0.09830064
vn 0 -0.9942474 -0.107107
vn 0 -0.9942474 -0.107107
vn -0.04346576 -0.9942791 -0.0975687
vn -0.04346497 -0.9942614 -0.09775035
vn -0.07941159 -0.9942726 -0.07152545
vn -0.07941159 -0.9942726 -0.07152545
vn -0.1021548 -0.9942206 -0.03301231
vn -0.1023362 -0.994202 -0.03301169
vn -0.1069214 -0.9942035 0.01127901
vn -0.10674 -0.9942229 0.01127923
vn -0.09389994 -0.9941105 0.0541025
vn -0.09371814 -0.9941276 0.05410343
vn 0 -1 0
vn 0 -1 0
vn 0 -1 0
vn 0 -1 0
vn 0 -1 0
vn 0 -1 0
vn 0 -1 0
vn 0 -1 0
vn 0 -1 0
vn 0 -1 0
vn 0 -1 0
vn 0 -1 0
vn 0 -1 0
vn 0 -1 0
vn 0 -1 0
vn 0 -1 0
vn 0 -1 0
vn 0 -1 0
vn 0 -1 0
vn 0 -1 0
vn 0 -1 0
vn 0 -1 0
vn 0 -1 0
vn 0 -1 0
vn 0 -1 0
vn 0 -1 0
vn 0 -1 0
vn 0 -1 0
vn 0 -1 0
vn 0 -1 0
vn 0 -1 0
vn 0 -1 0
vn 0 -1 0
vn 0 -1 0
vn 0 -1 0
vn 0 -1 0
vn 0 -1 0
vn 0 -1 0
vn 0 -1 0
vn 0 -1 0
vn 0 -1 0
vn 0 -1 0
vn 0 -1 0
vn 0 -1 0
vn 0 -1 0
vn 0 -1 0
vn 0 -1 0
vn 0 -1 0
vn 0 -1 0
vn 0 -1 0
vn 0 -1 0
vn 0 -1 0
vn 0 -1 0
vn 0 -1 0
vn 0 -1 0
vn 0 -1 0
vn 0 -1 0
vn 0 -1 0
vn 0 -1 0
vn 0 -1 0
vn -0.9525028 -0.2875824 -0.1001742
vn -0.9524873 -0.2876274 -0.1001918
vn -0.8297946 -0.2866817 -0.4788053
vn -0.8298678 -0.2867056 -0.4786641
vn -0.9106817 -0.2884735 0.2957056
vn -0.9106951 -0.2884734 0.2956641
vn -0.9524873 -0.2876274 -0.1001918
vn -0.9525028 -0.2875824 -0.1001742
vn -0.7111894 -0.2897918 0.6404923
vn -0.7112329 -0.2898009 0.6404397
vn -0.9106951 -0.2884734 0.2956641
vn -0.9106817 -0.2884735 0.2957056
vn -0.3890774 -0.2908911 0.8740715
vn -0.3890779 -0.2908871 0.8740727
vn -0.7112329 -0.2898009 0.6404397
vn -0.7111894 -0.2897918 0.6404923
vn 0 -0.2916792 0.9565162
vn 0 -0.291674 0.9565179
vn -0.3890779 -0.2908871 0.8740727
vn -0.3890774 -0.2908911 0.8740715
vn 0.3891823 -0.2923109 0.8735511
vn 0.389183 -0.2923056 0.8735526
vn 0 -0.291674 0.9565179
vn 0 -0.2916792 0.9565162
vn 0.7108856 -0.2922247 0.6397236
vn 0.7108874 -0.2922169 0.6397253
vn 0.389183 -0.2923056 0.8735526
vn 0.3891823 -0.2923109 0.8735511
vn 0.9096552 -0.2918095 0.2955921
vn 0.9096224 -0.2918622 0.2956411
vn 0.7108874 -0.2922169 0.6397253
vn 0.7108856 -0.2922247 0.6397236
vn 0.9515255 -0.2908649 -0.09998445
vn 0.9515085 -0.2909143 -0.1000019
vn 0.9096224 -0.2918622 0.2956411
vn 0.9096552 -0.2918095 0.2955921
vn 0.8287789 -0.2898273 -0.4786707
vn 0.8287085 -0.2897927 -0.4788134
vn 0.9515085 -0.2909143 -0.1000019
vn 0.9515255 -0.2908649 -0.09998445
vn 0.5630105 -0.288497 -0.7744603
vn 0.562868 -0.2884696 -0.7745739
vn 0.8287085 -0.2897927 -0.4788134
vn 0.8287789 -0.2898273 -0.4786707
vn 0.1990573 -0.2874571 -0.9368803
vn 0.1990574 -0.2874558 -0.9368806
vn 0.562868 -0.2884696 -0.7745739
vn 0.5630105 -0.288497 -0.7744603
vn -0.1990623 -0.2867768 -0.9370877
vn -0.1990629 -0.2867676 -0.9370903
vn 0.1990574 -0.2874558 -0.9368806
vn 0.1990573 -0.2874571 -0.9368803
vn -0.563097 -0.2865238 -0.7751296
vn -0.5630181 -0.2864764 -0.7752044
vn -0.1990629 -0.2867676 -0.9370903
vn -0.1990623 -0.2867768 -0.9370877
vn -0.8298678 -0.2867056 -0.4786641
vn -0.8297946 -0.2866817 -0.4788053
vn -0.5630181 -0.2864764 -0.7752044
vn -0.563097 -0.2865238 -0.7751296
vn 0.9850328 0.1379156 0.1033908
vn 0.9418475 0.1386364 -0.3061096
vn 0.9471154 0.09133684 -0.3076199
vn 0.9903994 0.09097002 0.1040836
vn 0.857736 0.1375459 0.4953485
vn 0.9510179 0 -0.3091358
vn 0.8622817 0.09059276 0.4982601
vn 0.5827002 0.1375591 0.8009606
vn 0.5857313 0.09059214 0.8054265
vn 0.9945235 0 0.104513
vn 0.8661245 0 0.4998284
vn 0.5873972 0 0.8092988
vn 0.5857508 -0.09022836 0.8054532
vn 0.8623891 -0.09023722 0.4981388
vn 0.5826367 -0.137269 0.8010566
vn 0.8577468 -0.1374559 0.4953547
vn 0.9904489 -0.09042432 0.1040888
vn 0.9471628 -0.09079117 -0.3076353
vn 0.9850709 -0.1376202 0.1034214
vn 0.9418451 -0.1384527 -0.3062005
vn 0.2059541 0.1375167 0.9688509
vn 0.5827002 0.1375591 0.8009606
vn 0.5857313 0.09059214 0.8054265
vn 0.2066881 0.09059796 0.9742032
vn -0.205856 0.137879 0.9688203
vn 0.5873972 0 0.8092988
vn -0.2067251 0.09096088 0.9741616
vn -0.5819915 0.1386218 0.8012926
vn 0.2083326 0 0.978058
vn -0.5852442 0.09133551 0.8056965
vn -0.8575914 0.1390193 0.4951875
vn -0.8622741 0.09169226 0.4980724
vn -0.8660451 0 0.4999659
vn -0.2083326 0 0.978058
vn -0.5873972 0 0.8092988
vn -0.8622386 -0.09113836 0.4982353
vn -0.585187 -0.09077643 0.8058013
vn -0.8575914 -0.1390193 0.4951875
vn -0.5820137 -0.138352 0.8013231
vn -0.2067354 -0.09041522 0.9742103
vn -0.2058147 -0.1377904 0.9688417
vn 0.2066949 -0.09023418 0.9742356
vn 0.2059567 -0.1374267 0.968863
vn 0.5857508 -0.09022836 0.8054532
vn 0.5826367 -0.137269 0.8010566
vn -0.9847625 0.1397372 0.1035193
vn -0.8575914 0.1390193 0.4951875
vn -0.8622741 0.09169226 0.4980724
vn -0.9902997 0.0920612 0.1040732
vn -0.9416871 0.1401069 -0.3059337
vn -0.8660451 0 0.4999659
vn -0.9469982 0.09205909 -0.3077652
vn -0.7356396 0.1404886 -0.6626442
vn -0.9945195 0 0.1045511
vn -0.7400585 0.09241564 -0.6661627
vn -0.4028005 0.1404713 -0.9044444
vn -0.4051651 0.09244146 -0.909558
vn -0.9510543 0 -0.3090238
vn -0.7431847 0 -0.6690863
vn -0.4066319 0 -0.9135921
vn -0.4051788 -0.09207775 -0.9095888
vn -0.7400836 -0.09205203 -0.6661853
vn -0.4028108 -0.1402915 -0.9044676
vn -0.7356585 -0.1403088 -0.6626613
vn -0.9470143 -0.09187725 -0.3077705
vn -0.9416993 -0.140017 -0.3059376
vn -0.9903498 -0.09151566 0.1040784
vn -0.9847877 -0.1395575 0.1035219
vn -0.8622386 -0.09113836 0.4982353
vn -0.8575914 -0.1390193 0.4951875
vn 0 0.1401118 -0.9901357
vn -0.4028005 0.1404713 -0.9044444
vn -0.4051651 0.09244146 -0.909558
vn 0 0.09205679 -0.9957538
vn 0.4028419 0.1397521 -0.9045373
vn -0.4066319 0 -0.9135921
vn 0.4044303 0.09207437 -0.9099222
vn 0.735701 0.139033 -0.662883
vn 0 0 -1
vn 0.7400255 0.09170081 -0.6662981
vn 0.9418475 0.1386364 -0.3061096
vn 0.9471154 0.09133684 -0.3076199
vn 0.4073122 0 -0.913289
vn 0.7431847 0 -0.6690863
vn 0.9510179 0 -0.3091358
vn 0.9471628 -0.09079117 -0.3076353
vn 0.7399723 -0.09114404 -0.6664336
vn 0.9418451 -0.1384527 -0.3062005
vn 0.7356917 -0.1391229 -0.6628745
vn 0.4045274 -0.09152535 -0.9099344
vn 0.4027854 -0.1395491 -0.9045938
vn 0 -0.09187496 -0.9957705
vn 0 -0.1400219 -0.9901484
vn -0.4051788 -0.09207775 -0.9095888
vn -0.4028108 -0.1402915 -0.9044676
vn -0.2606741 -0.06089106 -0.9635047
vn -0.2604247 -0.03814671 -0.9647403
vn -0.260683 -0.06088946 -0.9635023
vn -0.2603549 -0.03374514 -0.9649231
vn -0.2615489 0.02934373 -0.9647441
vn -0.2617891 0.03667898 -0.9644279
vn -0.2659158 0.1276396 -0.9555087
vn -0.266332 0.1357164 -0.9542789
vn -0.2721445 0.2464705 -0.9301557
vn -0.2726647 0.2538654 -0.928012
vn -0.2787828 0.3726886 -0.8850895
vn -0.2791125 0.3792906 -0.8821762
vn -0.2841468 0.4929246 -0.8223661
vn -0.2843994 0.4967119 -0.8199965
vn -0.2876299 0.5928226 -0.7522171
vn -0.2875377 0.5954254 -0.7501938
vn -0.2891372 0.6653914 -0.6882253
vn -0.2891131 0.666096 -0.6875534
vn -0.2893768 0.7077424 -0.6444857
vn -0.2894024 0.7077823 -0.6444303
vn -1 0 0
vn -1 0 0
vn -1 0 0
vn -1 0 0
vn -1 0 0
vn -1 0 0
vn -1 0 0
vn -1 0 0
vn -1 0 0
vn -1 0 0
vn -1 0 0
vn -1 0 0
vn -1 0 0
vn -1 0 0
vn -1 0 0
vn -1 0 0
vn -1 0 0
vn -1 0 0
vn -1 0 0
vn -1 0 0
vn -0.2570292 0.0887715 0.9623178
vn -0.2565032 0.06749471 0.9641839
vn -0.2570158 0.08949498 0.9622545
vn -0.2563745 0.06309063 0.9645163
vn -0.2573109 0.004401527 0.9663186
vn -0.2576081 -0.003667999 0.9662425
vn -0.262049 -0.09536374 0.9603313
vn -0.2625935 -0.1041754 0.9592665
vn -0.2692667 -0.2193327 0.9377573
vn -0.2698303 -0.2281522 0.9354882
vn -0.277076 -0.3529092 0.8936912
vn -0.2774176 -0.3609042 0.8903862
vn -0.2833259 -0.4817986 0.8292144
vn -0.2836833 -0.4857378 0.8267906
vn -0.2873152 -0.5881941 0.7559615
vn -0.2873816 -0.5903941 0.7542192
vn -0.28924 -0.6635416 0.6899658
vn -0.2890901 -0.6646551 0.6889561
vn -0.2895178 -0.7073325 0.6448722
vn -0.289527 -0.7073761 0.6448202
vn 0.7718973 0.05501916 0.6333622
vn 0.7710391 0.03521344 0.6358135
vn 0.77195 0.05428937 0.6333607
vn 0.7714245 0.04328294 0.634847
vn 0.7730893 -0.01173744 0.6341886
vn 0.7721139 0.002934383 0.6354774
vn 0.7795811 -0.0777621 0.621455
vn 0.7777914 -0.06088773 0.6255664
vn 0.7881801 -0.1547843 0.5956627
vn 0.7863635 -0.1393755 0.6018363
vn 0.796696 -0.2333035 0.5575348
vn 0.7954345 -0.2208335 0.5643727
vn 0.8031453 -0.3059208 0.5112436
vn 0.8024683 -0.298568 0.5166254
vn 0.8069128 -0.3660294 0.4635883
vn 0.8066795 -0.3623497 0.4668736
vn 0.8087757 -0.4086928 0.422909
vn 0.808601 -0.4078837 0.4240229
vn 0.8088556 -0.4349408 0.3957008
vn 0.8090516 -0.4343176 0.3959846
vn 0.7747788 -0.04401501 -0.6306984
vn 0.774232 -0.02347477 -0.6324664
vn 0.7748042 -0.04328277 -0.6307179
vn 0.7744865 -0.03154432 -0.6318034
vn 0.7763902 0.02420849 -0.6297874
vn 0.7754927 0.01100396 -0.6312606
vn 0.7823558 0.08949684 -0.6163682
vn 0.7808449 0.07336074 -0.6204026
vn 0.7901304 0.16432 -0.5905022
vn 0.7885862 0.149648 -0.5964371
vn 0.797617 0.2405878 -0.5531045
vn 0.7965882 0.2288706 -0.5595224
vn 0.8036026 0.3095887 -0.5083088
vn 0.8029478 0.3029421 -0.5133236
vn 0.8068524 0.3681455 -0.4620153
vn 0.8069608 0.3638711 -0.4652011
vn 0.808731 0.4093895 -0.4223205
vn 0.8087983 0.4079705 -0.4235629
vn 0.808883 0.4349586 -0.3956253
vn 0.8090548 0.4343143 -0.3959816
vn -0.2894024 0.7077823 -0.6444303
vn -0.289471 0.7211285 -0.6294286
vn -0.2894526 0.7211326 -0.6294322
vn -0.2893768 0.7077424 -0.6444857
vn -1 0 0
vn -1 0 0
vn -1 0 0
vn -1 0 0
vn -0.289527 -0.7073761 0.6448202
vn -0.2894526 -0.7211326 0.6294322
vn -0.289471 -0.7211285 0.6294286
vn -0.2895178 -0.7073325 0.6448722
vn 0.8090516 -0.4343176 0.3959846
vn 0.8091561 -0.4424365 0.3866734
vn 0.8091868 -0.4424502 0.3865936
vn 0.8088556 -0.4349408 0.3957008
vn 0.8090548 0.4343143 -0.3959816
vn 0.8091581 0.4424345 -0.3866716
vn 0.8089215 0.4430425 -0.3864703
vn 0.808883 0.4349586 -0.3956253
vn 0.003027634 -0.9314103 -0.3639583
vn 9.739721E-05 -0.9298798 -0.3678635
vn -0.001039603 -0.9317595 -0.3630744
vn 0.006098008 -0.9294648 -0.3688607
vn -0.004985339 -0.9307801 -0.3655457
vn -0.003738007 -0.9275985 -0.37356
vn 1.432302E-06 0.6519381 0.7582722
vn 0 0.6514708 0.7586737
vn 0 0.6515162 0.7586348
vn 0 0.6515162 0.7586348
vn 0 0.6515162 0.7586348
vn -2.149331E-06 0.6514708 0.7586737
g Barrel_0
f 3/3/3 2/2/2 1/1/1
f 4/4/4 3/3/3 1/1/1
f 7/7/7 6/6/6 5/5/5
f 8/8/8 7/7/7 5/5/5
f 11/11/11 10/10/10 9/9/9
f 12/12/12 11/11/11 9/9/9
f 15/15/15 14/14/14 13/13/13
f 16/16/16 15/15/15 13/13/13
f 19/19/19 18/18/18 17/17/17
f 20/20/20 19/19/19 17/17/17
f 23/23/23 22/22/22 21/21/21
f 24/24/24 23/23/23 21/21/21
f 27/27/27 26/26/26 25/25/25
f 28/28/28 27/27/27 25/25/25
f 31/31/31 30/30/30 29/29/29
f 32/32/32 31/31/31 29/29/29
f 35/35/35 34/34/34 33/33/33
f 36/36/36 35/35/35 33/33/33
f 39/39/39 38/38/38 37/37/37
f 40/40/40 39/39/39 37/37/37
f 43/43/43 42/42/42 41/41/41
f 44/44/44 43/43/43 41/41/41
f 47/47/47 46/46/46 45/45/45
f 48/48/48 47/47/47 45/45/45
f 51/51/51 50/50/50 49/49/49
f 52/52/52 51/51/51 49/49/49
f 55/55/55 54/54/54 53/53/53
f 56/56/56 55/55/55 53/53/53
f 59/59/59 58/58/58 57/57/57
f 60/60/60 59/59/59 57/57/57
f 63/63/63 62/62/62 61/61/61
f 64/64/64 63/63/63 61/61/61
f 67/67/67 66/66/66 65/65/65
f 68/68/68 67/67/67 65/65/65
f 69/69/69 67/67/67 68/68/68
f 68/68/68 65/65/65 70/70/70
f 71/71/71 69/69/69 68/68/68
f 72/72/72 68/68/68 70/70/70
f 71/71/71 68/68/68 72/72/72
f 73/73/73 72/72/72 70/70/70
f 74/74/74 71/71/71 72/72/72
f 73/73/73 74/74/74 72/72/72
f 77/77/77 76/76/76 75/75/75
f 78/78/78 77/77/77 75/75/75
f 79/79/79 77/77/77 78/78/78
f 78/78/78 75/75/75 80/80/80
f 81/81/81 79/79/79 78/78/78
f 82/82/82 78/78/78 80/80/80
f 81/81/81 78/78/78 82/82/82
f 83/83/83 82/82/82 80/80/80
f 84/84/84 81/81/81 82/82/82
f 83/83/83 84/84/84 82/82/82
f 87/87/87 86/86/86 85/85/85
f 88/88/88 87/87/87 85/85/85
f 89/89/89 87/87/87 88/88/88
f 88/88/88 85/85/85 90/90/90
f 91/91/91 89/89/89 88/88/88
f 92/92/92 88/88/88 90/90/90
f 91/91/91 88/88/88 92/92/92
f 93/93/93 92/92/92 90/90/90
f 94/94/94 91/91/91 92/92/92
f 93/93/93 94/94/94 92/92/92
f 97/97/97 96/96/96 95/95/95
f 98/98/98 97/97/97 95/95/95
f 99/99/99 97/97/97 98/98/98
f 98/98/98 95/95/95 100/100/100
f 101/101/101 99/99/99 98/98/98
f 102/102/102 98/98/98 100/100/100
f 101/101/101 98/98/98 102/102/102
f 103/103/103 102/102/102 100/100/100
f 104/104/104 101/101/101 102/102/102
f 103/103/103 104/104/104 102/102/102
f 107/107/107 106/106/106 105/105/105
f 108/108/108 107/107/107 105/105/105
f 109/109/109 107/107/107 108/108/108
f 108/108/108 105/105/105 110/110/110
f 111/111/111 109/109/109 108/108/108
f 112/112/112 108/108/108 110/110/110
f 111/111/111 108/108/108 112/112/112
f 113/113/113 112/112/112 110/110/110
f 114/114/114 111/111/111 112/112/112
f 113/113/113 114/114/114 112/112/112
f 117/117/117 116/116/116 115/115/115
f 118/118/118 117/117/117 115/115/115
f 119/119/119 117/117/117 118/118/118
f 118/118/118 115/115/115 120/120/120
f 121/121/121 119/119/119 118/118/118
f 122/122/122 118/118/118 120/120/120
f 121/121/121 118/118/118 122/122/122
f 123/123/123 122/122/122 120/120/120
f 124/124/124 121/121/121 122/122/122
f 123/123/123 124/124/124 122/122/122
f 127/127/127 126/126/126 125/125/125
f 128/128/128 127/127/127 125/125/125
f 129/129/129 127/127/127 128/128/128
f 128/128/128 125/125/125 130/130/130
f 131/131/131 129/129/129 128/128/128
f 132/132/132 128/128/128 130/130/130
f 131/131/131 128/128/128 132/132/132
f 133/133/133 132/132/132 130/130/130
f 134/134/134 131/131/131 132/132/132
f 133/133/133 134/134/134 132/132/132
f 137/137/137 136/136/136 135/135/135
f 138/138/138 137/137/137 135/135/135
f 139/139/139 137/137/137 138/138/138
f 138/138/138 135/135/135 140/140/140
f 141/141/141 139/139/139 138/138/138
f 142/142/142 138/138/138 140/140/140
f 141/141/141 138/138/138 142/142/142
f 143/143/143 142/142/142 140/140/140
f 144/144/144 141/141/141 142/142/142
f 143/143/143 144/144/144 142/142/142
f 147/147/147 146/146/146 145/145/145
f 148/148/148 147/147/147 145/145/145
f 149/149/149 147/147/147 148/148/148
f 148/148/148 145/145/145 150/150/150
f 151/151/151 149/149/149 148/148/148
f 152/152/152 148/148/148 150/150/150
f 151/151/151 148/148/148 152/152/152
f 153/153/153 152/152/152 150/150/150
f 154/154/154 151/151/151 152/152/152
f 153/153/153 154/154/154 152/152/152
f 157/157/157 156/156/156 155/155/155
f 158/158/158 157/157/157 155/155/155
f 159/159/159 157/157/157 158/158/158
f 158/158/158 155/155/155 160/160/160
f 161/161/161 159/159/159 158/158/158
f 162/162/162 158/158/158 160/160/160
f 161/161/161 158/158/158 162/162/162
f 163/163/163 162/162/162 160/160/160
f 164/164/164 161/161/161 162/162/162
f 163/163/163 164/164/164 162/162/162
f 167/167/167 166/166/166 165/165/165
f 168/168/168 167/167/167 165/165/165
f 169/169/169 167/167/167 168/168/168
f 168/168/168 165/165/165 170/170/170
f 171/171/171 169/169/169 168/168/168
f 172/172/172 168/168/168 170/170/170
f 171/171/171 168/168/168 172/172/172
f 173/173/173 172/172/172 170/170/170
f 174/174/174 171/171/171 172/172/172
f 173/173/173 174/174/174 172/172/172
f 177/177/177 176/176/176 175/175/175
f 178/178/178 177/177/177 175/175/175
f 179/179/179 177/177/177 178/178/178
f 178/178/178 175/175/175 180/180/180
f 181/181/181 179/179/179 178/178/178
f 182/182/182 178/178/178 180/180/180
f 181/181/181 178/178/178 182/182/182
f 183/183/183 182/182/182 180/180/180
f 184/184/184 181/181/181 182/182/182
f 183/183/183 184/184/184 182/182/182
f 187/187/187 186/186/186 185/185/185
f 188/188/188 187/187/187 185/185/185
f 189/189/189 187/187/187 188/188/188
f 188/188/188 185/185/185 190/190/190
f 191/191/191 189/189/189 188/188/188
f 192/192/192 188/188/188 190/190/190
f 191/191/191 188/188/188 192/192/192
f 193/193/193 192/192/192 190/190/190
f 194/194/194 191/191/191 192/192/192
f 193/193/193 194/194/194 192/192/192
f 197/197/197 196/196/196 195/195/195
f 198/198/198 197/197/197 195/195/195
f 199/199/199 197/197/197 198/198/198
f 198/198/198 195/195/195 200/200/200
f 201/201/201 199/199/199 198/198/198
f 202/202/202 198/198/198 200/200/200
f 201/201/201 198/198/198 202/202/202
f 203/203/203 202/202/202 200/200/200
f 204/204/204 201/201/201 202/202/202
f 203/203/203 204/204/204 202/202/202
f 207/207/207 206/206/206 205/205/205
f 208/208/208 207/207/207 205/205/205
f 209/209/209 207/207/207 208/208/208
f 208/208/208 205/205/205 210/210/210
f 211/211/211 209/209/209 208/208/208
f 212/212/212 208/208/208 210/210/210
f 211/211/211 208/208/208 212/212/212
f 213/213/213 212/212/212 210/210/210
f 214/214/214 211/211/211 212/212/212
f 213/213/213 214/214/214 212/212/212
f 217/217/217 216/216/216 215/215/215
f 218/218/218 217/217/217 215/215/215
f 219/219/219 217/217/217 218/218/218
f 218/218/218 215/215/215 220/220/220
f 221/221/221 219/219/219 218/218/218
f 222/222/222 218/218/218 220/220/220
f 221/221/221 218/218/218 222/222/222
f 223/223/223 222/222/222 220/220/220
f 224/224/224 221/221/221 222/222/222
f 223/223/223 224/224/224 222/222/222
f 227/227/227 226/226/226 225/225/225
f 228/228/228 227/227/227 225/225/225
f 229/229/229 227/227/227 228/228/228
f 228/228/228 225/225/225 230/230/230
f 231/231/231 229/229/229 228/228/228
f 232/232/232 228/228/228 230/230/230
f 231/231/231 228/228/228 232/232/232
f 233/233/233 232/232/232 230/230/230
f 234/234/234 231/231/231 232/232/232
f 233/233/233 234/234/234 232/232/232
f 237/237/237 236/236/236 235/235/235
f 238/238/238 237/237/237 235/235/235
f 239/239/239 237/237/237 238/238/238
f 238/238/238 235/235/235 240/240/240
f 241/241/241 239/239/239 238/238/238
f 242/242/242 238/238/238 240/240/240
f 241/241/241 238/238/238 242/242/242
f 243/243/243 242/242/242 240/240/240
f 244/244/244 241/241/241 242/242/242
f 243/243/243 244/244/244 242/242/242
f 247/247/247 246/246/246 245/245/245
f 248/248/248 247/247/247 245/245/245
f 249/249/249 247/247/247 248/248/248
f 248/248/248 245/245/245 250/250/250
f 251/251/251 249/249/249 248/248/248
f 252/252/252 248/248/248 250/250/250
f 251/251/251 248/248/248 252/252/252
f 253/253/253 252/252/252 250/250/250
f 254/254/254 251/251/251 252/252/252
f 253/253/253 254/254/254 252/252/252
f 257/257/257 256/256/256 255/255/255
f 258/258/258 257/257/257 255/255/255
f 259/259/259 257/257/257 258/258/258
f 258/258/258 255/255/255 260/260/260
f 261/261/261 259/259/259 258/258/258
f 262/262/262 258/258/258 260/260/260
f 261/261/261 258/258/258 262/262/262
f 263/263/263 262/262/262 260/260/260
f 264/264/264 261/261/261 262/262/262
f 263/263/263 264/264/264 262/262/262
f 267/267/267 266/266/266 265/265/265
f 268/268/268 267/267/267 265/265/265
f 269/269/269 267/267/267 268/268/268
f 268/268/268 265/265/265 270/270/270
f 271/271/271 269/269/269 268/268/268
f 272/272/272 268/268/268 270/270/270
f 271/271/271 268/268/268 272/272/272
f 273/273/273 272/272/272 270/270/270
f 274/274/274 271/271/271 272/272/272
f 273/273/273 274/274/274 272/272/272
f 277/277/277 276/276/276 275/275/275
f 278/278/278 277/277/277 275/275/275
f 279/279/279 277/277/277 278/278/278
f 278/278/278 275/275/275 280/280/280
f 281/281/281 279/279/279 278/278/278
f 282/282/282 278/278/278 280/280/280
f 281/281/281 278/278/278 282/282/282
f 283/283/283 282/282/282 280/280/280
f 284/284/284 281/281/281 282/282/282
f 283/283/283 284/284/284 282/282/282
f 287/287/287 286/286/286 285/285/285
f 288/288/288 287/287/287 285/285/285
f 289/289/289 287/287/287 288/288/288
f 288/288/288 285/285/285 290/290/290
f 291/291/291 289/289/289 288/288/288
f 292/292/292 288/288/288 290/290/290
f 291/291/291 288/288/288 292/292/292
f 293/293/293 292/292/292 290/290/290
f 294/294/294 291/291/291 292/292/292
f 293/293/293 294/294/294 292/292/292
f 297/297/297 296/296/296 295/295/295
f 298/298/298 297/297/297 295/295/295
f 299/299/299 297/297/297 298/298/298
f 298/298/298 295/295/295 300/300/300
f 301/301/301 299/299/299 298/298/298
f 302/302/302 298/298/298 300/300/300
f 301/301/301 298/298/298 302/302/302
f 303/303/303 302/302/302 300/300/300
f 304/304/304 301/301/301 302/302/302
f 303/303/303 304/304/304 302/302/302
f 307/307/307 306/306/306 305/305/305
f 308/308/308 307/307/307 305/305/305
f 309/309/309 307/307/307 308/308/308
f 308/308/308 305/305/305 310/310/310
f 311/311/311 309/309/309 308/308/308
f 312/312/312 308/308/308 310/310/310
f 311/311/311 308/308/308 312/312/312
f 313/313/313 312/312/312 310/310/310
f 314/314/314 311/311/311 312/312/312
f 313/313/313 314/314/314 312/312/312
f 317/317/317 316/316/316 315/315/315
f 318/318/318 317/317/317 315/315/315
f 319/319/319 317/317/317 318/318/318
f 318/318/318 315/315/315 320/320/320
f 321/321/321 319/319/319 318/318/318
f 322/322/322 318/318/318 320/320/320
f 321/321/321 318/318/318 322/322/322
f 323/323/323 322/322/322 320/320/320
f 324/324/324 321/321/321 322/322/322
f 323/323/323 324/324/324 322/322/322
f 327/327/327 326/326/326 325/325/325
f 328/328/328 327/327/327 325/325/325
f 329/329/329 327/327/327 328/328/328
f 328/328/328 325/325/325 330/330/330
f 331/331/331 329/329/329 328/328/328
f 332/332/332 328/328/328 330/330/330
f 331/331/331 328/328/328 332/332/332
f 333/333/333 332/332/332 330/330/330
f 334/334/334 331/331/331 332/332/332
f 333/333/333 334/334/334 332/332/332
f 337/337/337 336/336/336 335/335/335
f 338/338/338 337/337/337 335/335/335
f 339/339/339 337/337/337 338/338/338
f 338/338/338 335/335/335 340/340/340
f 341/341/341 339/339/339 338/338/338
f 342/342/342 338/338/338 340/340/340
f 341/341/341 338/338/338 342/342/342
f 343/343/343 342/342/342 340/340/340
f 344/344/344 341/341/341 342/342/342
f 343/343/343 344/344/344 342/342/342
f 347/347/347 346/346/346 345/345/345
f 348/348/348 347/347/347 345/345/345
f 349/349/349 347/347/347 348/348/348
f 348/348/348 345/345/345 350/350/350
f 351/351/351 349/349/349 348/348/348
f 352/352/352 348/348/348 350/350/350
f 351/351/351 348/348/348 352/352/352
f 353/353/353 352/352/352 350/350/350
f 354/354/354 351/351/351 352/352/352
f 353/353/353 354/354/354 352/352/352
f 357/357/357 356/356/356 355/355/355
f 358/358/358 357/357/357 355/355/355
f 359/359/359 357/357/357 358/358/358
f 358/358/358 355/355/355 360/360/360
f 361/361/361 359/359/359 358/358/358
f 362/362/362 358/358/358 360/360/360
f 361/361/361 358/358/358 362/362/362
f 363/363/363 362/362/362 360/360/360
f 364/364/364 361/361/361 362/362/362
f 363/363/363 364/364/364 362/362/362
f 367/367/367 366/366/366 365/365/365
f 368/368/368 367/367/367 365/365/365
f 369/369/369 367/367/367 368/368/368
f 368/368/368 365/365/365 370/370/370
f 371/371/371 369/369/369 368/368/368
f 372/372/372 368/368/368 370/370/370
f 371/371/371 368/368/368 372/372/372
f 373/373/373 372/372/372 370/370/370
f 374/374/374 371/371/371 372/372/372
f 373/373/373 374/374/374 372/372/372
f 377/377/377 376/376/376 375/375/375
f 378/378/378 377/377/377 375/375/375
f 379/379/379 377/377/377 378/378/378
f 378/378/378 375/375/375 380/380/380
f 381/381/381 379/379/379 378/378/378
f 382/382/382 378/378/378 380/380/380
f 381/381/381 378/378/378 382/382/382
f 383/383/383 382/382/382 380/380/380
f 384/384/384 381/381/381 382/382/382
f 383/383/383 384/384/384 382/382/382
f 387/387/387 386/386/386 385/385/385
f 388/388/388 387/387/387 385/385/385
f 389/389/389 387/387/387 388/388/388
f 388/388/388 385/385/385 390/390/390
f 391/391/391 389/389/389 388/388/388
f 392/392/392 388/388/388 390/390/390
f 391/391/391 388/388/388 392/392/392
f 393/393/393 392/392/392 390/390/390
f 394/394/394 391/391/391 392/392/392
f 393/393/393 394/394/394 392/392/392
f 397/397/397 396/396/396 395/395/395
f 398/398/398 397/397/397 395/395/395
f 399/399/399 397/397/397 398/398/398
f 398/398/398 395/395/395 400/400/400
f 401/401/401 399/399/399 398/398/398
f 402/402/402 398/398/398 400/400/400
f 401/401/401 398/398/398 402/402/402
f 403/403/403 402/402/402 400/400/400
f 404/404/404 401/401/401 402/402/402
f 403/403/403 404/404/404 402/402/402
f 407/407/407 406/406/406 405/405/405
f 408/408/408 407/407/407 405/405/405
f 409/409/409 407/407/407 408/408/408
f 408/408/408 405/405/405 410/410/410
f 411/411/411 409/409/409 408/408/408
f 412/412/412 408/408/408 410/410/410
f 411/411/411 408/408/408 412/412/412
f 413/413/413 412/412/412 410/410/410
f 414/414/414 411/411/411 412/412/412
f 413/413/413 414/414/414 412/412/412
f 417/417/417 416/416/416 415/415/415
f 418/418/418 417/417/417 415/415/415
f 419/419/419 417/417/417 418/418/418
f 418/418/418 415/415/415 420/420/420
f 421/421/421 419/419/419 418/418/418
f 422/422/422 418/418/418 420/420/420
f 421/421/421 418/418/418 422/422/422
f 423/423/423 422/422/422 420/420/420
f 424/424/424 421/421/421 422/422/422
f 423/423/423 424/424/424 422/422/422
f 427/427/427 426/426/426 425/425/425
f 428/428/428 427/427/427 425/425/425
f 429/429/429 427/427/427 428/428/428
f 428/428/428 425/425/425 430/430/430
f 431/431/431 429/429/429 428/428/428
f 432/432/432 428/428/428 430/430/430
f 431/431/431 428/428/428 432/432/432
f 433/433/433 432/432/432 430/430/430
f 434/434/434 431/431/431 432/432/432
f 433/433/433 434/434/434 432/432/432
f 437/437/437 436/436/436 435/435/435
f 438/438/438 437/437/437 435/435/435
f 439/439/439 437/437/437 438/438/438
f 438/438/438 435/435/435 440/440/440
f 441/441/441 439/439/439 438/438/438
f 442/442/442 438/438/438 440/440/440
f 441/441/441 438/438/438 442/442/442
f 443/443/443 442/442/442 440/440/440
f 444/444/444 441/441/441 442/442/442
f 443/443/443 444/444/444 442/442/442
f 447/447/447 446/446/446 445/445/445
f 448/448/448 447/447/447 445/445/445
f 449/449/449 447/447/447 448/448/448
f 448/448/448 445/445/445 450/450/450
f 451/451/451 449/449/449 448/448/448
f 452/452/452 448/448/448 450/450/450
f 451/451/451 448/448/448 452/452/452
f 453/453/453 452/452/452 450/450/450
f 454/454/454 451/451/451 452/452/452
f 453/453/453 454/454/454 452/452/452
f 457/457/457 456/456/456 455/455/455
f 458/458/458 457/457/457 455/455/455
f 459/459/459 457/457/457 458/458/458
f 458/458/458 455/455/455 460/460/460
f 461/461/461 459/459/459 458/458/458
f 462/462/462 458/458/458 460/460/460
f 461/461/461 458/458/458 462/462/462
f 463/463/463 462/462/462 460/460/460
f 464/464/464 461/461/461 462/462/462
f 463/463/463 464/464/464 462/462/462
f 467/467/467 466/466/466 465/465/465
f 468/468/468 467/467/467 465/465/465
f 469/469/469 467/467/467 468/468/468
f 468/468/468 465/465/465 470/470/470
f 471/471/471 469/469/469 468/468/468
f 472/472/472 468/468/468 470/470/470
f 471/471/471 468/468/468 472/472/472
f 473/473/473 472/472/472 470/470/470
f 474/474/474 471/471/471 472/472/472
f 473/473/473 474/474/474 472/472/472
f 477/477/477 476/476/476 475/475/475
f 478/478/478 477/477/477 475/475/475
f 479/479/479 477/477/477 478/478/478
f 478/478/478 475/475/475 480/480/480
f 481/481/481 479/479/479 478/478/478
f 482/482/482 478/478/478 480/480/480
f 481/481/481 478/478/478 482/482/482
f 483/483/483 482/482/482 480/480/480
f 484/484/484 481/481/481 482/482/482
f 483/483/483 484/484/484 482/482/482
f 487/487/487 486/486/486 485/485/485
f 488/488/488 487/487/487 485/485/485
f 489/489/489 487/487/487 488/488/488
f 488/488/488 485/485/485 490/490/490
f 491/491/491 489/489/489 488/488/488
f 492/492/492 488/488/488 490/490/490
f 491/491/491 488/488/488 492/492/492
f 493/493/493 492/492/492 490/490/490
f 494/494/494 491/491/491 492/492/492
f 493/493/493 494/494/494 492/492/492
f 497/497/497 496/496/496 495/495/495
f 498/498/498 497/497/497 495/495/495
f 499/499/499 497/497/497 498/498/498
f 498/498/498 495/495/495 500/500/500
f 501/501/501 499/499/499 498/498/498
f 502/502/502 498/498/498 500/500/500
f 501/501/501 498/498/498 502/502/502
f 503/503/503 502/502/502 500/500/500
f 504/504/504 501/501/501 502/502/502
f 503/503/503 504/504/504 502/502/502
f 507/507/507 506/506/506 505/505/505
f 508/508/508 507/507/507 505/505/505
f 509/509/509 507/507/507 508/508/508
f 508/508/508 505/505/505 510/510/510
f 511/511/511 509/509/509 508/508/508
f 512/512/512 508/508/508 510/510/510
f 511/511/511 508/508/508 512/512/512
f 513/513/513 512/512/512 510/510/510
f 514/514/514 511/511/511 512/512/512
f 513/513/513 514/514/514 512/512/512
f 517/517/517 516/516/516 515/515/515
f 518/518/518 517/517/517 515/515/515
f 519/519/519 517/517/517 518/518/518
f 518/518/518 515/515/515 520/520/520
f 521/521/521 519/519/519 518/518/518
f 522/522/522 518/518/518 520/520/520
f 521/521/521 518/518/518 522/522/522
f 523/523/523 522/522/522 520/520/520
f 524/524/524 521/521/521 522/522/522
f 523/523/523 524/524/524 522/522/522
f 527/527/527 526/526/526 525/525/525
f 528/528/528 527/527/527 525/525/525
f 529/529/529 527/527/527 528/528/528
f 528/528/528 525/525/525 530/530/530
f 531/531/531 529/529/529 528/528/528
f 532/532/532 528/528/528 530/530/530
f 531/531/531 528/528/528 532/532/532
f 533/533/533 532/532/532 530/530/530
f 534/534/534 531/531/531 532/532/532
f 533/533/533 534/534/534 532/532/532
f 537/537/537 536/536/536 535/535/535
f 538/538/538 537/537/537 535/535/535
f 539/539/539 537/537/537 538/538/538
f 538/538/538 535/535/535 540/540/540
f 541/541/541 539/539/539 538/538/538
f 542/542/542 538/538/538 540/540/540
f 541/541/541 538/538/538 542/542/542
f 543/543/543 542/542/542 540/540/540
f 544/544/544 541/541/541 542/542/542
f 543/543/543 544/544/544 542/542/542
f 547/547/547 546/546/546 545/545/545
f 548/548/548 547/547/547 545/545/545
f 549/549/549 547/547/547 548/548/548
f 548/548/548 545/545/545 550/550/550
f 551/551/551 549/549/549 548/548/548
f 552/552/552 548/548/548 550/550/550
f 551/551/551 548/548/548 552/552/552
f 553/553/553 552/552/552 550/550/550
f 554/554/554 551/551/551 552/552/552
f 553/553/553 554/554/554 552/552/552
f 557/557/557 556/556/556 555/555/555
f 558/558/558 557/557/557 555/555/555
f 559/559/559 557/557/557 558/558/558
f 558/558/558 555/555/555 560/560/560
f 561/561/561 559/559/559 558/558/558
f 562/562/562 558/558/558 560/560/560
f 561/561/561 558/558/558 562/562/562
f 563/563/563 562/562/562 560/560/560
f 564/564/564 561/561/561 562/562/562
f 563/563/563 564/564/564 562/562/562
f 567/567/567 566/566/566 565/565/565
f 568/568/568 567/567/567 565/565/565
f 569/569/569 567/567/567 568/568/568
f 568/568/568 565/565/565 570/570/570
f 571/571/571 569/569/569 568/568/568
f 572/572/572 568/568/568 570/570/570
f 571/571/571 568/568/568 572/572/572
f 573/573/573 572/572/572 570/570/570
f 574/574/574 571/571/571 572/572/572
f 573/573/573 574/574/574 572/572/572
f 577/577/577 576/576/576 575/575/575
f 578/578/578 577/577/577 575/575/575
f 579/579/579 577/577/577 578/578/578
f 578/578/578 575/575/575 580/580/580
f 581/581/581 579/579/579 578/578/578
f 582/582/582 578/578/578 580/580/580
f 581/581/581 578/578/578 582/582/582
f 583/583/583 582/582/582 580/580/580
f 584/584/584 581/581/581 582/582/582
f 583/583/583 584/584/584 582/582/582
f 587/587/587 586/586/586 585/585/585
f 588/588/588 587/587/587 585/585/585
f 589/589/589 587/587/587 588/588/588
f 588/588/588 585/585/585 590/590/590
f 591/591/591 589/589/589 588/588/588
f 592/592/592 588/588/588 590/590/590
f 591/591/591 588/588/588 592/592/592
f 593/593/593 592/592/592 590/590/590
f 594/594/594 591/591/591 592/592/592
f 593/593/593 594/594/594 592/592/592
f 597/597/597 596/596/596 595/595/595
f 598/598/598 597/597/597 595/595/595
f 599/599/599 597/597/597 598/598/598
f 598/598/598 595/595/595 600/600/600
f 601/601/601 599/599/599 598/598/598
f 602/602/602 598/598/598 600/600/600
f 601/601/601 598/598/598 602/602/602
f 603/603/603 602/602/602 600/600/600
f 604/604/604 601/601/601 602/602/602
f 603/603/603 604/604/604 602/602/602
f 607/607/607 606/606/606 605/605/605
f 608/608/608 607/607/607 605/605/605
f 609/609/609 607/607/607 608/608/608
f 608/608/608 605/605/605 610/610/610
f 611/611/611 609/609/609 608/608/608
f 612/612/612 608/608/608 610/610/610
f 611/611/611 608/608/608 612/612/612
f 613/613/613 612/612/612 610/610/610
f 614/614/614 611/611/611 612/612/612
f 613/613/613 614/614/614 612/612/612
f 617/617/617 616/616/616 615/615/615
f 618/618/618 617/617/617 615/615/615
f 619/619/619 617/617/617 618/618/618
f 618/618/618 615/615/615 620/620/620
f 621/621/621 619/619/619 618/618/618
f 622/622/622 618/618/618 620/620/620
f 621/621/621 618/618/618 622/622/622
f 623/623/623 622/622/622 620/620/620
f 624/624/624 621/621/621 622/622/622
f 623/623/623 624/624/624 622/622/622
f 627/627/627 626/626/626 625/625/625
f 628/628/628 627/627/627 625/625/625
f 629/629/629 627/627/627 628/628/628
f 628/628/628 625/625/625 630/630/630
f 631/631/631 629/629/629 628/628/628
f 632/632/632 628/628/628 630/630/630
f 631/631/631 628/628/628 632/632/632
f 633/633/633 632/632/632 630/630/630
f 634/634/634 631/631/631 632/632/632
f 633/633/633 634/634/634 632/632/632
f 637/637/637 636/636/636 635/635/635
f 638/638/638 637/637/637 635/635/635
f 639/639/639 637/637/637 638/638/638
f 638/638/638 635/635/635 640/640/640
f 641/641/641 639/639/639 638/638/638
f 642/642/642 638/638/638 640/640/640
f 641/641/641 638/638/638 642/642/642
f 643/643/643 642/642/642 640/640/640
f 644/644/644 641/641/641 642/642/642
f 643/643/643 644/644/644 642/642/642
f 647/647/647 646/646/646 645/645/645
f 648/648/648 647/647/647 645/645/645
f 649/649/649 647/647/647 648/648/648
f 648/648/648 645/645/645 650/650/650
f 651/651/651 649/649/649 648/648/648
f 652/652/652 648/648/648 650/650/650
f 651/651/651 648/648/648 652/652/652
f 653/653/653 652/652/652 650/650/650
f 654/654/654 651/651/651 652/652/652
f 653/653/653 654/654/654 652/652/652
f 657/657/657 656/656/656 655/655/655
f 658/658/658 657/657/657 655/655/655
f 659/659/659 657/657/657 658/658/658
f 658/658/658 655/655/655 660/660/660
f 661/661/661 659/659/659 658/658/658
f 662/662/662 658/658/658 660/660/660
f 661/661/661 658/658/658 662/662/662
f 663/663/663 662/662/662 660/660/660
f 664/664/664 661/661/661 662/662/662
f 663/663/663 664/664/664 662/662/662
f 667/667/667 666/666/666 665/665/665
f 668/668/668 667/667/667 665/665/665
f 668/668/668 665/665/665 669/669/669
f 670/670/670 667/667/667 668/668/668
f 671/671/671 668/668/668 669/669/669
f 672/672/672 670/670/670 668/668/668
f 672/672/672 668/668/668 671/671/671
f 672/672/672 673/673/673 670/670/670
f 674/674/674 672/672/672 671/671/671
f 674/674/674 673/673/673 672/672/672
f 677/677/677 676/676/676 675/675/675
f 678/678/678 677/677/677 675/675/675
f 678/678/678 675/675/675 679/679/679
f 680/680/680 677/677/677 678/678/678
f 681/681/681 678/678/678 679/679/679
f 682/682/682 680/680/680 678/678/678
f 682/682/682 678/678/678 681/681/681
f 682/682/682 683/683/683 680/680/680
f 684/684/684 682/682/682 681/681/681
f 684/684/684 683/683/683 682/682/682
f 687/687/687 686/686/686 685/685/685
f 688/688/688 687/687/687 685/685/685
f 688/688/688 685/685/685 689/689/689
f 690/690/690 687/687/687 688/688/688
f 691/691/691 688/688/688 689/689/689
f 692/692/692 690/690/690 688/688/688
f 692/692/692 688/688/688 691/691/691
f 692/692/692 693/693/693 690/690/690
f 694/694/694 692/692/692 691/691/691
f 694/694/694 693/693/693 692/692/692
f 697/697/697 696/696/696 695/695/695
f 698/698/698 697/697/697 695/695/695
f 698/698/698 695/695/695 699/699/699
f 700/700/700 697/697/697 698/698/698
f 701/701/701 698/698/698 699/699/699
f 702/702/702 700/700/700 698/698/698
f 702/702/702 698/698/698 701/701/701
f 702/702/702 703/703/703 700/700/700
f 704/704/704 702/702/702 701/701/701
f 704/704/704 703/703/703 702/702/702
f 707/707/707 706/706/706 705/705/705
f 708/708/708 707/707/707 705/705/705
f 708/708/708 705/705/705 709/709/709
f 710/710/710 707/707/707 708/708/708
f 711/711/711 708/708/708 709/709/709
f 712/712/712 710/710/710 708/708/708
f 712/712/712 708/708/708 711/711/711
f 712/712/712 713/713/713 710/710/710
f 714/714/714 712/712/712 711/711/711
f 714/714/714 713/713/713 712/712/712
f 717/717/717 716/716/716 715/715/715
f 718/718/718 717/717/717 715/715/715
f 718/718/718 715/715/715 719/719/719
f 720/720/720 717/717/717 718/718/718
f 721/721/721 718/718/718 719/719/719
f 722/722/722 720/720/720 718/718/718
f 722/722/722 718/718/718 721/721/721
f 722/722/722 723/723/723 720/720/720
f 724/724/724 722/722/722 721/721/721
f 724/724/724 723/723/723 722/722/722
f 727/727/727 726/726/726 725/725/725
f 728/728/728 727/727/727 725/725/725
f 728/728/728 725/725/725 729/729/729
f 730/730/730 727/727/727 728/728/728
f 731/731/731 728/728/728 729/729/729
f 732/732/732 730/730/730 728/728/728
f 732/732/732 728/728/728 731/731/731
f 732/732/732 733/733/733 730/730/730
f 734/734/734 732/732/732 731/731/731
f 734/734/734 733/733/733 732/732/732
f 737/737/737 736/736/736 735/735/735
f 738/738/738 737/737/737 735/735/735
f 738/738/738 735/735/735 739/739/739
f 740/740/740 737/737/737 738/738/738
f 741/741/741 738/738/738 739/739/739
f 742/742/742 740/740/740 738/738/738
f 742/742/742 738/738/738 741/741/741
f 742/742/742 743/743/743 740/740/740
f 744/744/744 742/742/742 741/741/741
f 744/744/744 743/743/743 742/742/742
f 747/747/747 746/746/746 745/745/745
f 748/748/748 747/747/747 745/745/745
f 748/748/748 745/745/745 749/749/749
f 750/750/750 747/747/747 748/748/748
f 751/751/751 748/748/748 749/749/749
f 752/752/752 750/750/750 748/748/748
f 752/752/752 748/748/748 751/751/751
f 752/752/752 753/753/753 750/750/750
f 754/754/754 752/752/752 751/751/751
f 754/754/754 753/753/753 752/752/752
f 757/757/757 756/756/756 755/755/755
f 758/758/758 757/757/757 755/755/755
f 758/758/758 755/755/755 759/759/759
f 760/760/760 757/757/757 758/758/758
f 761/761/761 758/758/758 759/759/759
f 762/762/762 760/760/760 758/758/758
f 762/762/762 758/758/758 761/761/761
f 762/762/762 763/763/763 760/760/760
f 764/764/764 762/762/762 761/761/761
f 764/764/764 763/763/763 762/762/762
f 767/767/767 766/766/766 765/765/765
f 768/768/768 767/767/767 765/765/765
f 768/768/768 765/765/765 769/769/769
f 770/770/770 767/767/767 768/768/768
f 771/771/771 768/768/768 769/769/769
f 772/772/772 770/770/770 768/768/768
f 772/772/772 768/768/768 771/771/771
f 772/772/772 773/773/773 770/770/770
f 774/774/774 772/772/772 771/771/771
f 774/774/774 773/773/773 772/772/772
f 777/777/777 776/776/776 775/775/775
f 778/778/778 777/777/777 775/775/775
f 778/778/778 775/775/775 779/779/779
f 780/780/780 777/777/777 778/778/778
f 781/781/781 778/778/778 779/779/779
f 782/782/782 780/780/780 778/778/778
f 782/782/782 778/778/778 781/781/781
f 782/782/782 783/783/783 780/780/780
f 784/784/784 782/782/782 781/781/781
f 784/784/784 783/783/783 782/782/782
f 787/787/787 786/786/786 785/785/785
f 788/788/788 787/787/787 785/785/785
f 788/788/788 785/785/785 789/789/789
f 790/790/790 787/787/787 788/788/788
f 791/791/791 788/788/788 789/789/789
f 792/792/792 790/790/790 788/788/788
f 792/792/792 788/788/788 791/791/791
f 792/792/792 793/793/793 790/790/790
f 794/794/794 792/792/792 791/791/791
f 794/794/794 793/793/793 792/792/792
f 797/797/797 796/796/796 795/795/795
f 798/798/798 797/797/797 795/795/795
f 798/798/798 795/795/795 799/799/799
f 800/800/800 797/797/797 798/798/798
f 801/801/801 798/798/798 799/799/799
f 802/802/802 800/800/800 798/798/798
f 802/802/802 798/798/798 801/801/801
f 802/802/802 803/803/803 800/800/800
f 804/804/804 802/802/802 801/801/801
f 804/804/804 803/803/803 802/802/802
f 807/807/807 806/806/806 805/805/805
f 808/808/808 807/807/807 805/805/805
f 808/808/808 805/805/805 809/809/809
f 810/810/810 807/807/807 808/808/808
f 811/811/811 808/808/808 809/809/809
f 812/812/812 810/810/810 808/808/808
f 812/812/812 808/808/808 811/811/811
f 812/812/812 813/813/813 810/810/810
f 814/814/814 812/812/812 811/811/811
f 814/814/814 813/813/813 812/812/812
f 817/817/817 816/816/816 815/815/815
f 818/818/818 817/817/817 815/815/815
f 818/818/818 815/815/815 819/819/819
f 820/820/820 817/817/817 818/818/818
f 821/821/821 818/818/818 819/819/819
f 822/822/822 820/820/820 818/818/818
f 822/822/822 818/818/818 821/821/821
f 822/822/822 823/823/823 820/820/820
f 824/824/824 822/822/822 821/821/821
f 824/824/824 823/823/823 822/822/822
f 827/827/827 826/826/826 825/825/825
f 828/828/828 827/827/827 825/825/825
f 828/828/828 825/825/825 829/829/829
f 830/830/830 827/827/827 828/828/828
f 831/831/831 828/828/828 829/829/829
f 832/832/832 830/830/830 828/828/828
f 832/832/832 828/828/828 831/831/831
f 832/832/832 833/833/833 830/830/830
f 834/834/834 832/832/832 831/831/831
f 834/834/834 833/833/833 832/832/832
f 837/837/837 836/836/836 835/835/835
f 838/838/838 837/837/837 835/835/835
f 838/838/838 835/835/835 839/839/839
f 840/840/840 837/837/837 838/838/838
f 841/841/841 838/838/838 839/839/839
f 842/842/842 840/840/840 838/838/838
f 842/842/842 838/838/838 841/841/841
f 842/842/842 843/843/843 840/840/840
f 844/844/844 842/842/842 841/841/841
f 844/844/844 843/843/843 842/842/842
f 847/847/847 846/846/846 845/845/845
f 848/848/848 847/847/847 845/845/845
f 848/848/848 845/845/845 849/849/849
f 850/850/850 847/847/847 848/848/848
f 851/851/851 848/848/848 849/849/849
f 852/852/852 850/850/850 848/848/848
f 852/852/852 848/848/848 851/851/851
f 852/852/852 853/853/853 850/850/850
f 854/854/854 852/852/852 851/851/851
f 854/854/854 853/853/853 852/852/852
f 857/857/857 856/856/856 855/855/855
f 858/858/858 857/857/857 855/855/855
f 858/858/858 855/855/855 859/859/859
f 860/860/860 857/857/857 858/858/858
f 861/861/861 858/858/858 859/859/859
f 862/862/862 860/860/860 858/858/858
f 862/862/862 858/858/858 861/861/861
f 862/862/862 863/863/863 860/860/860
f 864/864/864 862/862/862 861/861/861
f 864/864/864 863/863/863 862/862/862
f 867/867/867 866/866/866 865/865/865
f 868/868/868 867/867/867 865/865/865
f 868/868/868 865/865/865 869/869/869
f 870/870/870 867/867/867 868/868/868
f 871/871/871 868/868/868 869/869/869
f 872/872/872 870/870/870 868/868/868
f 872/872/872 868/868/868 871/871/871
f 872/872/872 873/873/873 870/870/870
f 874/874/874 872/872/872 871/871/871
f 874/874/874 873/873/873 872/872/872
f 877/877/877 876/876/876 875/875/875
f 878/878/878 877/877/877 875/875/875
f 878/878/878 875/875/875 879/879/879
f 880/880/880 877/877/877 878/878/878
f 881/881/881 878/878/878 879/879/879
f 882/882/882 880/880/880 878/878/878
f 882/882/882 878/878/878 881/881/881
f 882/882/882 883/883/883 880/880/880
f 884/884/884 882/882/882 881/881/881
f 884/884/884 883/883/883 882/882/882
f 887/887/887 886/886/886 885/885/885
f 888/888/888 887/887/887 885/885/885
f 888/888/888 885/885/885 889/889/889
f 890/890/890 887/887/887 888/888/888
f 891/891/891 888/888/888 889/889/889
f 892/892/892 890/890/890 888/888/888
f 892/892/892 888/888/888 891/891/891
f 892/892/892 893/893/893 890/890/890
f 894/894/894 892/892/892 891/891/891
f 894/894/894 893/893/893 892/892/892
f 897/897/897 896/896/896 895/895/895
f 898/898/898 897/897/897 895/895/895
f 898/898/898 895/895/895 899/899/899
f 900/900/900 897/897/897 898/898/898
f 901/901/901 898/898/898 899/899/899
f 902/902/902 900/900/900 898/898/898
f 902/902/902 898/898/898 901/901/901
f 902/902/902 903/903/903 900/900/900
f 904/904/904 902/902/902 901/901/901
f 904/904/904 903/903/903 902/902/902
f 907/907/907 906/906/906 905/905/905
f 908/908/908 907/907/907 905/905/905
f 908/908/908 905/905/905 909/909/909
f 910/910/910 907/907/907 908/908/908
f 911/911/911 908/908/908 909/909/909
f 912/912/912 910/910/910 908/908/908
f 912/912/912 908/908/908 911/911/911
f 912/912/912 913/913/913 910/910/910
f 914/914/914 912/912/912 911/911/911
f 914/914/914 913/913/913 912/912/912
f 917/917/917 916/916/916 915/915/915
f 918/918/918 917/917/917 915/915/915
f 918/918/918 915/915/915 919/919/919
f 920/920/920 917/917/917 918/918/918
f 921/921/921 918/918/918 919/919/919
f 922/922/922 920/920/920 918/918/918
f 922/922/922 918/918/918 921/921/921
f 922/922/922 923/923/923 920/920/920
f 924/924/924 922/922/922 921/921/921
f 924/924/924 923/923/923 922/922/922
f 927/927/927 926/926/926 925/925/925
f 928/928/928 927/927/927 925/925/925
f 928/928/928 925/925/925 929/929/929
f 930/930/930 927/927/927 928/928/928
f 931/931/931 928/928/928 929/929/929
f 932/932/932 930/930/930 928/928/928
f 932/932/932 928/928/928 931/931/931
f 932/932/932 933/933/933 930/930/930
f 934/934/934 932/932/932 931/931/931
f 934/934/934 933/933/933 932/932/932
f 937/937/937 936/936/936 935/935/935
f 938/938/938 937/937/937 935/935/935
f 938/938/938 935/935/935 939/939/939
f 940/940/940 937/937/937 938/938/938
f 941/941/941 938/938/938 939/939/939
f 942/942/942 940/940/940 938/938/938
f 942/942/942 938/938/938 941/941/941
f 942/942/942 943/943/943 940/940/940
f 944/944/944 942/942/942 941/941/941
f 944/944/944 943/943/943 942/942/942
f 947/947/947 946/946/946 945/945/945
f 948/948/948 947/947/947 945/945/945
f 948/948/948 945/945/945 949/949/949
f 950/950/950 947/947/947 948/948/948
f 951/951/951 948/948/948 949/949/949
f 952/952/952 950/950/950 948/948/948
f 952/952/952 948/948/948 951/951/951
f 952/952/952 953/953/953 950/950/950
f 954/954/954 952/952/952 951/951/951
f 954/954/954 953/953/953 952/952/952
f 957/957/957 956/956/956 955/955/955
f 958/958/958 957/957/957 955/955/955
f 958/958/958 955/955/955 959/959/959
f 960/960/960 957/957/957 958/958/958
f 961/961/961 958/958/958 959/959/959
f 962/962/962 960/960/960 958/958/958
f 962/962/962 958/958/958 961/961/961
f 962/962/962 963/963/963 960/960/960
f 964/964/964 962/962/962 961/961/961
f 964/964/964 963/963/963 962/962/962
f 967/967/967 966/966/966 965/965/965
f 968/968/968 967/967/967 965/965/965
f 968/968/968 965/965/965 969/969/969
f 970/970/970 967/967/967 968/968/968
f 971/971/971 968/968/968 969/969/969
f 972/972/972 970/970/970 968/968/968
f 972/972/972 968/968/968 971/971/971
f 972/972/972 973/973/973 970/970/970
f 974/974/974 972/972/972 971/971/971
f 974/974/974 973/973/973 972/972/972
f 977/977/977 976/976/976 975/975/975
f 978/978/978 977/977/977 975/975/975
f 978/978/978 975/975/975 979/979/979
f 980/980/980 977/977/977 978/978/978
f 981/981/981 978/978/978 979/979/979
f 982/982/982 980/980/980 978/978/978
f 982/982/982 978/978/978 981/981/981
f 982/982/982 983/983/983 980/980/980
f 984/984/984 982/982/982 981/981/981
f 984/984/984 983/983/983 982/982/982
f 987/987/987 986/986/986 985/985/985
f 988/988/988 987/987/987 985/985/985
f 988/988/988 985/985/985 989/989/989
f 990/990/990 987/987/987 988/988/988
f 991/991/991 988/988/988 989/989/989
f 992/992/992 990/990/990 988/988/988
f 992/992/992 988/988/988 991/991/991
f 992/992/992 993/993/993 990/990/990
f 994/994/994 992/992/992 991/991/991
f 994/994/994 993/993/993 992/992/992
f 997/997/997 996/996/996 995/995/995
f 998/998/998 997/997/997 995/995/995
f 998/998/998 995/995/995 999/999/999
f 1000/1000/1000 997/997/997 998/998/998
f 1001/1001/1001 998/998/998 999/999/999
f 1002/1002/1002 1000/1000/1000 998/998/998
f 1002/1002/1002 998/998/998 1001/1001/1001
f 1002/1002/1002 1003/1003/1003 1000/1000/1000
f 1004/1004/1004 1002/1002/1002 1001/1001/1001
f 1004/1004/1004 1003/1003/1003 1002/1002/1002
f 1007/1007/1007 1006/1006/1006 1005/1005/1005
f 1008/1008/1008 1007/1007/1007 1005/1005/1005
f 1008/1008/1008 1005/1005/1005 1009/1009/1009
f 1010/1010/1010 1007/1007/1007 1008/1008/1008
f 1011/1011/1011 1008/1008/1008 1009/1009/1009
f 1012/1012/1012 1010/1010/1010 1008/1008/1008
f 1012/1012/1012 1008/1008/1008 1011/1011/1011
f 1012/1012/1012 1013/1013/1013 1010/1010/1010
f 1014/1014/1014 1012/1012/1012 1011/1011/1011
f 1014/1014/1014 1013/1013/1013 1012/1012/1012
f 1017/1017/1017 1016/1016/1016 1015/1015/1015
f 1018/1018/1018 1017/1017/1017 1015/1015/1015
f 1018/1018/1018 1015/1015/1015 1019/1019/1019
f 1020/1020/1020 1017/1017/1017 1018/1018/1018
f 1021/1021/1021 1018/1018/1018 1019/1019/1019
f 1022/1022/1022 1020/1020/1020 1018/1018/1018
f 1022/1022/1022 1018/1018/1018 1021/1021/1021
f 1022/1022/1022 1023/1023/1023 1020/1020/1020
f 1024/1024/1024 1022/1022/1022 1021/1021/1021
f 1024/1024/1024 1023/1023/1023 1022/1022/1022
f 1027/1027/1027 1026/1026/1026 1025/1025/1025
f 1028/1028/1028 1027/1027/1027 1025/1025/1025
f 1028/1028/1028 1025/1025/1025 1029/1029/1029
f 1030/1030/1030 1027/1027/1027 1028/1028/1028
f 1031/1031/1031 1028/1028/1028 1029/1029/1029
f 1032/1032/1032 1030/1030/1030 1028/1028/1028
f 1032/1032/1032 1028/1028/1028 1031/1031/1031
f 1032/1032/1032 1033/1033/1033 1030/1030/1030
f 1034/1034/1034 1032/1032/1032 1031/1031/1031
f 1034/1034/1034 1033/1033/1033 1032/1032/1032
f 1037/1037/1037 1036/1036/1036 1035/1035/1035
f 1038/1038/1038 1037/1037/1037 1035/1035/1035
f 1038/1038/1038 1035/1035/1035 1039/1039/1039
f 1040/1040/1040 1037/1037/1037 1038/1038/1038
f 1041/1041/1041 1038/1038/1038 1039/1039/1039
f 1042/1042/1042 1040/1040/1040 1038/1038/1038
f 1042/1042/1042 1038/1038/1038 1041/1041/1041
f 1042/1042/1042 1043/1043/1043 1040/1040/1040
f 1044/1044/1044 1042/1042/1042 1041/1041/1041
f 1044/1044/1044 1043/1043/1043 1042/1042/1042
f 1047/1047/1047 1046/1046/1046 1045/1045/1045
f 1048/1048/1048 1047/1047/1047 1045/1045/1045
f 1048/1048/1048 1045/1045/1045 1049/1049/1049
f 1050/1050/1050 1047/1047/1047 1048/1048/1048
f 1051/1051/1051 1048/1048/1048 1049/1049/1049
f 1052/1052/1052 1050/1050/1050 1048/1048/1048
f 1052/1052/1052 1048/1048/1048 1051/1051/1051
f 1052/1052/1052 1053/1053/1053 1050/1050/1050
f 1054/1054/1054 1052/1052/1052 1051/1051/1051
f 1054/1054/1054 1053/1053/1053 1052/1052/1052
f 1057/1057/1057 1056/1056/1056 1055/1055/1055
f 1058/1058/1058 1057/1057/1057 1055/1055/1055
f 1058/1058/1058 1055/1055/1055 1059/1059/1059
f 1060/1060/1060 1057/1057/1057 1058/1058/1058
f 1061/1061/1061 1058/1058/1058 1059/1059/1059
f 1062/1062/1062 1060/1060/1060 1058/1058/1058
f 1062/1062/1062 1058/1058/1058 1061/1061/1061
f 1062/1062/1062 1063/1063/1063 1060/1060/1060
f 1064/1064/1064 1062/1062/1062 1061/1061/1061
f 1064/1064/1064 1063/1063/1063 1062/1062/1062
f 1067/1067/1067 1066/1066/1066 1065/1065/1065
f 1068/1068/1068 1067/1067/1067 1065/1065/1065
f 1068/1068/1068 1065/1065/1065 1069/1069/1069
f 1070/1070/1070 1067/1067/1067 1068/1068/1068
f 1071/1071/1071 1068/1068/1068 1069/1069/1069
f 1072/1072/1072 1070/1070/1070 1068/1068/1068
f 1072/1072/1072 1068/1068/1068 1071/1071/1071
f 1072/1072/1072 1073/1073/1073 1070/1070/1070
f 1074/1074/1074 1072/1072/1072 1071/1071/1071
f 1074/1074/1074 1073/1073/1073 1072/1072/1072
f 1077/1077/1077 1076/1076/1076 1075/1075/1075
f 1078/1078/1078 1077/1077/1077 1075/1075/1075
f 1078/1078/1078 1075/1075/1075 1079/1079/1079
f 1080/1080/1080 1077/1077/1077 1078/1078/1078
f 1081/1081/1081 1078/1078/1078 1079/1079/1079
f 1082/1082/1082 1080/1080/1080 1078/1078/1078
f 1082/1082/1082 1078/1078/1078 1081/1081/1081
f 1082/1082/1082 1083/1083/1083 1080/1080/1080
f 1084/1084/1084 1082/1082/1082 1081/1081/1081
f 1084/1084/1084 1083/1083/1083 1082/1082/1082
f 1087/1087/1087 1086/1086/1086 1085/1085/1085
f 1088/1088/1088 1087/1087/1087 1085/1085/1085
f 1088/1088/1088 1085/1085/1085 1089/1089/1089
f 1090/1090/1090 1087/1087/1087 1088/1088/1088
f 1091/1091/1091 1088/1088/1088 1089/1089/1089
f 1092/1092/1092 1090/1090/1090 1088/1088/1088
f 1092/1092/1092 1088/1088/1088 1091/1091/1091
f 1092/1092/1092 1093/1093/1093 1090/1090/1090
f 1094/1094/1094 1092/1092/1092 1091/1091/1091
f 1094/1094/1094 1093/1093/1093 1092/1092/1092
f 1097/1097/1097 1096/1096/1096 1095/1095/1095
f 1098/1098/1098 1097/1097/1097 1095/1095/1095
f 1098/1098/1098 1095/1095/1095 1099/1099/1099
f 1100/1100/1100 1097/1097/1097 1098/1098/1098
f 1101/1101/1101 1098/1098/1098 1099/1099/1099
f 1102/1102/1102 1100/1100/1100 1098/1098/1098
f 1102/1102/1102 1098/1098/1098 1101/1101/1101
f 1102/1102/1102 1103/1103/1103 1100/1100/1100
f 1104/1104/1104 1102/1102/1102 1101/1101/1101
f 1104/1104/1104 1103/1103/1103 1102/1102/1102
f 1107/1107/1107 1106/1106/1106 1105/1105/1105
f 1108/1108/1108 1107/1107/1107 1105/1105/1105
f 1108/1108/1108 1105/1105/1105 1109/1109/1109
f 1110/1110/1110 1107/1107/1107 1108/1108/1108
f 1111/1111/1111 1108/1108/1108 1109/1109/1109
f 1112/1112/1112 1110/1110/1110 1108/1108/1108
f 1112/1112/1112 1108/1108/1108 1111/1111/1111
f 1112/1112/1112 1113/1113/1113 1110/1110/1110
f 1114/1114/1114 1112/1112/1112 1111/1111/1111
f 1114/1114/1114 1113/1113/1113 1112/1112/1112
f 1117/1117/1117 1116/1116/1116 1115/1115/1115
f 1118/1118/1118 1117/1117/1117 1115/1115/1115
f 1118/1118/1118 1115/1115/1115 1119/1119/1119
f 1120/1120/1120 1117/1117/1117 1118/1118/1118
f 1121/1121/1121 1118/1118/1118 1119/1119/1119
f 1122/1122/1122 1120/1120/1120 1118/1118/1118
f 1122/1122/1122 1118/1118/1118 1121/1121/1121
f 1122/1122/1122 1123/1123/1123 1120/1120/1120
f 1124/1124/1124 1122/1122/1122 1121/1121/1121
f 1124/1124/1124 1123/1123/1123 1122/1122/1122
f 1127/1127/1127 1126/1126/1126 1125/1125/1125
f 1128/1128/1128 1127/1127/1127 1125/1125/1125
f 1128/1128/1128 1125/1125/1125 1129/1129/1129
f 1130/1130/1130 1127/1127/1127 1128/1128/1128
f 1131/1131/1131 1128/1128/1128 1129/1129/1129
f 1132/1132/1132 1130/1130/1130 1128/1128/1128
f 1132/1132/1132 1128/1128/1128 1131/1131/1131
f 1132/1132/1132 1133/1133/1133 1130/1130/1130
f 1134/1134/1134 1132/1132/1132 1131/1131/1131
f 1134/1134/1134 1133/1133/1133 1132/1132/1132
f 1137/1137/1137 1136/1136/1136 1135/1135/1135
f 1138/1138/1138 1137/1137/1137 1135/1135/1135
f 1138/1138/1138 1135/1135/1135 1139/1139/1139
f 1140/1140/1140 1137/1137/1137 1138/1138/1138
f 1141/1141/1141 1138/1138/1138 1139/1139/1139
f 1142/1142/1142 1140/1140/1140 1138/1138/1138
f 1142/1142/1142 1138/1138/1138 1141/1141/1141
f 1142/1142/1142 1143/1143/1143 1140/1140/1140
f 1144/1144/1144 1142/1142/1142 1141/1141/1141
f 1144/1144/1144 1143/1143/1143 1142/1142/1142
f 1147/1147/1147 1146/1146/1146 1145/1145/1145
f 1148/1148/1148 1147/1147/1147 1145/1145/1145
f 1148/1148/1148 1145/1145/1145 1149/1149/1149
f 1150/1150/1150 1147/1147/1147 1148/1148/1148
f 1151/1151/1151 1148/1148/1148 1149/1149/1149
f 1152/1152/1152 1150/1150/1150 1148/1148/1148
f 1152/1152/1152 1148/1148/1148 1151/1151/1151
f 1152/1152/1152 1153/1153/1153 1150/1150/1150
f 1154/1154/1154 1152/1152/1152 1151/1151/1151
f 1154/1154/1154 1153/1153/1153 1152/1152/1152
f 1157/1157/1157 1156/1156/1156 1155/1155/1155
f 1158/1158/1158 1157/1157/1157 1155/1155/1155
f 1158/1158/1158 1155/1155/1155 1159/1159/1159
f 1160/1160/1160 1157/1157/1157 1158/1158/1158
f 1161/1161/1161 1158/1158/1158 1159/1159/1159
f 1162/1162/1162 1160/1160/1160 1158/1158/1158
f 1162/1162/1162 1158/1158/1158 1161/1161/1161
f 1162/1162/1162 1163/1163/1163 1160/1160/1160
f 1164/1164/1164 1162/1162/1162 1161/1161/1161
f 1164/1164/1164 1163/1163/1163 1162/1162/1162
f 1167/1167/1167 1166/1166/1166 1165/1165/1165
f 1168/1168/1168 1167/1167/1167 1165/1165/1165
f 1168/1168/1168 1165/1165/1165 1169/1169/1169
f 1170/1170/1170 1167/1167/1167 1168/1168/1168
f 1171/1171/1171 1168/1168/1168 1169/1169/1169
f 1172/1172/1172 1170/1170/1170 1168/1168/1168
f 1172/1172/1172 1168/1168/1168 1171/1171/1171
f 1172/1172/1172 1173/1173/1173 1170/1170/1170
f 1174/1174/1174 1172/1172/1172 1171/1171/1171
f 1174/1174/1174 1173/1173/1173 1172/1172/1172
f 1177/1177/1177 1176/1176/1176 1175/1175/1175
f 1178/1178/1178 1177/1177/1177 1175/1175/1175
f 1178/1178/1178 1175/1175/1175 1179/1179/1179
f 1180/1180/1180 1177/1177/1177 1178/1178/1178
f 1181/1181/1181 1178/1178/1178 1179/1179/1179
f 1182/1182/1182 1180/1180/1180 1178/1178/1178
f 1182/1182/1182 1178/1178/1178 1181/1181/1181
f 1182/1182/1182 1183/1183/1183 1180/1180/1180
f 1184/1184/1184 1182/1182/1182 1181/1181/1181
f 1184/1184/1184 1183/1183/1183 1182/1182/1182
f 1187/1187/1187 1186/1186/1186 1185/1185/1185
f 1188/1188/1188 1187/1187/1187 1185/1185/1185
f 1188/1188/1188 1185/1185/1185 1189/1189/1189
f 1190/1190/1190 1187/1187/1187 1188/1188/1188
f 1191/1191/1191 1188/1188/1188 1189/1189/1189
f 1192/1192/1192 1190/1190/1190 1188/1188/1188
f 1192/1192/1192 1188/1188/1188 1191/1191/1191
f 1192/1192/1192 1193/1193/1193 1190/1190/1190
f 1194/1194/1194 1192/1192/1192 1191/1191/1191
f 1194/1194/1194 1193/1193/1193 1192/1192/1192
f 1197/1197/1197 1196/1196/1196 1195/1195/1195
f 1198/1198/1198 1197/1197/1197 1195/1195/1195
f 1198/1198/1198 1195/1195/1195 1199/1199/1199
f 1200/1200/1200 1197/1197/1197 1198/1198/1198
f 1201/1201/1201 1198/1198/1198 1199/1199/1199
f 1202/1202/1202 1200/1200/1200 1198/1198/1198
f 1202/1202/1202 1198/1198/1198 1201/1201/1201
f 1202/1202/1202 1203/1203/1203 1200/1200/1200
f 1204/1204/1204 1202/1202/1202 1201/1201/1201
f 1204/1204/1204 1203/1203/1203 1202/1202/1202
f 1207/1207/1207 1206/1206/1206 1205/1205/1205
f 1208/1208/1208 1207/1207/1207 1205/1205/1205
f 1208/1208/1208 1205/1205/1205 1209/1209/1209
f 1210/1210/1210 1207/1207/1207 1208/1208/1208
f 1211/1211/1211 1208/1208/1208 1209/1209/1209
f 1212/1212/1212 1210/1210/1210 1208/1208/1208
f 1212/1212/1212 1208/1208/1208 1211/1211/1211
f 1212/1212/1212 1213/1213/1213 1210/1210/1210
f 1214/1214/1214 1212/1212/1212 1211/1211/1211
f 1214/1214/1214 1213/1213/1213 1212/1212/1212
f 1217/1217/1217 1216/1216/1216 1215/1215/1215
f 1218/1218/1218 1217/1217/1217 1215/1215/1215
f 1218/1218/1218 1215/1215/1215 1219/1219/1219
f 1220/1220/1220 1217/1217/1217 1218/1218/1218
f 1221/1221/1221 1218/1218/1218 1219/1219/1219
f 1222/1222/1222 1220/1220/1220 1218/1218/1218
f 1222/1222/1222 1218/1218/1218 1221/1221/1221
f 1222/1222/1222 1223/1223/1223 1220/1220/1220
f 1224/1224/1224 1222/1222/1222 1221/1221/1221
f 1224/1224/1224 1223/1223/1223 1222/1222/1222
f 1227/1227/1227 1226/1226/1226 1225/1225/1225
f 1228/1228/1228 1227/1227/1227 1225/1225/1225
f 1228/1228/1228 1225/1225/1225 1229/1229/1229
f 1230/1230/1230 1227/1227/1227 1228/1228/1228
f 1231/1231/1231 1228/1228/1228 1229/1229/1229
f 1232/1232/1232 1230/1230/1230 1228/1228/1228
f 1232/1232/1232 1228/1228/1228 1231/1231/1231
f 1232/1232/1232 1233/1233/1233 1230/1230/1230
f 1234/1234/1234 1232/1232/1232 1231/1231/1231
f 1234/1234/1234 1233/1233/1233 1232/1232/1232
f 1237/1237/1237 1236/1236/1236 1235/1235/1235
f 1238/1238/1238 1237/1237/1237 1235/1235/1235
f 1238/1238/1238 1235/1235/1235 1239/1239/1239
f 1240/1240/1240 1237/1237/1237 1238/1238/1238
f 1241/1241/1241 1238/1238/1238 1239/1239/1239
f 1242/1242/1242 1240/1240/1240 1238/1238/1238
f 1242/1242/1242 1238/1238/1238 1241/1241/1241
f 1242/1242/1242 1243/1243/1243 1240/1240/1240
f 1244/1244/1244 1242/1242/1242 1241/1241/1241
f 1244/1244/1244 1243/1243/1243 1242/1242/1242
f 1247/1247/1247 1246/1246/1246 1245/1245/1245
f 1248/1248/1248 1247/1247/1247 1245/1245/1245
f 1248/1248/1248 1245/1245/1245 1249/1249/1249
f 1250/1250/1250 1247/1247/1247 1248/1248/1248
f 1251/1251/1251 1248/1248/1248 1249/1249/1249
f 1252/1252/1252 1250/1250/1250 1248/1248/1248
f 1252/1252/1252 1248/1248/1248 1251/1251/1251
f 1252/1252/1252 1253/1253/1253 1250/1250/1250
f 1254/1254/1254 1252/1252/1252 1251/1251/1251
f 1254/1254/1254 1253/1253/1253 1252/1252/1252
f 1257/1257/1257 1256/1256/1256 1255/1255/1255
f 1258/1258/1258 1257/1257/1257 1255/1255/1255
f 1258/1258/1258 1255/1255/1255 1259/1259/1259
f 1260/1260/1260 1257/1257/1257 1258/1258/1258
f 1261/1261/1261 1258/1258/1258 1259/1259/1259
f 1262/1262/1262 1260/1260/1260 1258/1258/1258
f 1262/1262/1262 1258/1258/1258 1261/1261/1261
f 1262/1262/1262 1263/1263/1263 1260/1260/1260
f 1264/1264/1264 1262/1262/1262 1261/1261/1261
f 1264/1264/1264 1263/1263/1263 1262/1262/1262
f 1267/1267/1267 1266/1266/1266 1265/1265/1265
f 1268/1268/1268 1267/1267/1267 1265/1265/1265
f 1268/1268/1268 1265/1265/1265 1269/1269/1269
f 1270/1270/1270 1268/1268/1268 1269/1269/1269
f 1270/1270/1270 1269/1269/1269 1271/1271/1271
f 1272/1272/1272 1270/1270/1270 1271/1271/1271
f 1272/1272/1272 1271/1271/1271 1273/1273/1273
f 1274/1274/1274 1272/1272/1272 1273/1273/1273
f 1277/1277/1277 1276/1276/1276 1275/1275/1275
f 1276/1276/1276 1278/1278/1278 1275/1275/1275
f 1276/1276/1276 1279/1279/1279 1278/1278/1278
f 1279/1279/1279 1280/1280/1280 1278/1278/1278
f 1279/1279/1279 1281/1281/1281 1280/1280/1280
f 1281/1281/1281 1282/1282/1282 1280/1280/1280
f 1281/1281/1281 1283/1283/1283 1282/1282/1282
f 1283/1283/1283 1284/1284/1284 1282/1282/1282
f 1287/1287/1287 1286/1286/1286 1285/1285/1285
f 1286/1286/1286 1288/1288/1288 1285/1285/1285
f 1286/1286/1286 1289/1289/1289 1288/1288/1288
f 1289/1289/1289 1290/1290/1290 1288/1288/1288
f 1289/1289/1289 1291/1291/1291 1290/1290/1290
f 1291/1291/1291 1292/1292/1292 1290/1290/1290
f 1295/1295/1295 1294/1294/1294 1293/1293/1293
f 1294/1294/1294 1296/1296/1296 1293/1293/1293
f 1294/1294/1294 1297/1297/1297 1296/1296/1296
f 1297/1297/1297 1298/1298/1298 1296/1296/1296
f 1297/1297/1297 1299/1299/1299 1298/1298/1298
f 1299/1299/1299 1300/1300/1300 1298/1298/1298
f 1299/1299/1299 1301/1301/1301 1300/1300/1300
f 1301/1301/1301 1302/1302/1302 1300/1300/1300
f 1305/1305/1305 1304/1304/1304 1303/1303/1303
f 1306/1306/1306 1305/1305/1305 1303/1303/1303
f 1309/1309/1309 1308/1308/1308 1307/1307/1307
f 1310/1310/1310 1309/1309/1309 1307/1307/1307
f 1313/1313/1313 1312/1312/1312 1311/1311/1311
f 1314/1314/1314 1313/1313/1313 1311/1311/1311
f 1317/1317/1317 1316/1316/1316 1315/1315/1315
f 1318/1318/1318 1317/1317/1317 1315/1315/1315
f 1321/1321/1321 1320/1320/1320 1319/1319/1319
f 1322/1322/1322 1321/1321/1321 1319/1319/1319
f 1325/1325/1325 1324/1324/1324 1323/1323/1323
f 1326/1326/1326 1325/1325/1325 1323/1323/1323
f 1329/1329/1329 1328/1328/1328 1327/1327/1327
f 1330/1330/1330 1329/1329/1329 1327/1327/1327
f 1333/1333/1333 1332/1332/1332 1331/1331/1331
f 1334/1334/1334 1333/1333/1333 1331/1331/1331
f 1337/1337/1337 1336/1336/1336 1335/1335/1335
f 1338/1338/1338 1337/1337/1337 1335/1335/1335
f 1341/1341/1341 1340/1340/1340 1339/1339/1339
f 1342/1342/1342 1341/1341/1341 1339/1339/1339
f 1345/1345/1345 1344/1344/1344 1343/1343/1343
f 1346/1346/1346 1345/1345/1345 1343/1343/1343
f 1349/1349/1349 1348/1348/1348 1347/1347/1347
f 1350/1350/1350 1349/1349/1349 1347/1347/1347
f 1353/1353/1353 1352/1352/1352 1351/1351/1351
f 1354/1354/1354 1353/1353/1353 1351/1351/1351
f 1357/1357/1357 1356/1356/1356 1355/1355/1355
f 1358/1358/1358 1357/1357/1357 1355/1355/1355
f 1361/1361/1361 1360/1360/1360 1359/1359/1359
f 1362/1362/1362 1361/1361/1361 1359/1359/1359
f 1365/1365/1365 1364/1364/1364 1363/1363/1363
f 1366/1366/1366 1365/1365/1365 1363/1363/1363
f 1366/1366/1366 1363/1363/1363 1367/1367/1367
f 1368/1368/1368 1366/1366/1366 1367/1367/1367
f 1368/1368/1368 1367/1367/1367 1369/1369/1369
f 1370/1370/1370 1368/1368/1368 1369/1369/1369
f 1370/1370/1370 1369/1369/1369 1371/1371/1371
f 1372/1372/1372 1370/1370/1370 1371/1371/1371
f 1372/1372/1372 1371/1371/1371 1373/1373/1373
f 1374/1374/1374 1372/1372/1372 1373/1373/1373
f 1374/1374/1374 1373/1373/1373 1375/1375/1375
f 1376/1376/1376 1374/1374/1374 1375/1375/1375
f 1376/1376/1376 1375/1375/1375 1377/1377/1377
f 1378/1378/1378 1376/1376/1376 1377/1377/1377
f 1378/1378/1378 1377/1377/1377 1379/1379/1379
f 1380/1380/1380 1378/1378/1378 1379/1379/1379
f 1383/1383/1383 1382/1382/1382 1381/1381/1381
f 1382/1382/1382 1384/1384/1384 1381/1381/1381
f 1382/1382/1382 1385/1385/1385 1384/1384/1384
f 1385/1385/1385 1386/1386/1386 1384/1384/1384
f 1385/1385/1385 1387/1387/1387 1386/1386/1386
f 1387/1387/1387 1388/1388/1388 1386/1386/1386
f 1387/1387/1387 1389/1389/1389 1388/1388/1388
f 1389/1389/1389 1390/1390/1390 1388/1388/1388
f 1389/1389/1389 1391/1391/1391 1390/1390/1390
f 1391/1391/1391 1392/1392/1392 1390/1390/1390
f 1391/1391/1391 1393/1393/1393 1392/1392/1392
f 1393/1393/1393 1394/1394/1394 1392/1392/1392
f 1393/1393/1393 1395/1395/1395 1394/1394/1394
f 1395/1395/1395 1396/1396/1396 1394/1394/1394
f 1395/1395/1395 1397/1397/1397 1396/1396/1396
f 1397/1397/1397 1398/1398/1398 1396/1396/1396
f 1401/1401/1401 1400/1400/1400 1399/1399/1399
f 1400/1400/1400 1402/1402/1402 1399/1399/1399
f 1400/1400/1400 1403/1403/1403 1402/1402/1402
f 1403/1403/1403 1404/1404/1404 1402/1402/1402
f 1403/1403/1403 1405/1405/1405 1404/1404/1404
f 1405/1405/1405 1406/1406/1406 1404/1404/1404
f 1405/1405/1405 1407/1407/1407 1406/1406/1406
f 1407/1407/1407 1408/1408/1408 1406/1406/1406
f 1407/1407/1407 1409/1409/1409 1408/1408/1408
f 1409/1409/1409 1410/1410/1410 1408/1408/1408
f 1409/1409/1409 1411/1411/1411 1410/1410/1410
f 1411/1411/1411 1412/1412/1412 1410/1410/1410
f 1411/1411/1411 1413/1413/1413 1412/1412/1412
f 1413/1413/1413 1414/1414/1414 1412/1412/1412
f 1417/1417/1417 1416/1416/1416 1415/1415/1415
f 1418/1418/1418 1417/1417/1417 1415/1415/1415
f 1418/1418/1418 1415/1415/1415 1419/1419/1419
f 1420/1420/1420 1418/1418/1418 1419/1419/1419
f 1420/1420/1420 1419/1419/1419 1421/1421/1421
f 1422/1422/1422 1420/1420/1420 1421/1421/1421
f 1422/1422/1422 1421/1421/1421 1423/1423/1423
f 1424/1424/1424 1422/1422/1422 1423/1423/1423
f 1424/1424/1424 1423/1423/1423 1425/1425/1425
f 1426/1426/1426 1424/1424/1424 1425/1425/1425
f 1426/1426/1426 1425/1425/1425 1427/1427/1427
f 1428/1428/1428 1426/1426/1426 1427/1427/1427
f 1428/1428/1428 1427/1427/1427 1429/1429/1429
f 1430/1430/1430 1428/1428/1428 1429/1429/1429
f 1433/1433/1433 1432/1432/1432 1431/1431/1431
f 1434/1434/1434 1433/1433/1433 1431/1431/1431
f 1437/1437/1437 1436/1436/1436 1435/1435/1435
f 1438/1438/1438 1437/1437/1437 1435/1435/1435
f 1441/1441/1441 1440/1440/1440 1439/1439/1439
f 1442/1442/1442 1441/1441/1441 1439/1439/1439
f 1445/1445/1445 1444/1444/1444 1443/1443/1443
f 1446/1446/1446 1445/1445/1445 1443/1443/1443
f 1449/1449/1449 1448/1448/1448 1447/1447/1447
f 1450/1450/1450 1449/1449/1449 1447/1447/1447
f 1453/1453/1453 1452/1452/1452 1451/1451/1451
f 1454/1454/1454 1453/1453/1453 1451/1451/1451
f 1457/1457/1457 1456/1456/1456 1455/1455/1455
f 1458/1458/1458 1457/1457/1457 1455/1455/1455
f 1461/1461/1461 1460/1460/1460 1459/1459/1459
f 1462/1462/1462 1461/1461/1461 1459/1459/1459
f 1465/1465/1465 1464/1464/1464 1463/1463/1463
f 1466/1466/1466 1465/1465/1465 1463/1463/1463
f 1469/1469/1469 1468/1468/1468 1467/1467/1467
f 1470/1470/1470 1469/1469/1469 1467/1467/1467
f 1473/1473/1473 1472/1472/1472 1471/1471/1471
f 1474/1474/1474 1473/1473/1473 1471/1471/1471
f 1477/1477/1477 1476/1476/1476 1475/1475/1475
f 1478/1478/1478 1477/1477/1477 1475/1475/1475
f 1481/1481/1481 1480/1480/1480 1479/1479/1479
f 1482/1482/1482 1481/1481/1481 1479/1479/1479
f 1485/1485/1485 1484/1484/1484 1483/1483/1483
f 1486/1486/1486 1485/1485/1485 1483/1483/1483
f 1489/1489/1489 1488/1488/1488 1487/1487/1487
f 1490/1490/1490 1489/1489/1489 1487/1487/1487
f 1493/1493/1493 1492/1492/1492 1491/1491/1491
f 1494/1494/1494 1493/1493/1493 1491/1491/1491
f 1497/1497/1497 1496/1496/1496 1495/1495/1495
f 1498/1498/1498 1497/1497/1497 1495/1495/1495
f 1501/1501/1501 1500/1500/1500 1499/1499/1499
f 1502/1502/1502 1501/1501/1501 1499/1499/1499
f 1505/1505/1505 1504/1504/1504 1503/1503/1503
f 1506/1506/1506 1505/1505/1505 1503/1503/1503
f 1509/1509/1509 1508/1508/1508 1507/1507/1507
f 1510/1510/1510 1509/1509/1509 1507/1507/1507
f 1513/1513/1513 1512/1512/1512 1511/1511/1511
f 1514/1514/1514 1513/1513/1513 1511/1511/1511
f 1517/1517/1517 1516/1516/1516 1515/1515/1515
f 1518/1518/1518 1517/1517/1517 1515/1515/1515
f 1521/1521/1521 1520/1520/1520 1519/1519/1519
f 1522/1522/1522 1521/1521/1521 1519/1519/1519
f 1525/1525/1525 1524/1524/1524 1523/1523/1523
f 1526/1526/1526 1525/1525/1525 1523/1523/1523
f 1529/1529/1529 1528/1528/1528 1527/1527/1527
f 1530/1530/1530 1529/1529/1529 1527/1527/1527
f 1533/1533/1533 1532/1532/1532 1531/1531/1531
f 1534/1534/1534 1533/1533/1533 1531/1531/1531
f 1537/1537/1537 1536/1536/1536 1535/1535/1535
f 1538/1538/1538 1537/1537/1537 1535/1535/1535
f 1541/1541/1541 1540/1540/1540 1539/1539/1539
f 1542/1542/1542 1541/1541/1541 1539/1539/1539
f 1545/1545/1545 1544/1544/1544 1543/1543/1543
f 1546/1546/1546 1545/1545/1545 1543/1543/1543
f 1549/1549/1549 1548/1548/1548 1547/1547/1547
f 1550/1550/1550 1549/1549/1549 1547/1547/1547
f 1553/1553/1553 1552/1552/1552 1551/1551/1551
f 1554/1554/1554 1553/1553/1553 1551/1551/1551
f 1555/1555/1555 1553/1553/1553 1554/1554/1554
f 1556/1556/1556 1555/1555/1555 1554/1554/1554
f 1557/1557/1557 1555/1555/1555 1556/1556/1556
f 1558/1558/1558 1557/1557/1557 1556/1556/1556
f 1559/1559/1559 1557/1557/1557 1558/1558/1558
f 1560/1560/1560 1559/1559/1559 1558/1558/1558
f 1561/1561/1561 1559/1559/1559 1560/1560/1560
f 1562/1562/1562 1561/1561/1561 1560/1560/1560
f 1563/1563/1563 1561/1561/1561 1562/1562/1562
f 1564/1564/1564 1563/1563/1563 1562/1562/1562
f 1565/1565/1565 1563/1563/1563 1564/1564/1564
f 1566/1566/1566 1565/1565/1565 1564/1564/1564
f 1569/1569/1569 1568/1568/1568 1567/1567/1567
f 1568/1568/1568 1570/1570/1570 1567/1567/1567
f 1567/1567/1567 1570/1570/1570 1571/1571/1571
f 1570/1570/1570 1572/1572/1572 1571/1571/1571
f 1571/1571/1571 1572/1572/1572 1573/1573/1573
f 1572/1572/1572 1574/1574/1574 1573/1573/1573
f 1573/1573/1573 1574/1574/1574 1575/1575/1575
f 1574/1574/1574 1576/1576/1576 1575/1575/1575
f 1575/1575/1575 1576/1576/1576 1577/1577/1577
f 1576/1576/1576 1578/1578/1578 1577/1577/1577
f 1577/1577/1577 1578/1578/1578 1579/1579/1579
f 1578/1578/1578 1580/1580/1580 1579/1579/1579
f 1579/1579/1579 1580/1580/1580 1581/1581/1581
f 1580/1580/1580 1582/1582/1582 1581/1581/1581
f 1581/1581/1581 1582/1582/1582 1583/1583/1583
f 1582/1582/1582 1584/1584/1584 1583/1583/1583
f 1587/1587/1587 1586/1586/1586 1585/1585/1585
f 1588/1588/1588 1587/1587/1587 1585/1585/1585
f 1591/1591/1591 1590/1590/1590 1589/1589/1589
f 1592/1592/1592 1591/1591/1591 1589/1589/1589
f 1595/1595/1595 1594/1594/1594 1593/1593/1593
f 1596/1596/1596 1595/1595/1595 1593/1593/1593
f 1599/1599/1599 1598/1598/1598 1597/1597/1597
f 1600/1600/1600 1599/1599/1599 1597/1597/1597
f 1603/1603/1603 1602/1602/1602 1601/1601/1601
f 1604/1604/1604 1603/1603/1603 1601/1601/1601
f 1607/1607/1607 1606/1606/1606 1605/1605/1605
f 1608/1608/1608 1607/1607/1607 1605/1605/1605
f 1611/1611/1611 1610/1610/1610 1609/1609/1609
f 1612/1612/1612 1611/1611/1611 1609/1609/1609
f 1615/1615/1615 1614/1614/1614 1613/1613/1613
f 1616/1616/1616 1615/1615/1615 1613/1613/1613
f 1619/1619/1619 1618/1618/1618 1617/1617/1617
f 1620/1620/1620 1619/1619/1619 1617/1617/1617
f 1623/1623/1623 1622/1622/1622 1621/1621/1621
f 1624/1624/1624 1623/1623/1623 1621/1621/1621
f 1627/1627/1627 1626/1626/1626 1625/1625/1625
f 1628/1628/1628 1627/1627/1627 1625/1625/1625
f 1631/1631/1631 1630/1630/1630 1629/1629/1629
f 1632/1632/1632 1631/1631/1631 1629/1629/1629
f 1635/1635/1635 1634/1634/1634 1633/1633/1633
f 1636/1636/1636 1635/1635/1635 1633/1633/1633
f 1639/1639/1639 1638/1638/1638 1637/1637/1637
f 1640/1640/1640 1639/1639/1639 1637/1637/1637
f 1643/1643/1643 1642/1642/1642 1641/1641/1641
f 1644/1644/1644 1643/1643/1643 1641/1641/1641
f 1647/1647/1647 1646/1646/1646 1645/1645/1645
f 1648/1648/1648 1647/1647/1647 1645/1645/1645
f 1649/1649/1649 1647/1647/1647 1648/1648/1648
f 1650/1650/1650 1649/1649/1649 1648/1648/1648
f 1651/1651/1651 1649/1649/1649 1650/1650/1650
f 1652/1652/1652 1651/1651/1651 1650/1650/1650
f 1653/1653/1653 1651/1651/1651 1652/1652/1652
f 1654/1654/1654 1653/1653/1653 1652/1652/1652
f 1655/1655/1655 1653/1653/1653 1654/1654/1654
f 1656/1656/1656 1655/1655/1655 1654/1654/1654
f 1657/1657/1657 1655/1655/1655 1656/1656/1656
f 1658/1658/1658 1657/1657/1657 1656/1656/1656
f 1659/1659/1659 1657/1657/1657 1658/1658/1658
f 1660/1660/1660 1659/1659/1659 1658/1658/1658
f 1661/1661/1661 1659/1659/1659 1660/1660/1660
f 1662/1662/1662 1661/1661/1661 1660/1660/1660
f 1665/1665/1665 1664/1664/1664 1663/1663/1663
f 1664/1664/1664 1666/1666/1666 1663/1663/1663
f 1663/1663/1663 1666/1666/1666 1667/1667/1667
f 1666/1666/1666 1668/1668/1668 1667/1667/1667
f 1667/1667/1667 1668/1668/1668 1669/1669/1669
f 1668/1668/1668 1670/1670/1670 1669/1669/1669
f 1669/1669/1669 1670/1670/1670 1671/1671/1671
f 1670/1670/1670 1672/1672/1672 1671/1671/1671
f 1671/1671/1671 1672/1672/1672 1673/1673/1673
f 1672/1672/1672 1674/1674/1674 1673/1673/1673
f 1673/1673/1673 1674/1674/1674 1675/1675/1675
f 1674/1674/1674 1676/1676/1676 1675/1675/1675
f 1675/1675/1675 1676/1676/1676 1677/1677/1677
f 1676/1676/1676 1678/1678/1678 1677/1677/1677
f 1677/1677/1677 1678/1678/1678 1679/1679/1679
f 1678/1678/1678 1680/1680/1680 1679/1679/1679
f 1683/1683/1683 1682/1682/1682 1681/1681/1681
f 1682/1682/1682 1684/1684/1684 1681/1681/1681
f 1681/1681/1681 1684/1684/1684 1685/1685/1685
f 1684/1684/1684 1686/1686/1686 1685/1685/1685
f 1685/1685/1685 1686/1686/1686 1687/1687/1687
f 1686/1686/1686 1688/1688/1688 1687/1687/1687
f 1687/1687/1687 1688/1688/1688 1689/1689/1689
f 1688/1688/1688 1690/1690/1690 1689/1689/1689
f 1689/1689/1689 1690/1690/1690 1691/1691/1691
f 1690/1690/1690 1692/1692/1692 1691/1691/1691
f 1691/1691/1691 1692/1692/1692 1693/1693/1693
f 1692/1692/1692 1694/1694/1694 1693/1693/1693
f 1693/1693/1693 1694/1694/1694 1695/1695/1695
f 1694/1694/1694 1696/1696/1696 1695/1695/1695
f 1699/1699/1699 1698/1698/1698 1697/1697/1697
f 1700/1700/1700 1699/1699/1699 1697/1697/1697
f 1701/1701/1701 1699/1699/1699 1700/1700/1700
f 1702/1702/1702 1701/1701/1701 1700/1700/1700
f 1703/1703/1703 1701/1701/1701 1702/1702/1702
f 1704/1704/1704 1703/1703/1703 1702/1702/1702
f 1705/1705/1705 1703/1703/1703 1704/1704/1704
f 1706/1706/1706 1705/1705/1705 1704/1704/1704
f 1707/1707/1707 1705/1705/1705 1706/1706/1706
f 1708/1708/1708 1707/1707/1707 1706/1706/1706
f 1709/1709/1709 1707/1707/1707 1708/1708/1708
f 1710/1710/1710 1709/1709/1709 1708/1708/1708
f 1711/1711/1711 1709/1709/1709 1710/1710/1710
f 1712/1712/1712 1711/1711/1711 1710/1710/1710
f 1715/1715/1715 1714/1714/1714 1713/1713/1713
f 1716/1716/1716 1715/1715/1715 1713/1713/1713
f 1719/1719/1719 1718/1718/1718 1717/1717/1717
f 1720/1720/1720 1719/1719/1719 1717/1717/1717
f 1723/1723/1723 1722/1722/1722 1721/1721/1721
f 1724/1724/1724 1723/1723/1723 1721/1721/1721
f 1727/1727/1727 1726/1726/1726 1725/1725/1725
f 1728/1728/1728 1727/1727/1727 1725/1725/1725
f 1731/1731/1731 1730/1730/1730 1729/1729/1729
f 1732/1732/1732 1731/1731/1731 1729/1729/1729
f 1735/1735/1735 1734/1734/1734 1733/1733/1733
f 1736/1736/1736 1735/1735/1735 1733/1733/1733
f 1739/1739/1739 1738/1738/1738 1737/1737/1737
f 1740/1740/1740 1739/1739/1739 1737/1737/1737
f 1743/1743/1743 1742/1742/1742 1741/1741/1741
f 1744/1744/1744 1743/1743/1743 1741/1741/1741
f 1747/1747/1747 1746/1746/1746 1745/1745/1745
f 1748/1748/1748 1747/1747/1747 1745/1745/1745
f 1751/1751/1751 1750/1750/1750 1749/1749/1749
f 1752/1752/1752 1751/1751/1751 1749/1749/1749
f 1755/1755/1755 1754/1754/1754 1753/1753/1753
f 1756/1756/1756 1755/1755/1755 1753/1753/1753
f 1759/1759/1759 1758/1758/1758 1757/1757/1757
f 1760/1760/1760 1759/1759/1759 1757/1757/1757
f 1763/1763/1763 1762/1762/1762 1761/1761/1761
f 1764/1764/1764 1763/1763/1763 1761/1761/1761
f 1767/1767/1767 1766/1766/1766 1765/1765/1765
f 1768/1768/1768 1767/1767/1767 1765/1765/1765
f 1771/1771/1771 1770/1770/1770 1769/1769/1769
f 1772/1772/1772 1771/1771/1771 1769/1769/1769
f 1775/1775/1775 1774/1774/1774 1773/1773/1773
f 1776/1776/1776 1775/1775/1775 1773/1773/1773
f 1779/1779/1779 1778/1778/1778 1777/1777/1777
f 1780/1780/1780 1779/1779/1779 1777/1777/1777
f 1783/1783/1783 1782/1782/1782 1781/1781/1781
f 1784/1784/1784 1783/1783/1783 1781/1781/1781
f 1787/1787/1787 1786/1786/1786 1785/1785/1785
f 1788/1788/1788 1787/1787/1787 1785/1785/1785
f 1791/1791/1791 1790/1790/1790 1789/1789/1789
f 1792/1792/1792 1791/1791/1791 1789/1789/1789
f 1795/1795/1795 1794/1794/1794 1793/1793/1793
f 1796/1796/1796 1795/1795/1795 1793/1793/1793
f 1799/1799/1799 1798/1798/1798 1797/1797/1797
f 1800/1800/1800 1799/1799/1799 1797/1797/1797
f 1803/1803/1803 1802/1802/1802 1801/1801/1801
f 1804/1804/1804 1803/1803/1803 1801/1801/1801
f 1807/1807/1807 1806/1806/1806 1805/1805/1805
f 1808/1808/1808 1807/1807/1807 1805/1805/1805
f 1811/1811/1811 1810/1810/1810 1809/1809/1809
f 1812/1812/1812 1811/1811/1811 1809/1809/1809
f 1815/1815/1815 1814/1814/1814 1813/1813/1813
f 1816/1816/1816 1815/1815/1815 1813/1813/1813
f 1819/1819/1819 1818/1818/1818 1817/1817/1817
f 1820/1820/1820 1819/1819/1819 1817/1817/1817
f 1823/1823/1823 1822/1822/1822 1821/1821/1821
f 1824/1824/1824 1823/1823/1823 1821/1821/1821
f 1827/1827/1827 1826/1826/1826 1825/1825/1825
f 1828/1828/1828 1827/1827/1827 1825/1825/1825
f 1831/1831/1831 1830/1830/1830 1829/1829/1829
f 1832/1832/1832 1831/1831/1831 1829/1829/1829
f 1835/1835/1835 1834/1834/1834 1833/1833/1833
f 1836/1836/1836 1835/1835/1835 1833/1833/1833
f 1836/1836/1836 1833/1833/1833 1837/1837/1837
f 1838/1838/1838 1835/1835/1835 1836/1836/1836
f 1839/1839/1839 1836/1836/1836 1837/1837/1837
f 1837/1837/1837 1840/1840/1840 1839/1839/1839
f 1840/1840/1840 1841/1841/1841 1839/1839/1839
f 1842/1842/1842 1838/1838/1838 1836/1836/1836
f 1842/1842/1842 1836/1836/1836 1839/1839/1839
f 1843/1843/1843 1839/1839/1839 1841/1841/1841
f 1843/1843/1843 1842/1842/1842 1839/1839/1839
f 1844/1844/1844 1843/1843/1843 1841/1841/1841
f 1844/1844/1844 1845/1845/1845 1843/1843/1843
f 1845/1845/1845 1846/1846/1846 1843/1843/1843
f 1843/1843/1843 1846/1846/1846 1842/1842/1842
f 1845/1845/1845 1847/1847/1847 1846/1846/1846
f 1847/1847/1847 1848/1848/1848 1846/1846/1846
f 1842/1842/1842 1849/1849/1849 1838/1838/1838
f 1846/1846/1846 1849/1849/1849 1842/1842/1842
f 1846/1846/1846 1848/1848/1848 1849/1849/1849
f 1849/1849/1849 1850/1850/1850 1838/1838/1838
f 1848/1848/1848 1851/1851/1851 1849/1849/1849
f 1849/1849/1849 1851/1851/1851 1850/1850/1850
f 1851/1851/1851 1852/1852/1852 1850/1850/1850
f 1855/1855/1855 1854/1854/1854 1853/1853/1853
f 1856/1856/1856 1855/1855/1855 1853/1853/1853
f 1856/1856/1856 1853/1853/1853 1857/1857/1857
f 1858/1858/1858 1855/1855/1855 1856/1856/1856
f 1859/1859/1859 1856/1856/1856 1857/1857/1857
f 1859/1859/1859 1857/1857/1857 1860/1860/1860
f 1861/1861/1861 1858/1858/1858 1856/1856/1856
f 1861/1861/1861 1856/1856/1856 1859/1859/1859
f 1862/1862/1862 1859/1859/1859 1860/1860/1860
f 1860/1860/1860 1863/1863/1863 1862/1862/1862
f 1863/1863/1863 1864/1864/1864 1862/1862/1862
f 1864/1864/1864 1865/1865/1865 1862/1862/1862
f 1866/1866/1866 1859/1859/1859 1862/1862/1862
f 1866/1866/1866 1861/1861/1861 1859/1859/1859
f 1865/1865/1865 1867/1867/1867 1862/1862/1862
f 1867/1867/1867 1866/1866/1866 1862/1862/1862
f 1865/1865/1865 1868/1868/1868 1867/1867/1867
f 1868/1868/1868 1869/1869/1869 1867/1867/1867
f 1867/1867/1867 1869/1869/1869 1866/1866/1866
f 1868/1868/1868 1870/1870/1870 1869/1869/1869
f 1870/1870/1870 1871/1871/1871 1869/1869/1869
f 1869/1869/1869 1872/1872/1872 1866/1866/1866
f 1869/1869/1869 1871/1871/1871 1872/1872/1872
f 1866/1866/1866 1872/1872/1872 1861/1861/1861
f 1871/1871/1871 1873/1873/1873 1872/1872/1872
f 1872/1872/1872 1874/1874/1874 1861/1861/1861
f 1872/1872/1872 1873/1873/1873 1874/1874/1874
f 1861/1861/1861 1874/1874/1874 1858/1858/1858
f 1873/1873/1873 1875/1875/1875 1874/1874/1874
f 1874/1874/1874 1876/1876/1876 1858/1858/1858
f 1874/1874/1874 1875/1875/1875 1876/1876/1876
f 1875/1875/1875 1877/1877/1877 1876/1876/1876
f 1880/1880/1880 1879/1879/1879 1878/1878/1878
f 1881/1881/1881 1880/1880/1880 1878/1878/1878
f 1881/1881/1881 1878/1878/1878 1882/1882/1882
f 1883/1883/1883 1880/1880/1880 1881/1881/1881
f 1884/1884/1884 1881/1881/1881 1882/1882/1882
f 1884/1884/1884 1882/1882/1882 1885/1885/1885
f 1886/1886/1886 1883/1883/1883 1881/1881/1881
f 1886/1886/1886 1881/1881/1881 1884/1884/1884
f 1887/1887/1887 1884/1884/1884 1885/1885/1885
f 1887/1887/1887 1885/1885/1885 1888/1888/1888
f 1889/1889/1889 1887/1887/1887 1888/1888/1888
f 1890/1890/1890 1884/1884/1884 1887/1887/1887
f 1890/1890/1890 1886/1886/1886 1884/1884/1884
f 1891/1891/1891 1887/1887/1887 1889/1889/1889
f 1891/1891/1891 1890/1890/1890 1887/1887/1887
f 1892/1892/1892 1891/1891/1891 1889/1889/1889
f 1892/1892/1892 1893/1893/1893 1891/1891/1891
f 1893/1893/1893 1894/1894/1894 1891/1891/1891
f 1891/1891/1891 1894/1894/1894 1890/1890/1890
f 1893/1893/1893 1895/1895/1895 1894/1894/1894
f 1895/1895/1895 1896/1896/1896 1894/1894/1894
f 1894/1894/1894 1897/1897/1897 1890/1890/1890
f 1894/1894/1894 1896/1896/1896 1897/1897/1897
f 1890/1890/1890 1897/1897/1897 1886/1886/1886
f 1896/1896/1896 1898/1898/1898 1897/1897/1897
f 1897/1897/1897 1899/1899/1899 1886/1886/1886
f 1897/1897/1897 1898/1898/1898 1899/1899/1899
f 1886/1886/1886 1899/1899/1899 1883/1883/1883
f 1898/1898/1898 1900/1900/1900 1899/1899/1899
f 1899/1899/1899 1901/1901/1901 1883/1883/1883
f 1899/1899/1899 1900/1900/1900 1901/1901/1901
f 1900/1900/1900 1902/1902/1902 1901/1901/1901
f 1905/1905/1905 1904/1904/1904 1903/1903/1903
f 1906/1906/1906 1905/1905/1905 1903/1903/1903
f 1906/1906/1906 1903/1903/1903 1907/1907/1907
f 1908/1908/1908 1905/1905/1905 1906/1906/1906
f 1909/1909/1909 1906/1906/1906 1907/1907/1907
f 1909/1909/1909 1907/1907/1907 1910/1910/1910
f 1911/1911/1911 1908/1908/1908 1906/1906/1906
f 1911/1911/1911 1906/1906/1906 1909/1909/1909
f 1912/1912/1912 1909/1909/1909 1910/1910/1910
f 1912/1912/1912 1910/1910/1910 1913/1913/1913
f 1914/1914/1914 1912/1912/1912 1913/1913/1913
f 1915/1915/1915 1909/1909/1909 1912/1912/1912
f 1915/1915/1915 1911/1911/1911 1909/1909/1909
f 1916/1916/1916 1912/1912/1912 1914/1914/1914
f 1916/1916/1916 1915/1915/1915 1912/1912/1912
f 1917/1917/1917 1916/1916/1916 1914/1914/1914
f 1917/1917/1917 1918/1918/1918 1916/1916/1916
f 1918/1918/1918 1919/1919/1919 1916/1916/1916
f 1916/1916/1916 1919/1919/1919 1915/1915/1915
f 1918/1918/1918 1920/1920/1920 1919/1919/1919
f 1920/1920/1920 1921/1921/1921 1919/1919/1919
f 1919/1919/1919 1922/1922/1922 1915/1915/1915
f 1919/1919/1919 1921/1921/1921 1922/1922/1922
f 1915/1915/1915 1922/1922/1922 1911/1911/1911
f 1921/1921/1921 1923/1923/1923 1922/1922/1922
f 1922/1922/1922 1924/1924/1924 1911/1911/1911
f 1922/1922/1922 1923/1923/1923 1924/1924/1924
f 1911/1911/1911 1924/1924/1924 1908/1908/1908
f 1923/1923/1923 1925/1925/1925 1924/1924/1924
f 1924/1924/1924 1926/1926/1926 1908/1908/1908
f 1924/1924/1924 1925/1925/1925 1926/1926/1926
f 1925/1925/1925 1927/1927/1927 1926/1926/1926
f 1930/1930/1930 1929/1929/1929 1928/1928/1928
f 1929/1929/1929 1931/1931/1931 1928/1928/1928
f 1929/1929/1929 1932/1932/1932 1931/1931/1931
f 1932/1932/1932 1933/1933/1933 1931/1931/1931
f 1932/1932/1932 1934/1934/1934 1933/1933/1933
f 1934/1934/1934 1935/1935/1935 1933/1933/1933
f 1934/1934/1934 1936/1936/1936 1935/1935/1935
f 1936/1936/1936 1937/1937/1937 1935/1935/1935
f 1936/1936/1936 1938/1938/1938 1937/1937/1937
f 1938/1938/1938 1939/1939/1939 1937/1937/1937
f 1938/1938/1938 1940/1940/1940 1939/1939/1939
f 1940/1940/1940 1941/1941/1941 1939/1939/1939
f 1940/1940/1940 1942/1942/1942 1941/1941/1941
f 1942/1942/1942 1943/1943/1943 1941/1941/1941
f 1942/1942/1942 1944/1944/1944 1943/1943/1943
f 1944/1944/1944 1945/1945/1945 1943/1943/1943
f 1944/1944/1944 1946/1946/1946 1945/1945/1945
f 1946/1946/1946 1947/1947/1947 1945/1945/1945
f 1950/1950/1950 1949/1949/1949 1948/1948/1948
f 1949/1949/1949 1951/1951/1951 1948/1948/1948
f 1949/1949/1949 1952/1952/1952 1951/1951/1951
f 1952/1952/1952 1953/1953/1953 1951/1951/1951
f 1952/1952/1952 1954/1954/1954 1953/1953/1953
f 1954/1954/1954 1955/1955/1955 1953/1953/1953
f 1954/1954/1954 1956/1956/1956 1955/1955/1955
f 1956/1956/1956 1957/1957/1957 1955/1955/1955
f 1956/1956/1956 1958/1958/1958 1957/1957/1957
f 1958/1958/1958 1959/1959/1959 1957/1957/1957
f 1958/1958/1958 1960/1960/1960 1959/1959/1959
f 1960/1960/1960 1961/1961/1961 1959/1959/1959
f 1960/1960/1960 1962/1962/1962 1961/1961/1961
f 1962/1962/1962 1963/1963/1963 1961/1961/1961
f 1962/1962/1962 1964/1964/1964 1963/1963/1963
f 1964/1964/1964 1965/1965/1965 1963/1963/1963
f 1964/1964/1964 1966/1966/1966 1965/1965/1965
f 1966/1966/1966 1967/1967/1967 1965/1965/1965
f 1970/1970/1970 1969/1969/1969 1968/1968/1968
f 1969/1969/1969 1971/1971/1971 1968/1968/1968
f 1969/1969/1969 1972/1972/1972 1971/1971/1971
f 1972/1972/1972 1973/1973/1973 1971/1971/1971
f 1972/1972/1972 1974/1974/1974 1973/1973/1973
f 1974/1974/1974 1975/1975/1975 1973/1973/1973
f 1974/1974/1974 1976/1976/1976 1975/1975/1975
f 1976/1976/1976 1977/1977/1977 1975/1975/1975
f 1976/1976/1976 1978/1978/1978 1977/1977/1977
f 1978/1978/1978 1979/1979/1979 1977/1977/1977
f 1978/1978/1978 1980/1980/1980 1979/1979/1979
f 1980/1980/1980 1981/1981/1981 1979/1979/1979
f 1980/1980/1980 1982/1982/1982 1981/1981/1981
f 1982/1982/1982 1983/1983/1983 1981/1981/1981
f 1982/1982/1982 1984/1984/1984 1983/1983/1983
f 1984/1984/1984 1985/1985/1985 1983/1983/1983
f 1984/1984/1984 1986/1986/1986 1985/1985/1985
f 1986/1986/1986 1987/1987/1987 1985/1985/1985
f 1990/1990/1990 1989/1989/1989 1988/1988/1988
f 1989/1989/1989 1991/1991/1991 1988/1988/1988
f 1989/1989/1989 1992/1992/1992 1991/1991/1991
f 1992/1992/1992 1993/1993/1993 1991/1991/1991
f 1992/1992/1992 1994/1994/1994 1993/1993/1993
f 1994/1994/1994 1995/1995/1995 1993/1993/1993
f 1994/1994/1994 1996/1996/1996 1995/1995/1995
f 1996/1996/1996 1997/1997/1997 1995/1995/1995
f 1996/1996/1996 1998/1998/1998 1997/1997/1997
f 1998/1998/1998 1999/1999/1999 1997/1997/1997
f 1998/1998/1998 2000/2000/2000 1999/1999/1999
f 2000/2000/2000 2001/2001/2001 1999/1999/1999
f 2000/2000/2000 2002/2002/2002 2001/2001/2001
f 2002/2002/2002 2003/2003/2003 2001/2001/2001
f 2002/2002/2002 2004/2004/2004 2003/2003/2003
f 2004/2004/2004 2005/2005/2005 2003/2003/2003
f 2004/2004/2004 2006/2006/2006 2005/2005/2005
f 2006/2006/2006 2007/2007/2007 2005/2005/2005
f 2010/2010/2010 2009/2009/2009 2008/2008/2008
f 2009/2009/2009 2011/2011/2011 2008/2008/2008
f 2009/2009/2009 2012/2012/2012 2011/2011/2011
f 2012/2012/2012 2013/2013/2013 2011/2011/2011
f 2012/2012/2012 2014/2014/2014 2013/2013/2013
f 2014/2014/2014 2015/2015/2015 2013/2013/2013
f 2014/2014/2014 2016/2016/2016 2015/2015/2015
f 2016/2016/2016 2017/2017/2017 2015/2015/2015
f 2016/2016/2016 2018/2018/2018 2017/2017/2017
f 2018/2018/2018 2019/2019/2019 2017/2017/2017
f 2018/2018/2018 2020/2020/2020 2019/2019/2019
f 2020/2020/2020 2021/2021/2021 2019/2019/2019
f 2020/2020/2020 2022/2022/2022 2021/2021/2021
f 2022/2022/2022 2023/2023/2023 2021/2021/2021
f 2022/2022/2022 2024/2024/2024 2023/2023/2023
f 2024/2024/2024 2025/2025/2025 2023/2023/2023
f 2024/2024/2024 2026/2026/2026 2025/2025/2025
f 2026/2026/2026 2027/2027/2027 2025/2025/2025
f 2030/2030/2030 2029/2029/2029 2028/2028/2028
f 2031/2031/2031 2030/2030/2030 2028/2028/2028
f 2034/2034/2034 2033/2033/2033 2032/2032/2032
f 2035/2035/2035 2034/2034/2034 2032/2032/2032
f 2038/2038/2038 2037/2037/2037 2036/2036/2036
f 2039/2039/2039 2038/2038/2038 2036/2036/2036
f 2042/2042/2042 2041/2041/2041 2040/2040/2040
f 2043/2043/2043 2042/2042/2042 2040/2040/2040
f 2046/2046/2046 2045/2045/2045 2044/2044/2044
f 2047/2047/2047 2046/2046/2046 2044/2044/2044
f 2050/2050/2050 2049/2049/2049 2048/2048/2048
f 2048/2048/2048 2049/2049/2049 2051/2051/2051
f 2052/2052/2052 2049/2049/2049 2050/2050/2050
f 2051/2051/2051 2049/2049/2049 2053/2053/2053
f 2053/2053/2053 2049/2049/2049 2052/2052/2052
f 2056/2056/2056 2055/2055/2055 2054/2054/2054
f 2054/2054/2054 2055/2055/2055 2057/2057/2057
f 2058/2058/2058 2055/2055/2055 2056/2056/2056
f 2057/2057/2057 2055/2055/2055 2059/2059/2059
f 2059/2059/2059 2055/2055/2055 2058/2058/2058
