g mdfx_lhn_mesh_airwave_0001
v 0.069330126 0.6436112 0.65244997
v 0.005049531 0.6441634 0.6492226
v -0.0025796944 0.64575696 0.5847737
v 0.06142557 0.64617544 0.58809227
v 0.13171363 0.6385265 0.65720946
v -0.001753938 0.64548135 0.52128035
v 0.12446838 0.6348911 0.5927726
v 0.1924162 0.6215854 0.659346
v 0.061315477 0.63828075 0.5250425
v 0.0065597743 0.6282204 0.45856094
v 0.18640512 0.6242239 0.5948179
v 0.25093207 0.6001467 0.6592201
v 0.12287331 0.62358224 0.52899885
v 0.068027586 0.6212834 0.463624
v 0.0026928927 0.6042081 0.40009657
v 0.2461226 0.601534 0.59440386
v 0.30911654 0.5756366 0.670086
v 0.18290456 0.61084783 0.5308861
v 0.12758829 0.60812646 0.465105
v 0.061847925 0.6055781 0.40413356
v 0.0016633677 0.58295536 0.34436065
v 0.30429423 0.5824548 0.6054037
v 0.36547878 0.5493275 0.66957945
v 0.24292095 0.593262 0.5303251
v 0.18504405 0.59830546 0.46825248
v 0.12000247 0.59875745 0.40261775
v 0.058367956 0.5812975 0.3476235
v -0.0044199633 0.5535289 0.29495317
v 0.35965073 0.547022 0.6050417
v 0.42079824 0.51106274 0.6642708
v 0.2992608 0.57594925 0.5407923
v 0.24090756 0.5841191 0.467904
v 0.17662634 0.5851652 0.40544796
v 0.11401515 0.5728104 0.34479976
v 0.049320117 0.5498402 0.29209563
v 0.0007881104 0.51026607 0.24483569
v 0.41380137 0.5051645 0.6000155
v 0.46439663 0.4643917 0.6637979
v 0.35380244 0.54426104 0.5418919
v 0.2975054 0.56593823 0.47644567
v 0.23164451 0.56960756 0.40590227
v 0.16726421 0.56344277 0.3428378
v 0.102986515 0.5419997 0.28772634
v 0.051022988 0.5059042 0.2404504
v 0.0029277322 0.46105972 0.19456887
v 0.04875603 0.45546645 0.1922716
v 0.003001451 0.40717718 0.14880578
v 0.10096197 0.49998763 0.23418145
v 0.15639076 0.53151387 0.28612453
v 0.21955909 0.5474186 0.34788093
v 0.28364348 0.54651177 0.41569686
v 0.04414666 0.40484917 0.150302
v 0.0050808066 0.3552609 0.11593207
v 0.09416416 0.45276225 0.19182952
v 0.14977302 0.49045953 0.23431267
v 0.20807199 0.51924133 0.29420722
v 0.040966146 0.35413346 0.116356686
v 0.0051821982 0.30088237 0.08608774
v 0.08504201 0.40377438 0.15476502
v 0.13810897 0.4438075 0.19169046
v 0.035643086 0.29952565 0.08468045
v 0.0058682268 0.2432829 0.056099012
v 0.07618062 0.35289806 0.11717902
v 0.03058127 0.24332772 0.053938974
v 0.0052583236 0.18495505 0.026198119
v 0.2688359 0.52388775 0.3563205
v 0.1970821 0.48019144 0.24227104
v 0.12589891 0.39385822 0.15524969
v 0.06570124 0.2967513 0.086688295
v 0.024008388 0.18529227 0.023045132
v 0.0057137636 0.12539065 0.0051169894
v 0.25914103 0.49099112 0.2996073
v 0.18166913 0.43109706 0.19831048
v 0.110093914 0.3469158 0.11736271
v 0.055018548 0.241751 0.05362055
v 0.018303445 0.1252711 0.0050175153
v -0.0003631407 0.06280836 -0.0016049886
v 0.2430359 0.45427063 0.24857733
v 0.16756925 0.3820642 0.16013855
v 0.09499297 0.29473624 0.086638175
v 0.04256247 0.18404153 0.022317642
v 0.005982044 0.062451098 -0.0019051897
v -0.0014246657 -0.0014246973 0.0040361118
v 0.030687427 0.12392103 0.005811181
v 0.079181224 0.23770949 0.053029064
v 0.1438074 0.33450896 0.12017844
v 0.22376852 0.41365078 0.20432897
v 0.012273918 0.061778307 -0.0018365389
v -0.0014246657 -0.0014246973 0.0040361118
v 0.06087261 0.18143 0.023292521
v 0.123267256 0.2873853 0.08555158
v 0.20519501 0.36754307 0.16323079
v 0.042691045 0.121194385 0.006364114
v 0.103011966 0.23186903 0.053554323
v 0.1773201 0.31827238 0.12360941
v 0.01845191 0.060509365 -0.0013897299
v -0.0014246657 -0.0014246973 0.0040361118
v 0.07883451 0.1762626 0.024963541
v 0.1507829 0.27212703 0.08583254
v 0.054129045 0.11756872 0.0073615443
v 0.12522912 0.22308023 0.054944303
v 0.024450695 0.058470376 -0.00066002546
v -0.0014246657 -0.0014246973 0.0040361118
v 0.09576525 0.16899827 0.026321644
v 0.06486328 0.1127486 0.009919021
v 0.030191904 0.055620603 0.00013319432
v -0.0014246657 -0.0014246973 0.0040361118
v 0.20765564 0.30337027 0.12826025
v 0.17737655 0.25550562 0.08926253
v 0.14538243 0.21018921 0.05325551
v 0.111049145 0.16014937 0.026060432
v 0.07450179 0.106260315 0.011491661
v 0.23873395 0.34827176 0.16549861
v 0.035544913 0.052363504 0.0011263173
v -0.0014246657 -0.0014246973 0.0040361118
v 0.2663807 0.39028957 0.20738903
v 0.28532097 0.42785007 0.2529272
v 0.3077488 0.4639589 0.30791432
v 0.3186608 0.4967841 0.36447597
v 0.33561626 0.5180213 0.42237315
v 0.34931985 0.5369628 0.48083925
v 0.40629268 0.4998386 0.5376171
v 0.39737418 0.4933926 0.47798136
v 0.38700014 0.48107725 0.4209457
v 0.37022632 0.46100897 0.36346203
v 0.35350242 0.4302729 0.3074033
v 0.4627612 0.4627566 0.5995112
v 0.51106703 0.4207928 0.66161627
v 0.45619616 0.45619115 0.5361692
v 0.5051693 0.41379595 0.5970199
v 0.5493312 0.36547258 0.66267383
v 0.44601023 0.4460056 0.47394907
v 0.4339622 0.4339571 0.41501993
v 0.5470254 0.35964516 0.5978322
v 0.5756393 0.30911034 0.6632043
v 0.4998438 0.40628722 0.5333139
v 0.58245796 0.3042879 0.59810305
v 0.6001489 0.250926 0.6626109
v 0.49339798 0.39736906 0.471212
v 0.5442652 0.353797 0.5333463
v 0.4184263 0.4184215 0.36090273
v 0.60153544 0.24611634 0.59749866
v 0.6215879 0.19240975 0.6621114
v 0.5759513 0.2992549 0.5336042
v 0.53696644 0.34931463 0.46842402
v 0.48108155 0.38699478 0.41160238
v 0.6242255 0.18639857 0.5971588
v 0.63852775 0.13170706 0.66537607
v 0.5932633 0.24291454 0.532381
v 0.5659401 0.29749945 0.46943152
v 0.5180252 0.3356107 0.40578258
v 0.46101364 0.37022036 0.35467434
v 0.6348923 0.12446166 0.60062283
v 0.64361143 0.0693233 0.66354406
v 0.61084896 0.1828981 0.5320103
v 0.5841213 0.24090162 0.46932563
v 0.54651445 0.28363785 0.40974802
v 0.64617646 0.06141877 0.5989773
v 0.64416337 0.005047128 0.65814245
v 0.62358344 0.12286681 0.53662246
v 0.5983061 0.1850379 0.46786448
v 0.64575696 -0.0025820853 0.59383154
v 0.63905346 -0.060059126 0.6565506
v 0.6382823 0.061308786 0.5348711
v 0.64279854 -0.06734063 0.5918271
v 0.6373508 -0.1258118 0.6593881
v 0.49678743 0.31865528 0.3510028
v 0.56961006 0.23163879 0.40751162
v 0.6081277 0.12758206 0.47476667
v 0.64548147 -0.001756295 0.53038555
v 0.6314296 -0.13181706 0.59456676
v 0.62265176 -0.19076535 0.6659227
v 0.52389014 0.26883075 0.35346362
v 0.58516735 0.17662038 0.40664095
v 0.6212842 0.06802106 0.47138107
v 0.643613 -0.06558758 0.5276562
v 0.6160482 -0.1949314 0.6008313
v 0.5981079 -0.25421536 0.6621595
v 0.54742086 0.21955357 0.35155517
v 0.5987588 0.119996294 0.413056
v 0.62822044 0.006557456 0.4668088
v 0.6348615 -0.12970385 0.5304684
v 0.59462357 -0.2565925 0.5973041
v 0.56818634 -0.31313214 0.6568749
v 0.5634434 0.16725862 0.34953654
v 0.60557824 0.061841663 0.41118404
v 0.6304494 -0.055790193 0.46638083
v 0.61259013 -0.19291437 0.5349751
v 0.5665306 -0.3149582 0.59257394
v 0.53228223 -0.3678784 0.6537086
v 0.57281095 0.11400934 0.3513404
v 0.60420847 0.0026906691 0.4058086
v 0.6255358 -0.11884813 0.47023207
v 0.5895628 -0.25252038 0.53264916
v 0.5291987 -0.37017497 0.5889814
v 0.49305496 -0.41660476 0.6593207
v 0.5812979 0.05836194 0.3506747
v 0.6053177 -0.057692118 0.40738857
v 0.6079464 -0.18163784 0.46956244
v 0.56474346 -0.3110315 0.52916586
v 0.49406013 -0.4195693 0.59449697
v 0.45183453 -0.46898767 0.664578
v 0.58295554 0.0016612493 0.3510909
v 0.6039076 -0.117920004 0.411455
v 0.586467 -0.24248841 0.467745
v 0.53106225 -0.3654633 0.52532494
v 0.45132735 -0.4661285 0.59988326
v 0.40559348 -0.5093096 0.6673002
v 0.5807822 -0.05574315 0.35425842
v 0.59193534 -0.17738725 0.40812996
v 0.55771035 -0.2979494 0.4657768
v 0.49337852 -0.4150199 0.5301993
v 0.40633368 -0.510294 0.60283875
v 0.35734484 -0.548211 0.66535187
v 0.5809983 -0.11310197 0.35339633
v 0.57442415 -0.23505086 0.403712
v 0.5221828 -0.35245895 0.4641302
v 0.45304382 -0.4592534 0.5361879
v 0.35547468 -0.54523176 0.60055846
v 0.3080202 -0.5884984 0.66884804
v 0.56958526 -0.17067169 0.34881774
v 0.5477349 -0.29123923 0.40247694
v 0.48526964 -0.4039704 0.46782157
v 0.4057894 -0.5009268 0.5397013
v 0.30450544 -0.5760742 0.60384375
v 0.252203 -0.6193733 0.67515486
v 0.55544734 -0.2259412 0.34305927
v 0.51127034 -0.34191737 0.40511644
v 0.4464759 -0.4471827 0.47372696
v 0.3533418 -0.5321881 0.53700864
v 0.24792352 -0.6121142 0.61012304
v 0.18980993 -0.6415744 0.6731616
v 0.53529465 -0.27993825 0.34304494
v 0.47339398 -0.3866594 0.4072912
v 0.40184435 -0.48304182 0.4772602
v 0.29973274 -0.56581765 0.5386762
v 0.18643175 -0.63285404 0.6084074
v 0.124734506 -0.6561094 0.67376477
v 0.50101775 -0.32810253 0.34260246
v 0.43505663 -0.42837256 0.4111192
v 0.35015804 -0.5133158 0.47630623
v 0.24187528 -0.6028258 0.54503864
v 0.12242451 -0.6535108 0.6090988
v 0.059450395 -0.6700325 0.6745277
v 0.46352467 -0.36829752 0.34748912
v 0.38875955 -0.46162352 0.41603512
v 0.29668063 -0.5480699 0.47527122
v 0.18087867 -0.6280416 0.5440549
v 0.0577466 -0.6611421 0.6094748
v -0.0054418007 -0.67583656 0.67188925
v 0.4205949 -0.40474525 0.35104564
v 0.33976406 -0.4959716 0.416067
v 0.24112819 -0.5828886 0.48022822
v 0.11948928 -0.64617753 0.54511887
v -0.006974678 -0.6678868 0.6069281
v -0.06993196 -0.67459023 0.6667604
v 0.3758981 -0.4388784 0.35403487
v 0.2865318 -0.52900857 0.41477057
v 0.18187231 -0.6104642 0.48130092
v 0.056713957 -0.6501207 0.5445755
v -0.07101274 -0.6645195 0.6020211
v -0.13278417 -0.65728545 0.66616166
v 0.3314484 -0.47115824 0.3572978
v 0.23050976 -0.5570816 0.4170847
v 0.118931614 -0.63076264 0.48199236
v -0.0068173516 -0.6491552 0.541626
v -0.13385414 -0.6569723 0.601513
v -0.19336505 -0.64050865 0.66762733
v 0.28108186 -0.5027876 0.35792845
v 0.17198187 -0.58184236 0.4190041
v 0.055977464 -0.6357947 0.4793147
v -0.07018235 -0.6447894 0.53762805
v -0.19489813 -0.6410298 0.6031308
v -0.25293818 -0.6214122 0.66462404
v 0.22549564 -0.52810174 0.3592694
v 0.113333374 -0.59732985 0.42025867
v -0.006314045 -0.6349406 0.4767332
v -0.13308126 -0.6348982 0.53760403
v -0.2547852 -0.6190243 0.6005419
v -0.31422234 -0.59594905 0.6612303
v 0.1692609 -0.5505657 0.36036384
v 0.05373249 -0.6080703 0.41458377
v -0.06783371 -0.626629 0.47349837
v -0.1949337 -0.6262988 0.5391587
v -0.31474084 -0.59199876 0.5966563
v -0.3760066 -0.5652569 0.6656162
v 0.11208308 -0.56895673 0.3585351
v -0.0061750743 -0.61531264 0.4126588
v -0.12749837 -0.6133537 0.47482976
v -0.2535597 -0.6065249 0.53816164
v -0.37434542 -0.56305546 0.6010313
v -0.43180418 -0.5273183 0.666156
v 0.054513454 -0.5772326 0.35443908
v -0.0658012 -0.60833055 0.41117966
v -0.18480322 -0.6008226 0.47681972
v -0.31055352 -0.5770233 0.53329456
v -0.42703173 -0.52139956 0.6012036
v -0.4815451 -0.48154587 0.664789
v -0.0028804773 -0.5811805 0.35443598
v -0.12458284 -0.59218043 0.41551226
v -0.24226168 -0.5805409 0.47562784
v -0.3659185 -0.54538804 0.537152
v -0.47755772 -0.4775584 0.6000319
v -0.5273176 -0.43180507 0.6657625
v -0.059591573 -0.5777481 0.3545359
v -0.1820256 -0.5750728 0.41824162
v -0.2987683 -0.55629754 0.47176
v -0.41551787 -0.5073884 0.53609496
v -0.5213989 -0.42703253 0.60090023
v -0.5652564 -0.3760075 0.662389
v -0.11502808 -0.560769 0.35783046
v -0.23617975 -0.5522656 0.4121435
v -0.35161543 -0.52809644 0.4739587
v -0.46240115 -0.46240193 0.53602797
v -0.563055 -0.37434617 0.59785116
v -0.5959487 -0.31422317 0.6539351
v -0.1686692 -0.54442304 0.3583869
v -0.28834522 -0.5277857 0.4123943
v -0.39949518 -0.4911664 0.47296745
v -0.5073877 -0.41551867 0.53621876
v -0.59199864 -0.31474164 0.5892531
v -0.6214121 -0.25293884 0.6438333
v -0.21999899 -0.5200735 0.3527164
v -0.33776417 -0.50272346 0.4108226
v -0.44671255 -0.44671333 0.4732559
v -0.5453875 -0.36591923 0.53383213
v -0.6190241 -0.25478595 0.5795895
v -0.64050865 -0.19336559 0.6352319
v -0.26768693 -0.4913811 0.35242748
v -0.3848949 -0.46930784 0.40956435
v -0.49116576 -0.399496 0.47212794
v -0.57702297 -0.31055433 0.5251606
v -0.6410297 -0.19489871 0.57066494
v -0.6572854 -0.13278456 0.633759
v -0.31530973 -0.46692508 0.35019767
v -0.42727348 -0.4272743 0.41144645
v -0.528096 -0.35161608 0.4700053
v -0.6065246 -0.25356042 0.5168119
v -0.65697217 -0.13385454 0.56940705
v -0.67459023 -0.069932215 0.6377861
v -0.36262062 -0.43636382 0.34555855
v -0.46930712 -0.38489577 0.40994516
v -0.55629724 -0.29876912 0.46268845
v -0.6262988 -0.19493426 0.5077085
v -0.6645193 -0.07101299 0.57310605
v -0.67583656 -0.005441884 0.6373306
v -0.40257224 -0.402573 0.35066772
v -0.502723 -0.33776492 0.40652207
v -0.5805407 -0.24226236 0.4560321
v -0.63489825 -0.13308166 0.50605977
v -0.6678868 -0.0069747632 0.57288104
v -0.67003256 0.059450462 0.6391338
v -0.43636325 -0.36262146 0.34839043
v -0.5277854 -0.2883459 0.4013314
v -0.60082257 -0.18480377 0.4479003
v -0.64478934 -0.070182614 0.509237
v -0.6611421 0.057746675 0.57464176
v -0.6561093 0.12473473 0.6506154
v -0.46692467 -0.31531048 0.34653023
v -0.5522653 -0.23618038 0.39810508
v -0.61335367 -0.12749876 0.44313723
v -0.6491552 -0.0068174484 0.50998634
v -0.65351075 0.12242474 0.5864069
v -0.6415744 0.1898103 0.65924287
v -0.4913807 -0.26768756 0.3433859
v -0.57507265 -0.1820261 0.39141384
v -0.626629 -0.06783397 0.44791418
v -0.6501207 0.056714006 0.51158065
v -0.632854 0.18643208 0.5949212
v -0.61937314 0.2522035 0.6593089
v -0.5200732 -0.21999955 0.3422647
v -0.59218025 -0.12458322 0.38652578
v -0.6349407 -0.0063141435 0.4490426
v -0.6461776 0.11948948 0.5236007
v -0.61211395 0.24792396 0.59487766
v -0.58849806 0.3080208 0.6613754
v -0.5444228 -0.16866966 0.34041992
v -0.6083304 -0.065801434 0.38835102
v -0.63579476 0.05597751 0.4516384
v -0.6280415 0.180879 0.53177017
v -0.57607394 0.304506 0.5970172
v -0.54821056 0.35734552 0.6656113
v -0.56076884 -0.11502842 0.33446833
v -0.6153126 -0.0061751613 0.39024583
v -0.63076264 0.11893179 0.4624867
v -0.6028256 0.24187572 0.53144854
v -0.5452312 0.35547546 0.6012863
v -0.50930893 0.40559432 0.66540533
v -0.577748 -0.05959181 0.3353695
v -0.60807025 0.053732548 0.39255744
v -0.6104641 0.18187265 0.47035506
v -0.56581724 0.2997333 0.53479517
v -0.5102935 0.40633452 0.6008994
v -0.46898696 0.4518354 0.66464704
v -0.58118045 -0.0028805546 0.3352202
v -0.5973298 0.11333357 0.40305373
v -0.5828884 0.24112865 0.4706186
v -0.5321877 0.35334253 0.53829545
v -0.46612766 0.4513283 0.60000324
v -0.41660383 0.49305582 0.6595141
v -0.57723254 0.054513507 0.3380856
v -0.5818422 0.17198218 0.41141763
v -0.5480695 0.29668114 0.47605208
v -0.5009264 0.40579024 0.53742
v -0.4195684 0.49406108 0.59498686
v -0.36787733 0.5322832 0.655838
v -0.5689566 0.1120833 0.3467951
v -0.5570814 0.23051019 0.41316837
v -0.5133154 0.35015884 0.4778276
v -0.4592527 0.45304465 0.5360109
v -0.37017375 0.5291996 0.5915203
v -0.31313065 0.5681872 0.65257263
v -0.55056554 0.16926122 0.35233256
v -0.52900815 0.2865324 0.41737464
v -0.48304144 0.40184516 0.4758345
v -0.41501904 0.49337944 0.5315455
v -0.3149567 0.56653166 0.58850545
v -0.2542137 0.5981087 0.6529141
v -0.52810144 0.2254961 0.35807854
v -0.49597114 0.3397647 0.4212814
v -0.44718197 0.4464768 0.47238502
v -0.36546215 0.53106314 0.52853346
v -0.2565908 0.59462434 0.58806896
v -0.19076347 0.6226525 0.65537244
v -0.5027872 0.28108242 0.36096847
v -0.46162286 0.38876024 0.41488034
v -0.4039695 0.48527056 0.46960974
v -0.3110299 0.56474423 0.52589154
v -0.19492948 0.61604893 0.5904448
v -0.12580965 0.63735104 0.6536081
v -0.47115776 0.33144897 0.36518237
v -0.4283718 0.4350574 0.41301882
v -0.35245776 0.5221838 0.46670422
v -0.25251877 0.58956337 0.52379936
v -0.131815 0.63143015 0.58863133
v -0.060056847 0.6390535 0.6474779
v -0.43887785 0.37589875 0.35809237
v -0.38665852 0.47339472 0.40898514
v -0.29794794 0.5577112 0.4636443
v -0.19291247 0.6125911 0.52536523
v -0.06733837 0.64279884 0.5830961
v 0.005049531 0.6441634 0.6492226
v -0.0025796944 0.64575696 0.5847737
v -0.12970178 0.6348622 0.5239236
v -0.06558535 0.6436131 0.5201833
v -0.001753938 0.64548135 0.52128035
v -0.24248676 0.5864678 0.46129885
v -0.34191623 0.5112712 0.40907446
v -0.18163595 0.6079472 0.4607539
v -0.05578799 0.6304496 0.45854965
v 0.0065597743 0.6282204 0.45856094
v -0.11884608 0.625536 0.46085036
v -0.2912378 0.5477357 0.40488365
v -0.057690028 0.6053179 0.40014574
v 0.0026928927 0.6042081 0.40009657
v -0.23504928 0.57442474 0.4018967
v -0.11791808 0.6039076 0.40018013
v -0.1773855 0.59193575 0.4003592
v -0.055741142 0.5807822 0.34636647
v 0.0016633677 0.58295536 0.34436065
v -0.11310012 0.5809983 0.34771797
v -0.17066999 0.5695856 0.34397623
v -0.2259397 0.55544794 0.34362957
v -0.27993688 0.53529525 0.34892642
v -0.058261234 0.55149156 0.2962232
v -0.0044199633 0.5535289 0.29495317
v -0.111136414 0.54548174 0.2987907
v -0.16221161 0.53590125 0.29654038
v -0.21194145 0.52283 0.29446423
v -0.048994515 0.510877 0.24823406
v 0.0007881104 0.51026607 0.24483569
v -0.0981063 0.5026799 0.249554
v -0.14642891 0.4932742 0.2503107
v -0.042734385 0.46162677 0.19916861
v 0.0029277322 0.46105972 0.19456887
v -0.087932326 0.45579773 0.20037366
v -0.037935562 0.4054941 0.15258147
v 0.003001451 0.40717718 0.14880578
v -0.2582386 0.50518864 0.29871088
v -0.19340089 0.48307693 0.24997184
v -0.13283992 0.44883487 0.20769088
v -0.078329064 0.39978382 0.15347385
v -0.030917363 0.35339126 0.115323894
v 0.0050808066 0.3552609 0.11593207
v -0.23796745 0.4650898 0.25028804
v -0.17552288 0.4385182 0.20624553
v -0.117187776 0.39402977 0.16067892
v -0.06689159 0.34716284 0.11854939
v -0.02534946 0.29871863 0.086750045
v 0.0051821982 0.30088237 0.08608774
v -0.21622652 0.42011744 0.20954338
v -0.15289187 0.3858494 0.16540422
v -0.10278914 0.34057903 0.12458284
v -0.05569433 0.2960318 0.08856654
v -0.018932922 0.24142101 0.05847608
v 0.0058682268 0.2432829 0.056099012
v -0.18955408 0.3719794 0.16901569
v -0.13683651 0.3350877 0.12865548
v -0.08563651 0.2891359 0.08978837
v -0.04353125 0.23906058 0.05820734
v -0.013550601 0.18353656 0.027510574
v 0.0052583236 0.18495505 0.026198119
v -0.16838165 0.32253164 0.12985812
v -0.11485659 0.28143752 0.089795165
v -0.067455135 0.23624091 0.058484733
v -0.032192476 0.18235512 0.027994774
v -0.0069386153 0.12485435 0.0052447473
v 0.0057137636 0.12539065 0.0051169894
v -0.14254206 0.27209792 0.091546685
v -0.090298735 0.22923419 0.05616919
v -0.05035838 0.17858717 0.028851084
v -0.01955271 0.123726845 0.0052075754
v -0.0067000035 0.06287522 -0.0014587765
v -0.0003631407 0.06280836 -0.0016049886
v -0.0014246657 -0.0014246973 0.0040361118
v -0.012967598 0.06231494 -0.0017962926
v -0.0014246657 -0.0014246973 0.0040361118
v -0.032063335 0.12095013 0.005360994
v -0.019105988 0.061020445 -0.002301253
v -0.0014246657 -0.0014246973 0.0040361118
v -0.067801304 0.17381349 0.026726598
v -0.044419646 0.11586197 0.0053618345
v -0.025061881 0.058990434 -0.0024982535
v -0.0014246657 -0.0014246973 0.0040361118
v -0.030798504 0.056302555 -0.001999071
v -0.0014246657 -0.0014246973 0.0040361118
v -0.056530617 0.110215716 0.0058719823
v -0.084863134 0.16562837 0.02617641
v -0.036335967 0.052916758 -0.00126688
v -0.0014246657 -0.0014246973 0.0040361118
v -0.068568245 0.103947856 0.005875379
v -0.112894125 0.22051767 0.05625026
v -0.10183229 0.15640444 0.025394134
v -0.04164998 0.04880835 -0.0004941511
v -0.0014246657 -0.0014246973 0.0040361118
v -0.1352602 0.21045639 0.058456104
v -0.080323905 0.09646849 0.0067178416
v -0.16832463 0.25817725 0.09225103
v -0.11780284 0.14741546 0.025992602
v -0.046652917 0.044075258 0.00036871372
v -0.0014246657 -0.0014246973 0.0040361118
v -0.09114598 0.08799016 0.0075581144
v -0.15591925 0.19680476 0.060057033
v -0.19977468 0.30574238 0.13213019
v -0.05122206 0.038865905 0.0013937526
v -0.0014246657 -0.0014246973 0.0040361118
v -0.13203785 0.13709244 0.029048871
v -0.19249877 0.24228117 0.094371326
v -0.22650163 0.35472113 0.17296225
v -0.100283474 0.078952655 0.00943552
v -0.17595148 0.18239322 0.05986358
v -0.22903728 0.28783938 0.133815
v -0.2521801 0.40117297 0.21213293
v -0.055213153 0.033330772 0.0025759041
v -0.0014246657 -0.0014246973 0.0040361118
v -0.14587101 0.12373121 0.030828651
v -0.21498936 0.22522667 0.09433587
v -0.26247424 0.33562365 0.17655632
v -0.28157058 0.44335303 0.25481117
v -0.10785788 0.06965138 0.011224189
v -0.19396913 0.16487643 0.05839569
v -0.25760862 0.26631722 0.13363539
v -0.28649577 0.37691653 0.21772875
v -0.30201426 0.479187 0.3014307
v -0.058483582 0.02758898 0.0037358173
v -0.0014246657 -0.0014246973 0.0040361118
v -0.23963912 0.20407903 0.0940104
v -0.29191208 0.31067613 0.17708524
v -0.32132247 0.41873682 0.25472912
v -0.32810146 0.50101864 0.35182747
v -0.34277174 0.4470898 0.29961577
v -0.3682968 0.46352556 0.35171416
v -0.32300442 0.35093102 0.2189199
v -0.28248948 0.24175103 0.13433269
v -0.35781008 0.38582206 0.2594795
v -0.4047445 0.4205956 0.35549906
v -0.38299102 0.40784162 0.30177245
v -0.32160532 0.28410524 0.17742321
v -0.41813463 0.36443645 0.3077036
v -0.39050293 0.34706858 0.26244345
v -0.35489687 0.32031038 0.22023375
v -0.44861042 0.3186362 0.3115279
v -0.42055812 0.30373687 0.26322567
v -0.38578686 0.28271005 0.21970688
v -0.3479983 0.2537375 0.18014166
v -0.30638903 0.21448545 0.1340825
v -0.4769507 0.27252865 0.3100237
v -0.44561666 0.25951913 0.26504645
v -0.4095158 0.24255416 0.22106132
v -0.37097555 0.21839629 0.17869176
v -0.49475172 0.21966308 0.3067778
v -0.46251002 0.20967953 0.26097834
v -0.4312334 0.19761255 0.21595663
v -0.51876545 0.1673296 0.30275816
v -0.4859765 0.15866853 0.25724486
v -0.5344501 0.113044165 0.29669562
v -0.32848555 0.18676578 0.1353033
v -0.39159018 0.1809475 0.17543073
v -0.44938108 0.15232311 0.21105014
v -0.50077915 0.107918374 0.25237176
v -0.54241425 0.058497433 0.28815746
v -0.34301913 0.15541652 0.13393836
v -0.40748164 0.142241 0.17238271
v -0.46268335 0.10664728 0.20810336
v -0.50955516 0.05724248 0.24406645
v -0.5440106 0.0043199733 0.28313926
v -0.35485765 0.12242853 0.13236833
v -0.41753322 0.10131577 0.16636688
v -0.47341925 0.061008412 0.20191582
v -0.5101073 0.0069015925 0.23739764
v -0.54076296 -0.049080286 0.28414926
v -0.36636248 0.08820995 0.12883657
v -0.42851722 0.05966158 0.16066708
v -0.4723207 0.015210145 0.19722305
v -0.5045829 -0.042771634 0.23889975
v -0.5309688 -0.10107524 0.2860739
v -0.37568718 0.053137884 0.12529086
v -0.4302213 0.018233135 0.15547125
v -0.46725914 -0.030478911 0.19369072
v -0.4980873 -0.09114667 0.2395666
v -0.5143785 -0.1512694 0.28900704
v -0.37809107 0.017389005 0.12074559
v -0.42787206 -0.02241787 0.15480854
v -0.45964798 -0.07544629 0.19363488
v -0.48316208 -0.13753031 0.23887649
v -0.4911641 -0.20034726 0.28915378
v -0.37642947 -0.018743234 0.12212316
v -0.42152426 -0.06205265 0.15017968
v -0.44435433 -0.118623 0.19133228
v -0.45962498 -0.1808006 0.2413855
v -0.4627546 -0.24484809 0.28762183
v -0.37209797 -0.054860014 0.11927548
v -0.40731052 -0.10084306 0.15176947
v -0.42381266 -0.15957683 0.19571672
v -0.434799 -0.22148173 0.23702936
v -0.43338346 -0.2911243 0.28985366
v -0.36119503 -0.09045245 0.117721215
v -0.38780585 -0.1395112 0.15287493
v -0.40305036 -0.19743846 0.19253561
v -0.40505612 -0.26315245 0.23629422
v -0.40131935 -0.33183548 0.2901885
v -0.34244108 -0.1252253 0.11633571
v -0.36653998 -0.17635082 0.15049718
v -0.37490413 -0.23584853 0.18565184
v -0.37002212 -0.30024964 0.2376731
v -0.3682356 -0.36823633 0.29126567
v -0.32422692 -0.15893418 0.11708495
v -0.34155002 -0.21149638 0.14640202
v -0.3445959 -0.2718201 0.18370706
v -0.3356905 -0.3356912 0.23573694
v -0.3318348 -0.40131998 0.28630295
v -0.3040173 -0.1929433 0.11114815
v -0.31169382 -0.24713504 0.14178039
v -0.30906817 -0.30906895 0.18053344
v -0.30024898 -0.3700227 0.22857791
v -0.2911236 -0.433384 0.29066208
v -0.2790491 -0.22348279 0.10859683
v -0.28145367 -0.2814543 0.13530584
v -0.27181935 -0.3445966 0.1790645
v -0.26315176 -0.4050567 0.2341383
v -0.24484746 -0.46275496 0.29566434
v -0.25224066 -0.25224125 0.10535738
v -0.24713428 -0.31169444 0.13374487
v -0.23584789 -0.3749047 0.18297614
v -0.22148116 -0.43479937 0.23895776
v -0.20034671 -0.4911644 0.2980991
v -0.22348219 -0.27904972 0.10330767
v -0.21149576 -0.34155056 0.13983282
v -0.19743793 -0.40305075 0.1848576
v -0.18080013 -0.45962527 0.24347416
v -0.15126896 -0.5143786 0.3001904
v -0.19294272 -0.30401772 0.107090116
v -0.17635027 -0.36654028 0.14295585
v -0.15957634 -0.423813 0.18957922
v -0.13752991 -0.48316225 0.24477953
v -0.1010749 -0.5309689 0.30260903
v -0.15893364 -0.32422724 0.110342234
v -0.13951072 -0.38780612 0.14422864
v -0.11862263 -0.4443546 0.19554283
v -0.091146365 -0.4980873 0.25150833
v -0.04908008 -0.5407631 0.30255833
v -0.12522492 -0.34244135 0.110910535
v -0.1008427 -0.40731075 0.14985992
v -0.075445995 -0.45964813 0.20396549
v -0.04277144 -0.504583 0.25022444
v 0.004320051 -0.54401064 0.3027309
v -0.09045213 -0.3611952 0.113982506
v -0.06205239 -0.42152438 0.15798727
v -0.03047872 -0.46725926 0.20441566
v 0.006901672 -0.51010734 0.2475178
v 0.058497388 -0.5424143 0.2984113
v -0.05485975 -0.3720981 0.118496776
v -0.022417704 -0.42787218 0.15989272
v 0.01521022 -0.47232077 0.19981998
v 0.05724244 -0.5095552 0.24595469
v 0.113044 -0.53445023 0.29942682
v -0.018743064 -0.3764296 0.120760456
v 0.018233197 -0.4302214 0.15691961
v 0.061008375 -0.47341937 0.19711597
v 0.1079182 -0.5007792 0.2474642
v 0.16732931 -0.51876557 0.30432904
v 0.017389081 -0.3780912 0.11829662
v 0.05966154 -0.42851728 0.15658045
v 0.10664713 -0.46268353 0.19807863
v 0.15866823 -0.48597658 0.2533935
v 0.21966267 -0.49475193 0.30332848
v 0.053137865 -0.37568724 0.11838438
v 0.10131563 -0.41753334 0.15909256
v 0.15232286 -0.44938123 0.20676547
v 0.20967908 -0.46251026 0.25380418
v 0.2725281 -0.476951 0.30221495
v 0.08820985 -0.36636263 0.119875096
v 0.14224078 -0.4074818 0.16113755
v 0.19761221 -0.43123367 0.20555314
v 0.25951862 -0.44561693 0.2495559
v 0.31863564 -0.44861087 0.29691404
v 0.12242833 -0.35485777 0.120936036
v 0.18094726 -0.39159042 0.158951
v 0.24255376 -0.4095161 0.2007905
v 0.30373633 -0.4205586 0.2455148
v 0.36443567 -0.41813523 0.2956582
v 0.15541625 -0.34301934 0.1201485
v 0.21839595 -0.37097588 0.1578166
v 0.2827096 -0.3857874 0.19719772
v 0.34706795 -0.3905034 0.2428033
v 0.407841 -0.3829918 0.2942987
v 0.18676554 -0.32848588 0.11488234
v 0.25373715 -0.34799865 0.15757897
v 0.32030994 -0.35489744 0.19911012
v 0.3858215 -0.35781083 0.24249154
v 0.4470891 -0.34277263 0.29008168
v 0.21448518 -0.30638948 0.11700781
v 0.2841049 -0.3216059 0.15839948
v 0.35093054 -0.3230052 0.1974743
v 0.4187362 -0.32132325 0.23972504
v 0.47918636 -0.3020153 0.28498805
v 0.24175069 -0.28248993 0.11758904
v 0.3106757 -0.2919127 0.15800014
v 0.37691608 -0.28649655 0.19501777
v 0.4433526 -0.2815716 0.23532695
v 0.505188 -0.2582398 0.28777146
v 0.2663169 -0.25760922 0.11523979
v 0.33562326 -0.26247495 0.15288126
v 0.40117258 -0.25218102 0.19253649
v 0.4650893 -0.23796865 0.2358056
v 0.5228296 -0.21194276 0.29026452
v 0.28783908 -0.22903791 0.116593495
v 0.35472074 -0.22650257 0.15406628
v 0.42011702 -0.2162276 0.19418615
v 0.48307654 -0.19340213 0.24539137
v 0.53590095 -0.16221312 0.29758617
v 0.30574203 -0.19977546 0.120546415
v 0.37197897 -0.18955511 0.1570398
v 0.43851787 -0.17552404 0.20149618
v 0.493274 -0.14643034 0.24924617
v 0.54548156 -0.111138105 0.2986662
v 0.3225314 -0.16838254 0.1188812
v 0.38584912 -0.1528929 0.15935475
v 0.44883475 -0.13284124 0.20171934
v 0.5026794 -0.09810789 0.2490024
v 0.55149156 -0.0582631 0.3016082
v 0.33508754 -0.13683738 0.11839511
v 0.39402968 -0.1171889 0.16102736
v 0.4557975 -0.087933786 0.2008401
v 0.5108771 -0.048996262 0.25180194
v 0.553529 -0.004421966 0.29975587
v 0.3405789 -0.102790184 0.12242305
v 0.3997837 -0.07833037 0.1598249
v 0.46162674 -0.04273597 0.20229198
v 0.5102665 0.0007862359 0.25131565
v 0.5498405 0.049314372 0.29445833
v 0.34716263 -0.066892765 0.1210586
v 0.405494 -0.037937 0.15720227
v 0.46106 0.0029260248 0.2002067
v 0.5059053 0.0510176 0.24878196
v 0.5420011 0.10298075 0.29507762
v 0.35339117 -0.030918626 0.119208544
v 0.40717745 0.0029999116 0.15680929
v 0.4554669 0.04875112 0.20114674
v 0.4999885 0.100956656 0.24723716
v 0.531515 0.15638508 0.2934292
v 0.35526106 0.0050794575 0.1179826
v 0.40484905 0.04414224 0.1568053
v 0.45276266 0.09415935 0.20168209
v 0.49046054 0.14976783 0.24424283
v 0.51924366 0.20806654 0.3016711
v 0.35413375 0.040962324 0.11725002
v 0.40377536 0.085037634 0.1562952
v 0.443809 0.1381043 0.19846965
v 0.48019278 0.19707708 0.24838686
v 0.4909941 0.2591356 0.30012608
v 0.35289872 0.0761769 0.11843016
v 0.39385936 0.12589441 0.15861431
v 0.4310984 0.1816644 0.19928585
v 0.4542738 0.2430312 0.24838023
v 0.4639619 0.30774376 0.30103514
v 0.34691706 0.110090345 0.11986077
v 0.38206604 0.16756484 0.16244203
v 0.41365355 0.223764 0.20274818
v 0.42785263 0.2853165 0.2507775
v 0.4302769 0.3534979 0.303959
v 0.3345106 0.1438037 0.119261265
v 0.3675449 0.20519122 0.16379973
v 0.39029166 0.26637623 0.20023353
v 0.39825824 0.32599354 0.25423512
v 0.3930888 0.39308468 0.30754116
v 0.36370483 0.36370105 0.25897717
v 0.32599792 0.3982546 0.26063183
v 0.3056366 0.36661464 0.21117313
v 0.3666174 0.3056327 0.2030254
v 0.3369968 0.3369938 0.20809665
v 0.26876765 0.32571146 0.16312817
v 0.3002198 0.3002165 0.16149017
v 0.23619798 0.284398 0.12480027
v 0.32571363 0.26876417 0.15736543
v 0.26095092 0.26094842 0.12019291
v 0.20224942 0.2413604 0.09144869
v 0.3482745 0.23873052 0.15988179
v 0.28440067 0.23619498 0.11979022
v 0.22500396 0.22500178 0.086715356
v 0.16454008 0.19650957 0.052231517
v 0.30337167 0.20765245 0.122686714
v 0.24136204 0.2022467 0.083588496
v 0.18123825 0.18123655 0.053210914
v 0.12528157 0.15032665 0.026397295
v 0.31827402 0.1773166 0.12074887
v 0.2555072 0.17737372 0.08469422
v 0.1965112 0.16453804 0.05329425
v 0.13890845 0.13890706 0.026645903
v 0.08304444 0.0987804 0.012503042
v 0.2721289 0.15077996 0.086780734
v 0.21019071 0.14538032 0.053535823
v 0.15032777 0.12528004 0.027720792
v 0.0909474 0.09094653 0.013877819
v 0.040429115 0.04879105 0.0023472446
v -0.0014246657 -0.0014246973 0.0040361118
v 0.2873868 0.12326426 0.08621701
v 0.22308147 0.12522686 0.055834215
v 0.1601504 0.11104756 0.028446805
v 0.09878126 0.08304354 0.016001496
v 0.044833936 0.044833455 0.0036736773
v -0.0014246657 -0.0014246973 0.0040361118
v 0.2947368 0.09498986 0.087597944
v 0.23186994 0.10300943 0.058802202
v 0.1689992 0.0957635 0.028907513
v 0.106261104 0.074500784 0.01760218
v 0.048791483 0.040428586 0.0048841406
v -0.0014246657 -0.0014246973 0.0040361118
v 0.29675153 0.06569804 0.08764124
v 0.23771001 0.07917862 0.060238957
v 0.17626333 0.07883259 0.031724054
v 0.112749256 0.06486216 0.017617552
v 0.052363906 0.035544336 0.005746859
v -0.0014246657 -0.0014246973 0.0040361118
v 0.29952618 0.035639826 0.088996924
v 0.24175143 0.05501593 0.061368994
v 0.18143044 0.060870636 0.03633325
v 0.117569186 0.05412784 0.017767357
v 0.055620976 0.03019128 0.006251422
v -0.0014246657 -0.0014246973 0.0040361118
v 0.30088252 0.005181053 0.08829027
v 0.24332777 0.030578623 0.061592255
v 0.1840418 0.042560477 0.038372125
v 0.12119476 0.042689756 0.019163297
v 0.05847068 0.024450038 0.0067138085
v -0.0014246657 -0.0014246973 0.0040361118
v 0.2987185 -0.025350533 0.0866024
v 0.24328303 0.0058672926 0.0624709
v 0.18529241 0.02400637 0.038433164
v 0.1239213 0.0306861 0.021634407
v 0.060509574 0.01845123 0.0071039903
v -0.0014246657 -0.0014246973 0.0040361118
v 0.29603177 -0.055695314 0.086755
v 0.24142098 -0.018933797 0.06196831
v 0.18495506 0.0052576093 0.038246036
v 0.12527119 0.018302087 0.023826424
v 0.06177845 0.01227322 0.0073852157
v -0.0014246657 -0.0014246973 0.0040361118
v 0.2891357 -0.08563743 0.08460057
v 0.23906058 -0.043532055 0.05918702
v 0.18353659 -0.013551271 0.03754524
v 0.1253907 0.0057132733 0.02478635
v 0.06245119 0.0059813415 0.0076731155
v -0.0014246657 -0.0014246973 0.0040361118
v 0.28143737 -0.1148574 0.081852585
v 0.23624083 -0.06745585 0.058262844
v 0.18235508 -0.03219309 0.03793559
v 0.12485435 -0.0069390777 0.025542514
v 0.06280841 -0.0003634024 0.008012994
v -0.0014246657 -0.0014246973 0.0040361118
v 0.2720977 -0.1425428 0.0823348
v 0.22923402 -0.090299375 0.058142435
v 0.17858712 -0.050358944 0.03892434
v 0.12372683 -0.019553142 0.026144572
v 0.06287525 -0.0067002485 0.008563737
v -0.0014246657 -0.0014246973 0.0040361118
v 0.258177 -0.1683253 0.08434355
v 0.22051759 -0.11289474 0.058302898
v 0.17381337 -0.067801796 0.04041056
v 0.120950036 -0.032063734 0.026076384
v 0.062314946 -0.012967826 0.009417941
v -0.0014246657 -0.0014246973 0.0040361118
v 0.24228092 -0.19249931 0.086950205
v 0.21045613 -0.13526073 0.059109405
v 0.1656282 -0.08486361 0.0408126
v 0.11586184 -0.044419996 0.025829384
v 0.061020434 -0.019106194 0.010366357
v -0.0014246657 -0.0014246973 0.0040361118
v 0.22522637 -0.21498989 0.08675838
v 0.19680455 -0.15591973 0.060072154
v 0.15640426 -0.10183272 0.040025197
v 0.110215604 -0.05653096 0.025356054
v 0.058990415 -0.025062064 0.011158713
v -0.0014246657 -0.0014246973 0.0040361118
v 0.20407876 -0.23963958 0.08426847
v 0.18239301 -0.17595193 0.062325366
v 0.14741533 -0.117803186 0.040081177
v 0.10394773 -0.06856855 0.02495696
v 0.056302518 -0.030798683 0.011572511
v -0.0014246657 -0.0014246973 0.0040361118
v 0.17977273 -0.26187003 0.08571377
v 0.16487622 -0.19396947 0.064156175
v 0.13709225 -0.13203815 0.03986302
v 0.09646836 -0.08032417 0.02464624
v 0.052916706 -0.036336124 0.011658962
v -0.0014246657 -0.0014246973 0.0040361118
v 0.15337455 -0.27664146 0.08441586
v 0.14584671 -0.20981993 0.06180244
v 0.12373102 -0.14587127 0.039945718
v 0.087990046 -0.09114621 0.025811974
v 0.048808288 -0.041650124 0.011965743
v -0.0014246657 -0.0014246973 0.0040361118
v 0.12712173 -0.2874916 0.08460192
v 0.12488464 -0.22241417 0.059863806
v 0.10910509 -0.15844859 0.041173745
v 0.07895255 -0.10028366 0.027285526
v 0.044075206 -0.046653036 0.012705495
v -0.0014246657 -0.0014246973 0.0040361118
v 0.09996081 -0.30071303 0.08763487
v 0.1034952 -0.23482037 0.060323652
v 0.094217926 -0.16893148 0.042405438
v 0.069651306 -0.107858025 0.027350683
v 0.038865857 -0.05122217 0.013548879
v -0.0014246657 -0.0014246973 0.0040361118
v 0.070931435 -0.31353545 0.08808523
v 0.08065224 -0.24568044 0.056973055
v 0.07819331 -0.17774461 0.04172469
v 0.0598742 -0.11436199 0.02650422
v 0.03333072 -0.055213246 0.01401003
v -0.0014246657 -0.0014246973 0.0040361118
v 0.040782936 -0.31972075 0.08736163
v 0.05646956 -0.253684 0.058553007
v 0.06118998 -0.1852454 0.038646303
v 0.049366985 -0.120346986 0.02525008
v 0.02758894 -0.058483653 0.013962009
v -0.0014246657 -0.0014246973 0.0040361118
v 0.010276105 -0.32136062 0.08621374
v 0.031726804 -0.25938126 0.05865445
v 0.04340166 -0.1917707 0.036650334
v 0.038111806 -0.1252351 0.025615774
v 0.021660114 -0.061062526 0.013857544
v -0.0014246657 -0.0014246973 0.0040361118
v -0.020207418 -0.3205281 0.0877294
v 0.006886887 -0.2618584 0.05914924
v 0.025047839 -0.19603752 0.036818895
v 0.026231587 -0.128649 0.02575468
v 0.015524513 -0.063301034 0.013914239
v -0.0014246657 -0.0014246973 0.0040361118
v -0.050461907 -0.31425494 0.08481884
v -0.017785601 -0.2612879 0.058522947
v 0.0063462206 -0.19821988 0.03778582
v 0.013919669 -0.13100713 0.024740584
v 0.0092548225 -0.06511723 0.013875247
v -0.0014246657 -0.0014246973 0.0040361118
v -0.08066644 -0.3063135 0.08070429
v -0.042078424 -0.25637457 0.06001844
v -0.012509797 -0.19779328 0.038132336
v 0.0013548183 -0.13212763 0.024354868
v 0.0029108534 -0.06630748 0.013531317
v -0.0014246657 -0.0014246973 0.0040361118
v -0.1109999 -0.29344007 0.081079245
v -0.06598225 -0.24714917 0.05700057
v -0.031351913 -0.19345723 0.038976714
v -0.011321489 -0.1314239 0.02448953
v -0.0034507252 -0.066573255 0.012798067
v -0.0014246657 -0.0014246973 0.0040361118
v -0.13994822 -0.27667147 0.08202171
v -0.08981364 -0.23745553 0.05609329
v -0.050039615 -0.18808837 0.040468473
v -0.024007643 -0.1288433 0.024625765
v -0.009770736 -0.06588339 0.011959542
v -0.0014246657 -0.0014246973 0.0040361118
v -0.16592634 -0.25919905 0.080640525
v -0.113236904 -0.2249773 0.058433644
v -0.068441115 -0.18019399 0.04260379
v -0.036641665 -0.12547949 0.024827994
v -0.015986225 -0.06458064 0.011302413
v -0.0014246657 -0.0014246973 0.0040361118
v -0.19066735 -0.23871934 0.08516435
v -0.13479428 -0.20955335 0.061986607
v -0.08640916 -0.17230178 0.044388246
v -0.049180817 -0.122053914 0.02488656
v -0.022032911 -0.062790036 0.010797951
v -0.0014246657 -0.0014246973 0.0040361118
v -0.21476524 -0.21476573 0.08418816
v -0.1555815 -0.19367488 0.06345117
v -0.10377513 -0.16219394 0.044740256
v -0.061518867 -0.11689517 0.024722366
v -0.027851993 -0.060542595 0.010380089
v -0.0014246657 -0.0014246973 0.0040361118
v -0.23871882 -0.1906679 0.0836396
v -0.17479534 -0.17479576 0.06550467
v -0.11935217 -0.1487829 0.044138007
v -0.07341795 -0.11017081 0.024545614
v -0.033401016 -0.05780185 0.009932267
v -0.0014246657 -0.0014246973 0.0040361118
v -0.25919864 -0.16592681 0.086399354
v -0.19367446 -0.15558195 0.06679037
v -0.13385296 -0.13385326 0.04098748
v -0.08441504 -0.10259589 0.024538603
v -0.038549725 -0.054660138 0.009285247
v -0.0014246657 -0.0014246973 0.0040361118
v -0.2766712 -0.1399486 0.092201136
v -0.20955306 -0.13479464 0.06546148
v -0.14878258 -0.119352475 0.038855366
v -0.09410262 -0.09410283 0.023245601
v -0.043212827 -0.051205013 0.008648991
v -0.0014246657 -0.0014246973 0.0040361118
v -0.29343984 -0.111000285 0.091451064
v -0.22497699 -0.11323725 0.06547377
v -0.16219373 -0.10377542 0.039191373
v -0.1025957 -0.08441527 0.021454146
v -0.04741127 -0.04741138 0.008204359
v -0.0014246657 -0.0014246973 0.0040361118
v -0.30631337 -0.08066674 0.08848904
v -0.23745537 -0.08981395 0.06539532
v -0.17230162 -0.08640944 0.038870435
v -0.11017067 -0.07341817 0.019394571
v -0.051204912 -0.043212943 0.007900045
v -0.0014246657 -0.0014246973 0.0040361118
v -0.31425482 -0.05046211 0.08794775
v -0.24714904 -0.06598249 0.06443048
v -0.18019386 -0.06844136 0.038068898
v -0.11689504 -0.061519068 0.018030312
v -0.054660052 -0.038549826 0.0075383303
v -0.0014246657 -0.0014246973 0.0040361118
v -0.32052797 -0.020207558 0.0890019
v -0.25637445 -0.04207859 0.061813243
v -0.18808825 -0.050039813 0.03768772
v -0.12205383 -0.049180992 0.016786559
v -0.05780178 -0.033401113 0.006963302
v -0.0014246657 -0.0014246973 0.0040361118
v -0.32136053 0.010276046 0.088710316
v -0.2612878 -0.017785706 0.059295338
v -0.19345713 -0.03135206 0.03877674
v -0.12547943 -0.036641803 0.016226014
v -0.06054253 -0.02785208 0.0063672494
v -0.0014246657 -0.0014246973 0.0040361118
v -0.3197207 0.04078295 0.089365534
v -0.2618583 0.006886842 0.059677083
v -0.19779317 -0.0125099 0.038187914
v -0.12884323 -0.024007754 0.016805692
v -0.062789984 -0.022032987 0.006111948
v -0.0014246657 -0.0014246973 0.0040361118
v -0.31353536 0.07093152 0.0916008
v -0.25938118 0.031726822 0.060269315
v -0.19821984 0.006346168 0.038567636
v -0.13142386 -0.011321563 0.017596776
v -0.0645806 -0.015986284 0.0059244037
v -0.0014246657 -0.0014246973 0.0040361118
v -0.30071285 0.099960946 0.09269599
v -0.2536839 0.05646963 0.06172692
v -0.19603749 0.025047833 0.03911247
v -0.1321276 0.0013547713 0.01805121
v -0.06588334 -0.0097707845 0.0055888104
v -0.0014246657 -0.0014246973 0.0040361118
v -0.28749138 0.12712191 0.092484
v -0.24568033 0.08065235 0.06188993
v -0.19177064 0.043401692 0.03914019
v -0.13100709 0.013919653 0.01859512
v -0.06657322 -0.003450759 0.0049900417
v -0.0014246657 -0.0014246973 0.0040361118
v -0.27664125 0.1533748 0.0950793
v -0.2348202 0.10349537 0.06154177
v -0.18524528 0.061190046 0.03717605
v -0.12864895 0.026231594 0.01832061
v -0.06630744 0.0029108366 0.004559636
v -0.0014246657 -0.0014246973 0.0040361118
v -0.2618697 0.17977299 0.09503749
v -0.22241396 0.12488482 0.057206858
v -0.20981966 0.14584693 0.057106
v -0.17774446 0.078193404 0.034830347
v -0.12523504 0.03811184 0.016882407
v -0.06511719 0.009254822 0.0045651696
v -0.0014246657 -0.0014246973 0.0040361118
v -0.15844841 0.109105244 0.030827811
v -0.16893134 0.094218045 0.031170148
v -0.11436188 0.059874266 0.013401681
v -0.1203469 0.049367037 0.015529706
v -0.06330099 0.015524523 0.004659914
v -0.0014246657 -0.0014246973 0.0040361118
v -0.061062466 0.021660136 0.004486643
v -0.0014246657 -0.0014246973 0.0040361118
v -0.0014246657 -0.0014246973 0.0040361118
vt 0.9843744 0.99992836
vt 0.9999994 0.99992836
vt 0.9999994 0.9374329
vt 0.9843744 0.9374329
vt 0.96874946 0.99992836
vt 0.9999994 0.8749373
vt 0.96874946 0.9374329
vt 0.95312446 0.99992836
vt 0.9843744 0.8749373
vt 0.9999994 0.8124418
vt 0.95312446 0.9374329
vt 0.9374995 0.99992836
vt 0.96874946 0.8749373
vt 0.9843744 0.8124418
vt 0.9999994 0.74994624
vt 0.9374995 0.9374329
vt 0.9218745 0.99992836
vt 0.95312446 0.8749373
vt 0.96874946 0.8124418
vt 0.9843744 0.74994624
vt 0.9999994 0.68745077
vt 0.9218745 0.9374329
vt 0.9062496 0.99992836
vt 0.9374995 0.8749373
vt 0.95312446 0.8124418
vt 0.96874946 0.74994624
vt 0.9843744 0.68745077
vt 0.9999994 0.62495506
vt 0.9062496 0.9374329
vt 0.8906246 0.99992836
vt 0.9218745 0.8749373
vt 0.9374995 0.8124418
vt 0.95312446 0.74994624
vt 0.96874946 0.68745077
vt 0.9843744 0.62495506
vt 0.9999994 0.5624596
vt 0.8906246 0.9374329
vt 0.87499964 0.99992836
vt 0.9062496 0.8749373
vt 0.9218745 0.8124418
vt 0.9374995 0.74994624
vt 0.95312446 0.68745077
vt 0.96874946 0.62495506
vt 0.9843744 0.5624596
vt 0.9999994 0.49996412
vt 0.9843744 0.49996412
vt 0.9999994 0.4374686
vt 0.96874946 0.5624596
vt 0.95312446 0.62495506
vt 0.9374995 0.68745077
vt 0.9218745 0.74994624
vt 0.9843744 0.4374686
vt 0.9999994 0.37497306
vt 0.96874946 0.49996412
vt 0.95312446 0.5624596
vt 0.9374995 0.62495506
vt 0.9843744 0.37497306
vt 0.9999994 0.31247744
vt 0.96874946 0.4374686
vt 0.95312446 0.49996412
vt 0.9843744 0.31247744
vt 0.9999994 0.24998191
vt 0.96874946 0.37497306
vt 0.9843744 0.24998191
vt 0.9999994 0.1874864
vt 0.9218745 0.68745077
vt 0.9374995 0.5624596
vt 0.95312446 0.4374686
vt 0.96874946 0.31247744
vt 0.9843744 0.1874864
vt 0.9999994 0.12499088
vt 0.9218745 0.62495506
vt 0.9374995 0.49996412
vt 0.95312446 0.37497306
vt 0.96874946 0.24998191
vt 0.9843744 0.12499088
vt 0.9999994 0.062495366
vt 0.9218745 0.5624596
vt 0.9374995 0.4374686
vt 0.95312446 0.31247744
vt 0.96874946 0.1874864
vt 0.9843744 0.062495366
vt 0.9843744 -2.741234E-07
vt 0.96874946 0.12499088
vt 0.95312446 0.24998191
vt 0.9374995 0.37497306
vt 0.9218745 0.49996412
vt 0.96874946 0.062495366
vt 0.96874946 -2.741234E-07
vt 0.95312446 0.1874864
vt 0.9374995 0.31247744
vt 0.9218745 0.4374686
vt 0.95312446 0.12499088
vt 0.9374995 0.24998191
vt 0.9218745 0.37497306
vt 0.95312446 0.062495366
vt 0.95312446 -2.741234E-07
vt 0.9374995 0.1874864
vt 0.9218745 0.31247744
vt 0.9374995 0.12499088
vt 0.9218745 0.24998191
vt 0.9374995 0.062495366
vt 0.9374995 -2.741234E-07
vt 0.9218745 0.1874864
vt 0.9218745 0.12499088
vt 0.9218745 0.062495366
vt 0.9218745 -2.741234E-07
vt 0.9062496 0.37497306
vt 0.9062496 0.31247744
vt 0.9062496 0.24998191
vt 0.9062496 0.1874864
vt 0.9062496 0.12499088
vt 0.9062496 0.4374686
vt 0.9062496 0.062495366
vt 0.9062496 -2.741234E-07
vt 0.9062496 0.49996412
vt 0.9062496 0.5624596
vt 0.9062496 0.62495506
vt 0.9062496 0.68745077
vt 0.9062496 0.74994624
vt 0.9062496 0.8124418
vt 0.8906246 0.8749373
vt 0.8906246 0.8124418
vt 0.8906246 0.74994624
vt 0.8906246 0.68745077
vt 0.8906246 0.62495506
vt 0.87499964 0.9374329
vt 0.85937464 0.99992836
vt 0.87499964 0.8749373
vt 0.85937464 0.9374329
vt 0.8437497 0.99992836
vt 0.87499964 0.8124418
vt 0.87499964 0.74994624
vt 0.8437497 0.9374329
vt 0.82812476 0.99992836
vt 0.85937464 0.8749373
vt 0.82812476 0.9374329
vt 0.81249976 0.99992836
vt 0.85937464 0.8124418
vt 0.8437497 0.8749373
vt 0.87499964 0.68745077
vt 0.81249976 0.9374329
vt 0.7968748 0.99992836
vt 0.82812476 0.8749373
vt 0.8437497 0.8124418
vt 0.85937464 0.74994624
vt 0.7968748 0.9374329
vt 0.7812498 0.99992836
vt 0.81249976 0.8749373
vt 0.82812476 0.8124418
vt 0.8437497 0.74994624
vt 0.85937464 0.68745077
vt 0.7812498 0.9374329
vt 0.7656249 0.99992836
vt 0.7968748 0.8749373
vt 0.81249976 0.8124418
vt 0.82812476 0.74994624
vt 0.7656249 0.9374329
vt 0.7499999 0.99992836
vt 0.7812498 0.8749373
vt 0.7968748 0.8124418
vt 0.7499999 0.9374329
vt 0.73437494 0.99992836
vt 0.7656249 0.8749373
vt 0.73437494 0.9374329
vt 0.71874994 0.99992836
vt 0.8437497 0.68745077
vt 0.81249976 0.74994624
vt 0.7812498 0.8124418
vt 0.7499999 0.8749373
vt 0.71874994 0.9374329
vt 0.703125 0.99992836
vt 0.82812476 0.68745077
vt 0.7968748 0.74994624
vt 0.7656249 0.8124418
vt 0.73437494 0.8749373
vt 0.703125 0.9374329
vt 0.6875 0.99992836
vt 0.81249976 0.68745077
vt 0.7812498 0.74994624
vt 0.7499999 0.8124418
vt 0.71874994 0.8749373
vt 0.6875 0.9374329
vt 0.67187506 0.99992836
vt 0.7968748 0.68745077
vt 0.7656249 0.74994624
vt 0.73437494 0.8124418
vt 0.703125 0.8749373
vt 0.67187506 0.9374329
vt 0.65625006 0.99992836
vt 0.7812498 0.68745077
vt 0.7499999 0.74994624
vt 0.71874994 0.8124418
vt 0.6875 0.8749373
vt 0.65625006 0.9374329
vt 0.6406251 0.99992836
vt 0.7656249 0.68745077
vt 0.73437494 0.74994624
vt 0.703125 0.8124418
vt 0.67187506 0.8749373
vt 0.6406251 0.9374329
vt 0.6250002 0.99992836
vt 0.7499999 0.68745077
vt 0.71874994 0.74994624
vt 0.6875 0.8124418
vt 0.65625006 0.8749373
vt 0.6250002 0.9374329
vt 0.6093751 0.99992836
vt 0.73437494 0.68745077
vt 0.703125 0.74994624
vt 0.67187506 0.8124418
vt 0.6406251 0.8749373
vt 0.6093751 0.9374329
vt 0.5937501 0.99992836
vt 0.71874994 0.68745077
vt 0.6875 0.74994624
vt 0.65625006 0.8124418
vt 0.6250002 0.8749373
vt 0.5937501 0.9374329
vt 0.5781251 0.99992836
vt 0.703125 0.68745077
vt 0.67187506 0.74994624
vt 0.6406251 0.8124418
vt 0.6093751 0.8749373
vt 0.5781251 0.9374329
vt 0.5625001 0.99992836
vt 0.6875 0.68745077
vt 0.65625006 0.74994624
vt 0.6250002 0.8124418
vt 0.5937501 0.8749373
vt 0.5625001 0.9374329
vt 0.5468751 0.99992836
vt 0.67187506 0.68745077
vt 0.6406251 0.74994624
vt 0.6093751 0.8124418
vt 0.5781251 0.8749373
vt 0.5468751 0.9374329
vt 0.5312501 0.99992836
vt 0.65625006 0.68745077
vt 0.6250002 0.74994624
vt 0.5937501 0.8124418
vt 0.5625001 0.8749373
vt 0.5312501 0.9374329
vt 0.5156251 0.99992836
vt 0.6406251 0.68745077
vt 0.6093751 0.74994624
vt 0.5781251 0.8124418
vt 0.5468751 0.8749373
vt 0.5156251 0.9374329
vt 0.5000001 0.99992836
vt 0.6250002 0.68745077
vt 0.5937501 0.74994624
vt 0.5625001 0.8124418
vt 0.5312501 0.8749373
vt 0.5000001 0.9374329
vt 0.4843751 0.99992836
vt 0.6093751 0.68745077
vt 0.5781251 0.74994624
vt 0.5468751 0.8124418
vt 0.5156251 0.8749373
vt 0.4843751 0.9374329
vt 0.4687501 0.99992836
vt 0.5937501 0.68745077
vt 0.5625001 0.74994624
vt 0.5312501 0.8124418
vt 0.5000001 0.8749373
vt 0.4687501 0.9374329
vt 0.4531251 0.99992836
vt 0.5781251 0.68745077
vt 0.5468751 0.74994624
vt 0.5156251 0.8124418
vt 0.4843751 0.8749373
vt 0.4531251 0.9374329
vt 0.4375001 0.99992836
vt 0.5625001 0.68745077
vt 0.5312501 0.74994624
vt 0.5000001 0.8124418
vt 0.4687501 0.8749373
vt 0.4375001 0.9374329
vt 0.4218751 0.99992836
vt 0.5468751 0.68745077
vt 0.5156251 0.74994624
vt 0.4843751 0.8124418
vt 0.4531251 0.8749373
vt 0.4218751 0.9374329
vt 0.40625006 0.99992836
vt 0.5312501 0.68745077
vt 0.5000001 0.74994624
vt 0.4687501 0.8124418
vt 0.4375001 0.8749373
vt 0.40625006 0.9374329
vt 0.39062506 0.99992836
vt 0.5156251 0.68745077
vt 0.4843751 0.74994624
vt 0.4531251 0.8124418
vt 0.4218751 0.8749373
vt 0.39062506 0.9374329
vt 0.37500006 0.99992836
vt 0.5000001 0.68745077
vt 0.4687501 0.74994624
vt 0.4375001 0.8124418
vt 0.40625006 0.8749373
vt 0.37500006 0.9374329
vt 0.35937506 0.99992836
vt 0.4843751 0.68745077
vt 0.4531251 0.74994624
vt 0.4218751 0.8124418
vt 0.39062506 0.8749373
vt 0.35937506 0.9374329
vt 0.34375006 0.99992836
vt 0.4687501 0.68745077
vt 0.4375001 0.74994624
vt 0.40625006 0.8124418
vt 0.37500006 0.8749373
vt 0.34375006 0.9374329
vt 0.32812503 0.99992836
vt 0.4531251 0.68745077
vt 0.4218751 0.74994624
vt 0.39062506 0.8124418
vt 0.35937506 0.8749373
vt 0.32812503 0.9374329
vt 0.31250003 0.99992836
vt 0.4375001 0.68745077
vt 0.40625006 0.74994624
vt 0.37500006 0.8124418
vt 0.34375006 0.8749373
vt 0.31250003 0.9374329
vt 0.29687503 0.99992836
vt 0.4218751 0.68745077
vt 0.39062506 0.74994624
vt 0.35937506 0.8124418
vt 0.32812503 0.8749373
vt 0.29687503 0.9374329
vt 0.28125003 0.99992836
vt 0.40625006 0.68745077
vt 0.37500006 0.74994624
vt 0.34375006 0.8124418
vt 0.31250003 0.8749373
vt 0.28125003 0.9374329
vt 0.26562503 0.99992836
vt 0.39062506 0.68745077
vt 0.35937506 0.74994624
vt 0.32812503 0.8124418
vt 0.29687503 0.8749373
vt 0.26562503 0.9374329
vt 0.25000003 0.99992836
vt 0.37500006 0.68745077
vt 0.34375006 0.74994624
vt 0.31250003 0.8124418
vt 0.28125003 0.8749373
vt 0.25000003 0.9374329
vt 0.23437501 0.99992836
vt 0.35937506 0.68745077
vt 0.32812503 0.74994624
vt 0.29687503 0.8124418
vt 0.26562503 0.8749373
vt 0.23437501 0.9374329
vt 0.21875 0.99992836
vt 0.34375006 0.68745077
vt 0.31250003 0.74994624
vt 0.28125003 0.8124418
vt 0.25000003 0.8749373
vt 0.21875 0.9374329
vt 0.203125 0.99992836
vt 0.32812503 0.68745077
vt 0.29687503 0.74994624
vt 0.26562503 0.8124418
vt 0.23437501 0.8749373
vt 0.203125 0.9374329
vt 0.1875 0.99992836
vt 0.31250003 0.68745077
vt 0.28125003 0.74994624
vt 0.25000003 0.8124418
vt 0.21875 0.8749373
vt 0.1875 0.9374329
vt 0.17187499 0.99992836
vt 0.29687503 0.68745077
vt 0.26562503 0.74994624
vt 0.23437501 0.8124418
vt 0.203125 0.8749373
vt 0.17187499 0.9374329
vt 0.15624999 0.99992836
vt 0.28125003 0.68745077
vt 0.25000003 0.74994624
vt 0.21875 0.8124418
vt 0.1875 0.8749373
vt 0.15624999 0.9374329
vt 0.14062499 0.99992836
vt 0.26562503 0.68745077
vt 0.23437501 0.74994624
vt 0.203125 0.8124418
vt 0.17187499 0.8749373
vt 0.14062499 0.9374329
vt 0.12499999 0.99992836
vt 0.25000003 0.68745077
vt 0.21875 0.74994624
vt 0.1875 0.8124418
vt 0.15624999 0.8749373
vt 0.12499999 0.9374329
vt 0.10937499 0.99992836
vt 0.23437501 0.68745077
vt 0.203125 0.74994624
vt 0.17187499 0.8124418
vt 0.14062499 0.8749373
vt 0.10937499 0.9374329
vt 0.09375 0.99992836
vt 0.21875 0.68745077
vt 0.1875 0.74994624
vt 0.15624999 0.8124418
vt 0.12499999 0.8749373
vt 0.09375 0.9374329
vt 0.078125 0.99992836
vt 0.203125 0.68745077
vt 0.17187499 0.74994624
vt 0.14062499 0.8124418
vt 0.10937499 0.8749373
vt 0.078125 0.9374329
vt 0.0625 0.99992836
vt 0.1875 0.68745077
vt 0.15624999 0.74994624
vt 0.12499999 0.8124418
vt 0.09375 0.8749373
vt 0.0625 0.9374329
vt 0.046875 0.99992836
vt 0.17187499 0.68745077
vt 0.14062499 0.74994624
vt 0.10937499 0.8124418
vt 0.078125 0.8749373
vt 0.046875 0.9374329
vt 0.03125 0.99992836
vt 0.15624999 0.68745077
vt 0.12499999 0.74994624
vt 0.09375 0.8124418
vt 0.0625 0.8749373
vt 0.03125 0.9374329
vt 0.015625 0.99992836
vt 0.14062499 0.68745077
vt 0.10937499 0.74994624
vt 0.078125 0.8124418
vt 0.046875 0.8749373
vt 0.015625 0.9374329
vt 0 0.99992836
vt 0 0.9374329
vt 0.03125 0.8749373
vt 0.015625 0.8749373
vt 0 0.8749373
vt 0.0625 0.8124418
vt 0.09375 0.74994624
vt 0.046875 0.8124418
vt 0.015625 0.8124418
vt 0 0.8124418
vt 0.03125 0.8124418
vt 0.078125 0.74994624
vt 0.015625 0.74994624
vt 0 0.74994624
vt 0.0625 0.74994624
vt 0.03125 0.74994624
vt 0.046875 0.74994624
vt 0.015625 0.68745077
vt 0 0.68745077
vt 0.03125 0.68745077
vt 0.046875 0.68745077
vt 0.0625 0.68745077
vt 0.078125 0.68745077
vt 0.015625 0.62495506
vt 0 0.62495506
vt 0.03125 0.62495506
vt 0.046875 0.62495506
vt 0.0625 0.62495506
vt 0.015625 0.5624596
vt 0 0.5624596
vt 0.03125 0.5624596
vt 0.046875 0.5624596
vt 0.015625 0.49996412
vt 0 0.49996412
vt 0.03125 0.49996412
vt 0.015625 0.4374686
vt 0 0.4374686
vt 0.078125 0.62495506
vt 0.0625 0.5624596
vt 0.046875 0.49996412
vt 0.03125 0.4374686
vt 0.015625 0.37497306
vt 0 0.37497306
vt 0.078125 0.5624596
vt 0.0625 0.49996412
vt 0.046875 0.4374686
vt 0.03125 0.37497306
vt 0.015625 0.31247744
vt 0 0.31247744
vt 0.078125 0.49996412
vt 0.0625 0.4374686
vt 0.046875 0.37497306
vt 0.03125 0.31247744
vt 0.015625 0.24998191
vt 0 0.24998191
vt 0.078125 0.4374686
vt 0.0625 0.37497306
vt 0.046875 0.31247744
vt 0.03125 0.24998191
vt 0.015625 0.1874864
vt 0 0.1874864
vt 0.078125 0.37497306
vt 0.0625 0.31247744
vt 0.046875 0.24998191
vt 0.03125 0.1874864
vt 0.015625 0.12499088
vt 0 0.12499088
vt 0.078125 0.31247744
vt 0.0625 0.24998191
vt 0.046875 0.1874864
vt 0.03125 0.12499088
vt 0.015625 0.062495366
vt 0 0.062495366
vt 0 -2.741234E-07
vt 0.03125 0.062495366
vt 0.015625 -2.741234E-07
vt 0.046875 0.12499088
vt 0.046875 0.062495366
vt 0.03125 -2.741234E-07
vt 0.0625 0.1874864
vt 0.0625 0.12499088
vt 0.0625 0.062495366
vt 0.046875 -2.741234E-07
vt 0.078125 0.062495366
vt 0.0625 -2.741234E-07
vt 0.078125 0.12499088
vt 0.078125 0.1874864
vt 0.09375 0.062495366
vt 0.078125 -2.741234E-07
vt 0.09375 0.12499088
vt 0.078125 0.24998191
vt 0.09375 0.1874864
vt 0.10937499 0.062495366
vt 0.09375 -2.741234E-07
vt 0.09375 0.24998191
vt 0.10937499 0.12499088
vt 0.09375 0.31247744
vt 0.10937499 0.1874864
vt 0.12499999 0.062495366
vt 0.10937499 -2.741234E-07
vt 0.12499999 0.12499088
vt 0.10937499 0.24998191
vt 0.09375 0.37497306
vt 0.14062499 0.062495366
vt 0.12499999 -2.741234E-07
vt 0.12499999 0.1874864
vt 0.10937499 0.31247744
vt 0.09375 0.4374686
vt 0.14062499 0.12499088
vt 0.12499999 0.24998191
vt 0.10937499 0.37497306
vt 0.09375 0.49996412
vt 0.15624999 0.062495366
vt 0.14062499 -2.741234E-07
vt 0.14062499 0.1874864
vt 0.12499999 0.31247744
vt 0.10937499 0.4374686
vt 0.09375 0.5624596
vt 0.15624999 0.12499088
vt 0.14062499 0.24998191
vt 0.12499999 0.37497306
vt 0.10937499 0.49996412
vt 0.09375 0.62495506
vt 0.17187499 0.062495366
vt 0.15624999 -2.741234E-07
vt 0.14062499 0.31247744
vt 0.12499999 0.4374686
vt 0.10937499 0.5624596
vt 0.09375 0.68745077
vt 0.10937499 0.62495506
vt 0.10937499 0.68745077
vt 0.12499999 0.49996412
vt 0.14062499 0.37497306
vt 0.12499999 0.5624596
vt 0.12499999 0.68745077
vt 0.12499999 0.62495506
vt 0.14062499 0.4374686
vt 0.14062499 0.62495506
vt 0.14062499 0.5624596
vt 0.14062499 0.49996412
vt 0.15624999 0.62495506
vt 0.15624999 0.5624596
vt 0.15624999 0.49996412
vt 0.15624999 0.4374686
vt 0.15624999 0.37497306
vt 0.17187499 0.62495506
vt 0.17187499 0.5624596
vt 0.17187499 0.49996412
vt 0.17187499 0.4374686
vt 0.1875 0.62495506
vt 0.1875 0.5624596
vt 0.1875 0.49996412
vt 0.203125 0.62495506
vt 0.203125 0.5624596
vt 0.21875 0.62495506
vt 0.17187499 0.37497306
vt 0.1875 0.4374686
vt 0.203125 0.49996412
vt 0.21875 0.5624596
vt 0.23437501 0.62495506
vt 0.1875 0.37497306
vt 0.203125 0.4374686
vt 0.21875 0.49996412
vt 0.23437501 0.5624596
vt 0.25000003 0.62495506
vt 0.203125 0.37497306
vt 0.21875 0.4374686
vt 0.23437501 0.49996412
vt 0.25000003 0.5624596
vt 0.26562503 0.62495506
vt 0.21875 0.37497306
vt 0.23437501 0.4374686
vt 0.25000003 0.49996412
vt 0.26562503 0.5624596
vt 0.28125003 0.62495506
vt 0.23437501 0.37497306
vt 0.25000003 0.4374686
vt 0.26562503 0.49996412
vt 0.28125003 0.5624596
vt 0.29687503 0.62495506
vt 0.25000003 0.37497306
vt 0.26562503 0.4374686
vt 0.28125003 0.49996412
vt 0.29687503 0.5624596
vt 0.31250003 0.62495506
vt 0.26562503 0.37497306
vt 0.28125003 0.4374686
vt 0.29687503 0.49996412
vt 0.31250003 0.5624596
vt 0.32812503 0.62495506
vt 0.28125003 0.37497306
vt 0.29687503 0.4374686
vt 0.31250003 0.49996412
vt 0.32812503 0.5624596
vt 0.34375006 0.62495506
vt 0.29687503 0.37497306
vt 0.31250003 0.4374686
vt 0.32812503 0.49996412
vt 0.34375006 0.5624596
vt 0.35937506 0.62495506
vt 0.31250003 0.37497306
vt 0.32812503 0.4374686
vt 0.34375006 0.49996412
vt 0.35937506 0.5624596
vt 0.37500006 0.62495506
vt 0.32812503 0.37497306
vt 0.34375006 0.4374686
vt 0.35937506 0.49996412
vt 0.37500006 0.5624596
vt 0.39062506 0.62495506
vt 0.34375006 0.37497306
vt 0.35937506 0.4374686
vt 0.37500006 0.49996412
vt 0.39062506 0.5624596
vt 0.40625006 0.62495506
vt 0.35937506 0.37497306
vt 0.37500006 0.4374686
vt 0.39062506 0.49996412
vt 0.40625006 0.5624596
vt 0.4218751 0.62495506
vt 0.37500006 0.37497306
vt 0.39062506 0.4374686
vt 0.40625006 0.49996412
vt 0.4218751 0.5624596
vt 0.4375001 0.62495506
vt 0.39062506 0.37497306
vt 0.40625006 0.4374686
vt 0.4218751 0.49996412
vt 0.4375001 0.5624596
vt 0.4531251 0.62495506
vt 0.40625006 0.37497306
vt 0.4218751 0.4374686
vt 0.4375001 0.49996412
vt 0.4531251 0.5624596
vt 0.4687501 0.62495506
vt 0.4218751 0.37497306
vt 0.4375001 0.4374686
vt 0.4531251 0.49996412
vt 0.4687501 0.5624596
vt 0.4843751 0.62495506
vt 0.4375001 0.37497306
vt 0.4531251 0.4374686
vt 0.4687501 0.49996412
vt 0.4843751 0.5624596
vt 0.5000001 0.62495506
vt 0.4531251 0.37497306
vt 0.4687501 0.4374686
vt 0.4843751 0.49996412
vt 0.5000001 0.5624596
vt 0.5156251 0.62495506
vt 0.4687501 0.37497306
vt 0.4843751 0.4374686
vt 0.5000001 0.49996412
vt 0.5156251 0.5624596
vt 0.5312501 0.62495506
vt 0.4843751 0.37497306
vt 0.5000001 0.4374686
vt 0.5156251 0.49996412
vt 0.5312501 0.5624596
vt 0.5468751 0.62495506
vt 0.5000001 0.37497306
vt 0.5156251 0.4374686
vt 0.5312501 0.49996412
vt 0.5468751 0.5624596
vt 0.5625001 0.62495506
vt 0.5156251 0.37497306
vt 0.5312501 0.4374686
vt 0.5468751 0.49996412
vt 0.5625001 0.5624596
vt 0.5781251 0.62495506
vt 0.5312501 0.37497306
vt 0.5468751 0.4374686
vt 0.5625001 0.49996412
vt 0.5781251 0.5624596
vt 0.5937501 0.62495506
vt 0.5468751 0.37497306
vt 0.5625001 0.4374686
vt 0.5781251 0.49996412
vt 0.5937501 0.5624596
vt 0.6093751 0.62495506
vt 0.5625001 0.37497306
vt 0.5781251 0.4374686
vt 0.5937501 0.49996412
vt 0.6093751 0.5624596
vt 0.6250002 0.62495506
vt 0.5781251 0.37497306
vt 0.5937501 0.4374686
vt 0.6093751 0.49996412
vt 0.6250002 0.5624596
vt 0.6406251 0.62495506
vt 0.5937501 0.37497306
vt 0.6093751 0.4374686
vt 0.6250002 0.49996412
vt 0.6406251 0.5624596
vt 0.65625006 0.62495506
vt 0.6093751 0.37497306
vt 0.6250002 0.4374686
vt 0.6406251 0.49996412
vt 0.65625006 0.5624596
vt 0.67187506 0.62495506
vt 0.6250002 0.37497306
vt 0.6406251 0.4374686
vt 0.65625006 0.49996412
vt 0.67187506 0.5624596
vt 0.6875 0.62495506
vt 0.6406251 0.37497306
vt 0.65625006 0.4374686
vt 0.67187506 0.49996412
vt 0.6875 0.5624596
vt 0.703125 0.62495506
vt 0.65625006 0.37497306
vt 0.67187506 0.4374686
vt 0.6875 0.49996412
vt 0.703125 0.5624596
vt 0.71874994 0.62495506
vt 0.67187506 0.37497306
vt 0.6875 0.4374686
vt 0.703125 0.49996412
vt 0.71874994 0.5624596
vt 0.73437494 0.62495506
vt 0.6875 0.37497306
vt 0.703125 0.4374686
vt 0.71874994 0.49996412
vt 0.73437494 0.5624596
vt 0.7499999 0.62495506
vt 0.703125 0.37497306
vt 0.71874994 0.4374686
vt 0.73437494 0.49996412
vt 0.7499999 0.5624596
vt 0.7656249 0.62495506
vt 0.71874994 0.37497306
vt 0.73437494 0.4374686
vt 0.7499999 0.49996412
vt 0.7656249 0.5624596
vt 0.7812498 0.62495506
vt 0.73437494 0.37497306
vt 0.7499999 0.4374686
vt 0.7656249 0.49996412
vt 0.7812498 0.5624596
vt 0.7968748 0.62495506
vt 0.7499999 0.37497306
vt 0.7656249 0.4374686
vt 0.7812498 0.49996412
vt 0.7968748 0.5624596
vt 0.81249976 0.62495506
vt 0.7656249 0.37497306
vt 0.7812498 0.4374686
vt 0.7968748 0.49996412
vt 0.81249976 0.5624596
vt 0.82812476 0.62495506
vt 0.7812498 0.37497306
vt 0.7968748 0.4374686
vt 0.81249976 0.49996412
vt 0.82812476 0.5624596
vt 0.8437497 0.62495506
vt 0.7968748 0.37497306
vt 0.81249976 0.4374686
vt 0.82812476 0.49996412
vt 0.8437497 0.5624596
vt 0.85937464 0.62495506
vt 0.81249976 0.37497306
vt 0.82812476 0.4374686
vt 0.8437497 0.49996412
vt 0.85937464 0.5624596
vt 0.87499964 0.62495506
vt 0.87499964 0.5624596
vt 0.8906246 0.5624596
vt 0.8906246 0.49996412
vt 0.85937464 0.49996412
vt 0.87499964 0.49996412
vt 0.8906246 0.4374686
vt 0.87499964 0.4374686
vt 0.8906246 0.37497306
vt 0.85937464 0.4374686
vt 0.87499964 0.37497306
vt 0.8906246 0.31247744
vt 0.8437497 0.4374686
vt 0.85937464 0.37497306
vt 0.87499964 0.31247744
vt 0.8906246 0.24998191
vt 0.8437497 0.37497306
vt 0.85937464 0.31247744
vt 0.87499964 0.24998191
vt 0.8906246 0.1874864
vt 0.82812476 0.37497306
vt 0.8437497 0.31247744
vt 0.85937464 0.24998191
vt 0.87499964 0.1874864
vt 0.8906246 0.12499088
vt 0.82812476 0.31247744
vt 0.8437497 0.24998191
vt 0.85937464 0.1874864
vt 0.87499964 0.12499088
vt 0.8906246 0.062495366
vt 0.8906246 -2.741234E-07
vt 0.81249976 0.31247744
vt 0.82812476 0.24998191
vt 0.8437497 0.1874864
vt 0.85937464 0.12499088
vt 0.87499964 0.062495366
vt 0.87499964 -2.741234E-07
vt 0.7968748 0.31247744
vt 0.81249976 0.24998191
vt 0.82812476 0.1874864
vt 0.8437497 0.12499088
vt 0.85937464 0.062495366
vt 0.85937464 -2.741234E-07
vt 0.7812498 0.31247744
vt 0.7968748 0.24998191
vt 0.81249976 0.1874864
vt 0.82812476 0.12499088
vt 0.8437497 0.062495366
vt 0.8437497 -2.741234E-07
vt 0.7656249 0.31247744
vt 0.7812498 0.24998191
vt 0.7968748 0.1874864
vt 0.81249976 0.12499088
vt 0.82812476 0.062495366
vt 0.82812476 -2.741234E-07
vt 0.7499999 0.31247744
vt 0.7656249 0.24998191
vt 0.7812498 0.1874864
vt 0.7968748 0.12499088
vt 0.81249976 0.062495366
vt 0.81249976 -2.741234E-07
vt 0.73437494 0.31247744
vt 0.7499999 0.24998191
vt 0.7656249 0.1874864
vt 0.7812498 0.12499088
vt 0.7968748 0.062495366
vt 0.7968748 -2.741234E-07
vt 0.71874994 0.31247744
vt 0.73437494 0.24998191
vt 0.7499999 0.1874864
vt 0.7656249 0.12499088
vt 0.7812498 0.062495366
vt 0.7812498 -2.741234E-07
vt 0.703125 0.31247744
vt 0.71874994 0.24998191
vt 0.73437494 0.1874864
vt 0.7499999 0.12499088
vt 0.7656249 0.062495366
vt 0.7656249 -2.741234E-07
vt 0.6875 0.31247744
vt 0.703125 0.24998191
vt 0.71874994 0.1874864
vt 0.73437494 0.12499088
vt 0.7499999 0.062495366
vt 0.7499999 -2.741234E-07
vt 0.67187506 0.31247744
vt 0.6875 0.24998191
vt 0.703125 0.1874864
vt 0.71874994 0.12499088
vt 0.73437494 0.062495366
vt 0.73437494 -2.741234E-07
vt 0.65625006 0.31247744
vt 0.67187506 0.24998191
vt 0.6875 0.1874864
vt 0.703125 0.12499088
vt 0.71874994 0.062495366
vt 0.71874994 -2.741234E-07
vt 0.6406251 0.31247744
vt 0.65625006 0.24998191
vt 0.67187506 0.1874864
vt 0.6875 0.12499088
vt 0.703125 0.062495366
vt 0.703125 -2.741234E-07
vt 0.6250002 0.31247744
vt 0.6406251 0.24998191
vt 0.65625006 0.1874864
vt 0.67187506 0.12499088
vt 0.6875 0.062495366
vt 0.6875 -2.741234E-07
vt 0.6093751 0.31247744
vt 0.6250002 0.24998191
vt 0.6406251 0.1874864
vt 0.65625006 0.12499088
vt 0.67187506 0.062495366
vt 0.67187506 -2.741234E-07
vt 0.5937501 0.31247744
vt 0.6093751 0.24998191
vt 0.6250002 0.1874864
vt 0.6406251 0.12499088
vt 0.65625006 0.062495366
vt 0.65625006 -2.741234E-07
vt 0.5781251 0.31247744
vt 0.5937501 0.24998191
vt 0.6093751 0.1874864
vt 0.6250002 0.12499088
vt 0.6406251 0.062495366
vt 0.6406251 -2.741234E-07
vt 0.5625001 0.31247744
vt 0.5781251 0.24998191
vt 0.5937501 0.1874864
vt 0.6093751 0.12499088
vt 0.6250002 0.062495366
vt 0.6250002 -2.741234E-07
vt 0.5468751 0.31247744
vt 0.5625001 0.24998191
vt 0.5781251 0.1874864
vt 0.5937501 0.12499088
vt 0.6093751 0.062495366
vt 0.6093751 -2.741234E-07
vt 0.5312501 0.31247744
vt 0.5468751 0.24998191
vt 0.5625001 0.1874864
vt 0.5781251 0.12499088
vt 0.5937501 0.062495366
vt 0.5937501 -2.741234E-07
vt 0.5156251 0.31247744
vt 0.5312501 0.24998191
vt 0.5468751 0.1874864
vt 0.5625001 0.12499088
vt 0.5781251 0.062495366
vt 0.5781251 -2.741234E-07
vt 0.5000001 0.31247744
vt 0.5156251 0.24998191
vt 0.5312501 0.1874864
vt 0.5468751 0.12499088
vt 0.5625001 0.062495366
vt 0.5625001 -2.741234E-07
vt 0.4843751 0.31247744
vt 0.5000001 0.24998191
vt 0.5156251 0.1874864
vt 0.5312501 0.12499088
vt 0.5468751 0.062495366
vt 0.5468751 -2.741234E-07
vt 0.4687501 0.31247744
vt 0.4843751 0.24998191
vt 0.5000001 0.1874864
vt 0.5156251 0.12499088
vt 0.5312501 0.062495366
vt 0.5312501 -2.741234E-07
vt 0.4531251 0.31247744
vt 0.4687501 0.24998191
vt 0.4843751 0.1874864
vt 0.5000001 0.12499088
vt 0.5156251 0.062495366
vt 0.5156251 -2.741234E-07
vt 0.4375001 0.31247744
vt 0.4531251 0.24998191
vt 0.4687501 0.1874864
vt 0.4843751 0.12499088
vt 0.5000001 0.062495366
vt 0.5000001 -2.741234E-07
vt 0.4218751 0.31247744
vt 0.4375001 0.24998191
vt 0.4531251 0.1874864
vt 0.4687501 0.12499088
vt 0.4843751 0.062495366
vt 0.4843751 -2.741234E-07
vt 0.40625006 0.31247744
vt 0.4218751 0.24998191
vt 0.4375001 0.1874864
vt 0.4531251 0.12499088
vt 0.4687501 0.062495366
vt 0.4687501 -2.741234E-07
vt 0.39062506 0.31247744
vt 0.40625006 0.24998191
vt 0.4218751 0.1874864
vt 0.4375001 0.12499088
vt 0.4531251 0.062495366
vt 0.4531251 -2.741234E-07
vt 0.37500006 0.31247744
vt 0.39062506 0.24998191
vt 0.40625006 0.1874864
vt 0.4218751 0.12499088
vt 0.4375001 0.062495366
vt 0.4375001 -2.741234E-07
vt 0.35937506 0.31247744
vt 0.37500006 0.24998191
vt 0.39062506 0.1874864
vt 0.40625006 0.12499088
vt 0.4218751 0.062495366
vt 0.4218751 -2.741234E-07
vt 0.34375006 0.31247744
vt 0.35937506 0.24998191
vt 0.37500006 0.1874864
vt 0.39062506 0.12499088
vt 0.40625006 0.062495366
vt 0.40625006 -2.741234E-07
vt 0.32812503 0.31247744
vt 0.34375006 0.24998191
vt 0.35937506 0.1874864
vt 0.37500006 0.12499088
vt 0.39062506 0.062495366
vt 0.39062506 -2.741234E-07
vt 0.31250003 0.31247744
vt 0.32812503 0.24998191
vt 0.34375006 0.1874864
vt 0.35937506 0.12499088
vt 0.37500006 0.062495366
vt 0.37500006 -2.741234E-07
vt 0.29687503 0.31247744
vt 0.31250003 0.24998191
vt 0.32812503 0.1874864
vt 0.34375006 0.12499088
vt 0.35937506 0.062495366
vt 0.35937506 -2.741234E-07
vt 0.28125003 0.31247744
vt 0.29687503 0.24998191
vt 0.31250003 0.1874864
vt 0.32812503 0.12499088
vt 0.34375006 0.062495366
vt 0.34375006 -2.741234E-07
vt 0.26562503 0.31247744
vt 0.28125003 0.24998191
vt 0.29687503 0.1874864
vt 0.31250003 0.12499088
vt 0.32812503 0.062495366
vt 0.32812503 -2.741234E-07
vt 0.25000003 0.31247744
vt 0.26562503 0.24998191
vt 0.28125003 0.1874864
vt 0.29687503 0.12499088
vt 0.31250003 0.062495366
vt 0.31250003 -2.741234E-07
vt 0.23437501 0.31247744
vt 0.25000003 0.24998191
vt 0.26562503 0.1874864
vt 0.28125003 0.12499088
vt 0.29687503 0.062495366
vt 0.29687503 -2.741234E-07
vt 0.21875 0.31247744
vt 0.23437501 0.24998191
vt 0.25000003 0.1874864
vt 0.26562503 0.12499088
vt 0.28125003 0.062495366
vt 0.28125003 -2.741234E-07
vt 0.203125 0.31247744
vt 0.21875 0.24998191
vt 0.23437501 0.1874864
vt 0.25000003 0.12499088
vt 0.26562503 0.062495366
vt 0.26562503 -2.741234E-07
vt 0.1875 0.31247744
vt 0.203125 0.24998191
vt 0.21875 0.1874864
vt 0.23437501 0.12499088
vt 0.25000003 0.062495366
vt 0.25000003 -2.741234E-07
vt 0.17187499 0.31247744
vt 0.1875 0.24998191
vt 0.203125 0.1874864
vt 0.21875 0.12499088
vt 0.23437501 0.062495366
vt 0.23437501 -2.741234E-07
vt 0.15624999 0.31247744
vt 0.17187499 0.24998191
vt 0.15624999 0.24998191
vt 0.1875 0.1874864
vt 0.203125 0.12499088
vt 0.21875 0.062495366
vt 0.21875 -2.741234E-07
vt 0.15624999 0.1874864
vt 0.17187499 0.1874864
vt 0.17187499 0.12499088
vt 0.1875 0.12499088
vt 0.203125 0.062495366
vt 0.203125 -2.741234E-07
vt 0.1875 0.062495366
vt 0.17187499 -2.741234E-07
vt 0.1875 -2.741234E-07
vn 0.07320297 0.99731654 0.0010388563
vn -0.02885723 0.9987948 0.03970292
vn -0.012178733 0.9999136 0.0049493494
vn 0.09783495 0.99391186 -0.050671894
vn 0.18047224 0.98320144 -0.027289474
vn 0.03581459 0.98976046 -0.13817234
vn 0.18672623 0.9774354 -0.09875832
vn 0.2906276 0.9567331 -0.014049513
vn 0.15399407 0.9729618 -0.17213735
vn 0.058685422 0.9518058 -0.3010345
vn 0.26816866 0.95826286 -0.09908566
vn 0.34718108 0.93761593 0.018485941
vn 0.2064988 0.9593627 -0.19230595
vn 0.15085693 0.9560284 -0.25149915
vn 0.025158258 0.92863154 -0.3701494
vn 0.33298522 0.9401239 -0.07271804
vn 0.4245709 0.9053449 0.009490996
vn 0.23862624 0.95344406 -0.1843959
vn 0.19818638 0.95745784 -0.20975406
vn 0.09145868 0.93890107 -0.33181328
vn 0.003217057 0.8951591 -0.4457352
vn 0.41918 0.90668577 -0.04700136
vn 0.53412277 0.84327704 -0.05997313
vn 0.30333984 0.94013613 -0.15533552
vn 0.22924551 0.95210916 -0.20232336
vn 0.16760547 0.93780506 -0.30402327
vn 0.06873674 0.89317304 -0.44442898
vn -0.009380746 0.81520027 -0.5791032
vn 0.5515803 0.82983434 -0.08446353
vn 0.6362048 0.7651155 -0.09920549
vn 0.41439742 0.90045047 -0.13215068
vn 0.30774385 0.92496544 -0.22300817
vn 0.23383622 0.92543775 -0.29813704
vn 0.13518071 0.88433975 -0.44684395
vn 0.047691368 0.81873244 -0.5721912
vn -0.013312985 0.73317796 -0.6799064
vn 0.6355427 0.7635137 -0.11459641
vn 0.7028028 0.7058765 -0.088354014
vn 0.5700165 0.8112824 -0.13000758
vn 0.4238132 0.87236524 -0.24364194
vn 0.34251472 0.8770772 -0.3367776
vn 0.22603858 0.86800635 -0.4421215
vn 0.10281825 0.819158 -0.56427705
vn 0.022132851 0.73148906 -0.68149394
vn -0.015113631 0.67426527 -0.73833454
vn 0.03735859 0.6593589 -0.7508996
vn -0.011782036 0.59681714 -0.8022908
vn 0.08107027 0.72194654 -0.6871832
vn 0.2082685 0.7986573 -0.5645979
vn 0.3655785 0.81694025 -0.44605044
vn 0.4455183 0.81302196 -0.3748448
vn 0.05877851 0.5926717 -0.8032965
vn -0.009144687 0.5170051 -0.8559335
vn 0.08352879 0.632183 -0.7703036
vn 0.2057681 0.69326997 -0.6906782
vn 0.36283404 0.7483917 -0.55521286
vn 0.04863225 0.5217273 -0.851725
vn -0.036870837 0.47081763 -0.8814597
vn 0.09964784 0.58693635 -0.8034775
vn 0.19927661 0.59236753 -0.780634
vn 0.02341395 0.4840692 -0.8747164
vn -0.08639164 0.46066833 -0.88335794
vn 0.084212184 0.5312805 -0.8430002
vn -0.019746654 0.47578442 -0.8793403
vn -0.096869074 0.39728925 -0.91256654
vn 0.46312144 0.75974315 -0.4564087
vn 0.34421805 0.65268236 -0.67492205
vn 0.19727415 0.5611525 -0.80385983
vn 0.060421403 0.48854476 -0.87044436
vn -0.04442968 0.38401994 -0.9222553
vn -0.050716795 0.2213407 -0.97387683
vn 0.46025023 0.6922567 -0.55583304
vn 0.30645573 0.56467146 -0.7663101
vn 0.15921947 0.5306356 -0.8325113
vn 0.05157782 0.47999284 -0.8757549
vn -0.0091395695 0.20353746 -0.9790245
vn -0.02767452 0.012744068 -0.9995358
vn 0.4258688 0.61948836 -0.6594466
vn 0.2813725 0.5333813 -0.7977054
vn 0.100704215 0.48775923 -0.8671503
vn 0.05150781 0.36450127 -0.9297772
vn -0.0037521818 0.010062719 -0.9999423
vn 0.033324458 -0.10504883 -0.9939085
vn 0.062469494 0.18315601 -0.9810971
vn 0.09834218 0.4607225 -0.8820791
vn 0.25954905 0.5108887 -0.8195285
vn 0.36479223 0.5624258 -0.7420268
vn 0.04701965 0.0039575603 -0.99888617
vn 0.033324458 -0.10504883 -0.9939085
vn 0.12021665 0.33950835 -0.93288904
vn 0.2083824 0.472353 -0.8564224
vn 0.3240505 0.5134355 -0.7945913
vn 0.11228626 0.16255878 -0.9802889
vn 0.17863151 0.4202304 -0.88966125
vn 0.3241864 0.4759337 -0.81755143
vn 0.08314359 -0.006591143 -0.99651575
vn 0.033324458 -0.10504883 -0.9939085
vn 0.18540752 0.30068395 -0.9355283
vn 0.2994085 0.44588804 -0.8435274
vn 0.17807907 0.12994526 -0.9753984
vn 0.23487493 0.40025657 -0.8857925
vn 0.12589027 -0.025799941 -0.9917086
vn 0.033324458 -0.10504883 -0.9939085
vn 0.19334152 0.28067085 -0.94012916
vn 0.19640137 0.11292321 -0.97399944
vn 0.15188178 -0.038432006 -0.9876512
vn 0.033324458 -0.10504883 -0.9939085
vn 0.31288716 0.47333375 -0.82344204
vn 0.31314176 0.45067614 -0.8359624
vn 0.25348836 0.4001842 -0.8806794
vn 0.18210958 0.26110065 -0.9479781
vn 0.17897722 0.10309513 -0.97843677
vn 0.33691847 0.5120044 -0.7901502
vn 0.16100684 -0.044636346 -0.98594344
vn 0.033324458 -0.10504883 -0.9939085
vn 0.4075235 0.56727207 -0.7156305
vn 0.46274018 0.6085132 -0.6446575
vn 0.48289338 0.6686157 -0.56547934
vn 0.49302098 0.7371498 -0.46210453
vn 0.5178824 0.76587635 -0.38109198
vn 0.5575752 0.7934181 -0.24412641
vn 0.642974 0.75004476 -0.15497471
vn 0.63887775 0.73090726 -0.24002026
vn 0.5972269 0.7207538 -0.3519006
vn 0.54630226 0.69532025 -0.4669942
vn 0.51425546 0.62297416 -0.5894443
vn 0.70006347 0.7047115 -0.115294814
vn 0.76026666 0.6420804 -0.09862705
vn 0.692532 0.7007159 -0.17145455
vn 0.7599564 0.63990456 -0.11396619
vn 0.8407266 0.5380344 -0.060809966
vn 0.67862284 0.69539034 -0.23643883
vn 0.65017396 0.6817452 -0.33540606
vn 0.82784575 0.5546802 -0.08367446
vn 0.90612704 0.42287648 0.0104577355
vn 0.74342275 0.6514166 -0.1515883
vn 0.90834403 0.41510385 -0.05099001
vn 0.93656784 0.3500549 0.017383447
vn 0.7167676 0.6581017 -0.23053502
vn 0.8100705 0.5724098 -0.12701523
vn 0.6038428 0.6435093 -0.47039297
vn 0.9414177 0.3304903 -0.06714791
vn 0.9576018 0.2877422 -0.014253188
vn 0.90601957 0.40241084 -0.1311257
vn 0.7962704 0.5550482 -0.240572
vn 0.6949066 0.627985 -0.35034218
vn 0.9595532 0.26303762 -0.100343205
vn 0.9838997 0.17669764 -0.026818698
vn 0.9432564 0.29474607 -0.15294483
vn 0.8851791 0.39834562 -0.24037194
vn 0.7716029 0.5053815 -0.38628814
vn 0.6569647 0.5758255 -0.48664388
vn 0.9787602 0.18092734 -0.09640427
vn 0.99740183 0.072027594 0.0012570828
vn 0.9561428 0.2281916 -0.18362902
vn 0.93095464 0.29218617 -0.21897653
vn 0.83557373 0.3967762 -0.37998062
vn 0.99426645 0.09518191 -0.0487289
vn 0.9987871 -0.029178709 0.0396611
vn 0.9619225 0.1940587 -0.19247389
vn 0.954525 0.21746802 -0.20393565
vn 0.99991846 -0.011878386 0.0046832645
vn 0.9964855 -0.08061129 0.02277201
vn 0.97365606 0.15257007 -0.16945875
vn 0.99577785 -0.090086065 0.017632142
vn 0.9851775 -0.16676976 -0.04016335
vn 0.73458284 0.46410698 -0.49496737
vn 0.88369435 0.31752086 -0.3438966
vn 0.95993525 0.18415037 -0.21121782
vn 0.9900497 0.03714044 -0.13572852
vn 0.98004776 -0.19808435 -0.01639957
vn 0.9558751 -0.28629065 -0.06588209
vn 0.78064793 0.39872652 -0.48125443
vn 0.92574 0.21621381 -0.310253
vn 0.95638865 0.15318495 -0.24870726
vn 0.99162394 -0.07670029 -0.10391846
vn 0.95172364 -0.30197984 -0.05504946
vn 0.92065954 -0.38832262 -0.03989427
vn 0.8207107 0.33210173 -0.46491125
vn 0.94225025 0.16131824 -0.2934978
vn 0.9537063 0.059268516 -0.29484153
vn 0.97200745 -0.2195284 -0.08371914
vn 0.9213422 -0.38465133 -0.056319777
vn 0.8685922 -0.49522176 -0.017407414
vn 0.86654323 0.21190959 -0.4518818
vn 0.9410344 0.09838045 -0.32369068
vn 0.95363355 -0.035335448 -0.29888862
vn 0.9440084 -0.3185039 -0.086042024
vn 0.8717266 -0.48864225 -0.036354262
vn 0.8158966 -0.5781972 -0.00086586794
vn 0.885003 0.14256212 -0.4432221
vn 0.9306509 0.020024959 -0.36535978
vn 0.95094854 -0.17273846 -0.25662902
vn 0.9204129 -0.37730512 -0.10237687
vn 0.81824154 -0.57456225 -0.018948851
vn 0.77978 -0.62600946 0.0074293064
vn 0.8959216 0.07667368 -0.43754506
vn 0.9233493 -0.023198837 -0.38325956
vn 0.9360466 -0.28793824 -0.20225818
vn 0.87268347 -0.47373393 -0.11832044
vn 0.7740604 -0.6328248 -0.019059813
vn 0.7198475 -0.69412416 -0.003356742
vn 0.89962196 -0.0102331275 -0.43654966
vn 0.92643106 -0.11931484 -0.3570568
vn 0.91282153 -0.37013215 -0.17250848
vn 0.8153482 -0.5638857 -0.13130222
vn 0.71394414 -0.6992075 -0.037317954
vn 0.63922805 -0.768898 -0.013545074
vn 0.8939534 -0.031672075 -0.44703946
vn 0.9235004 -0.2238674 -0.31149676
vn 0.85664517 -0.47834656 -0.19324495
vn 0.75970536 -0.6371025 -0.1301857
vn 0.6238988 -0.7785572 -0.06781593
vn 0.5840408 -0.8087389 -0.06955324
vn 0.8859845 -0.08371909 -0.45609504
vn 0.9042816 -0.3310727 -0.26956564
vn 0.7909833 -0.56509006 -0.23456064
vn 0.687221 -0.7119304 -0.14450738
vn 0.55402726 -0.8237151 -0.120612346
vn 0.5276261 -0.8376172 -0.14145045
vn 0.8744958 -0.16617782 -0.45567748
vn 0.8403211 -0.48416182 -0.24381904
vn 0.7307101 -0.63099587 -0.26058984
vn 0.58587444 -0.78870636 -0.18626185
vn 0.523905 -0.8373066 -0.15633726
vn 0.41060722 -0.8998481 -0.14722486
vn 0.8590962 -0.2582345 -0.44189212
vn 0.7609527 -0.59365964 -0.26176178
vn 0.64146215 -0.71450275 -0.27930656
vn 0.5167823 -0.82719713 -0.22063759
vn 0.42350912 -0.89350337 -0.14930454
vn 0.29526553 -0.94842494 -0.1153625
vn 0.80662733 -0.42680138 -0.4088923
vn 0.69151187 -0.6492344 -0.3167114
vn 0.54592437 -0.781965 -0.3008276
vn 0.51068896 -0.83135045 -0.21921027
vn 0.3088961 -0.9437236 -0.11819017
vn 0.21231392 -0.97268 -0.09389554
vn 0.71704495 -0.57570994 -0.39294353
vn 0.5969949 -0.7156118 -0.3626248
vn 0.50861084 -0.8052774 -0.30470204
vn 0.4381663 -0.8755917 -0.20334552
vn 0.20217542 -0.97313166 -0.110180944
vn 0.13190511 -0.98503083 -0.11097435
vn 0.6437929 -0.658786 -0.3892707
vn 0.52579314 -0.76417387 -0.37360385
vn 0.49155957 -0.81472397 -0.30756167
vn 0.32750657 -0.9263194 -0.1862033
vn 0.101933435 -0.9839004 -0.1467978
vn 0.041207343 -0.99015605 -0.13376486
vn 0.5768779 -0.7139139 -0.39691144
vn 0.5079464 -0.77943397 -0.36670604
vn 0.42545918 -0.84381855 -0.3270394
vn 0.18468992 -0.9661222 -0.18027063
vn 0.022281386 -0.9810089 -0.19267873
vn -0.10489915 -0.9885765 -0.10822563
vn 0.5291084 -0.75283015 -0.39152393
vn 0.45240185 -0.8051764 -0.3834365
vn 0.32282618 -0.8807717 -0.3464454
vn 0.05393781 -0.9779074 -0.20195995
vn -0.097974636 -0.9741563 -0.20352004
vn -0.22630253 -0.9734432 -0.034574505
vn 0.49800846 -0.7709588 -0.39700148
vn 0.37637672 -0.82665867 -0.4183014
vn 0.18904927 -0.92121625 -0.3400308
vn -0.018372977 -0.9700389 -0.24225406
vn -0.19574165 -0.9667455 -0.16458544
vn -0.29184663 -0.95646477 0.0009310571
vn 0.41267782 -0.80250674 -0.4309058
vn 0.2962633 -0.8469273 -0.4415227
vn 0.069367275 -0.9489189 -0.3078007
vn -0.10871183 -0.9521508 -0.28564024
vn -0.27672613 -0.9537524 -0.11738461
vn -0.35841572 -0.9333337 -0.020651823
vn 0.34122282 -0.8186914 -0.46185648
vn 0.20475495 -0.87359065 -0.44149143
vn -0.033160042 -0.9611399 -0.27406272
vn -0.16985978 -0.9343021 -0.31341225
vn -0.36459857 -0.9241086 -0.11441631
vn -0.41889015 -0.9070557 -0.042201936
vn 0.30078423 -0.83282447 -0.46468496
vn 0.11884201 -0.8979601 -0.4237266
vn -0.15445545 -0.9453935 -0.2870099
vn -0.24879667 -0.91723895 -0.31108344
vn -0.43150073 -0.89055055 -0.14396758
vn -0.52055544 -0.8514409 -0.06379968
vn 0.21483275 -0.85966265 -0.46349424
vn -0.008796105 -0.9157597 -0.40162998
vn -0.21117397 -0.9176623 -0.33660284
vn -0.3522541 -0.8862246 -0.30087033
vn -0.5253293 -0.83480465 -0.16471328
vn -0.6263732 -0.7742387 -0.09061434
vn 0.10801129 -0.8627008 -0.4940453
vn -0.17670389 -0.89976394 -0.39899945
vn -0.2525923 -0.88715756 -0.38619766
vn -0.4306114 -0.8491747 -0.30573872
vn -0.6244008 -0.7581293 -0.18805218
vn -0.7031854 -0.7037064 -0.10162483
vn -0.0019680108 -0.8484854 -0.52921504
vn -0.25770926 -0.87282413 -0.41444406
vn -0.33089945 -0.8515342 -0.40668783
vn -0.5259341 -0.7939198 -0.30509797
vn -0.6928688 -0.69318634 -0.19855824
vn -0.77254283 -0.62842834 -0.09085854
vn -0.15525752 -0.8327683 -0.5314056
vn -0.2824869 -0.85256416 -0.43969938
vn -0.40328443 -0.822656 -0.40074793
vn -0.6136611 -0.7257763 -0.310916
vn -0.7555733 -0.62775975 -0.18715453
vn -0.8482683 -0.52564013 -0.064368755
vn -0.2530196 -0.8234644 -0.5078263
vn -0.34282947 -0.81103396 -0.4740168
vn -0.50011957 -0.7788982 -0.37841523
vn -0.6708421 -0.6716374 -0.31444252
vn -0.8302372 -0.53291684 -0.1634191
vn -0.9039541 -0.42552686 -0.042355772
vn -0.28949887 -0.8134753 -0.5044286
vn -0.38280305 -0.7792698 -0.49618587
vn -0.6009639 -0.7103987 -0.36630046
vn -0.72078747 -0.6203545 -0.3092342
vn -0.8836576 -0.44707653 -0.13882367
vn -0.9299643 -0.36696327 -0.022461418
vn -0.36782858 -0.765275 -0.52825767
vn -0.44347742 -0.75114065 -0.48899442
vn -0.6579736 -0.6591234 -0.36417976
vn -0.7842555 -0.5417301 -0.30244282
vn -0.9157809 -0.38545462 -0.11300415
vn -0.95573694 -0.29422197 0.00060869777
vn -0.39053023 -0.7367277 -0.5520131
vn -0.5617914 -0.68410355 -0.4651803
vn -0.7027398 -0.610417 -0.36544228
vn -0.8319235 -0.46739128 -0.29907978
vn -0.9504152 -0.28525195 -0.12386363
vn -0.97398764 -0.2238179 -0.03540621
vn -0.40308008 -0.71898806 -0.56620014
vn -0.6322902 -0.6279059 -0.45380968
vn -0.7643738 -0.5249856 -0.3743297
vn -0.864211 -0.40112704 -0.30370426
vn -0.9672971 -0.19015367 -0.16786285
vn -0.9880569 -0.109692484 -0.10821777
vn -0.51322746 -0.63825727 -0.5737815
vn -0.6716409 -0.57436424 -0.46797886
vn -0.8000806 -0.44693625 -0.40014884
vn -0.9057741 -0.27503416 -0.32238066
vn -0.97414297 -0.10100816 -0.20209634
vn -0.99035686 0.03276177 -0.13461061
vn -0.5912476 -0.57231045 -0.5682316
vn -0.72536117 -0.4822147 -0.4912436
vn -0.8210284 -0.38938454 -0.417483
vn -0.93397754 -0.16281752 -0.31808263
vn -0.980099 0.013369789 -0.19805804
vn -0.98365 0.14176829 -0.111060254
vn -0.6262558 -0.52161354 -0.579416
vn -0.7540857 -0.42007482 -0.5048682
vn -0.87003034 -0.28997907 -0.39869708
vn -0.95045656 -0.10528908 -0.29248315
vn -0.98230445 0.1096914 -0.151808
vn -0.9680586 0.23202708 -0.09500542
vn -0.6791083 -0.4501052 -0.5798423
vn -0.7771986 -0.39191025 -0.49230948
vn -0.9154458 -0.2043674 -0.34668842
vn -0.9672601 -0.027028946 -0.25234362
vn -0.9685924 0.22253253 -0.110941924
vn -0.9465533 0.3005769 -0.1170055
vn -0.70839375 -0.4223699 -0.56549275
vn -0.8167212 -0.329795 -0.4734995
vn -0.94354546 -0.1427869 -0.29888755
vn -0.9743619 0.068319716 -0.21436235
vn -0.9421445 0.3131178 -0.1196702
vn -0.8947708 0.42100015 -0.14880855
vn -0.7319597 -0.3985575 -0.55261827
vn -0.859204 -0.2496974 -0.44656432
vn -0.95543253 -0.03649216 -0.2929453
vn -0.9592367 0.21252815 -0.18627082
vn -0.8888356 0.4321543 -0.15236129
vn -0.82623297 0.54548365 -0.14066535
vn -0.7666626 -0.333189 -0.54882926
vn -0.89487946 -0.15630038 -0.41804427
vn -0.938677 0.09241845 -0.3321811
vn -0.92213583 0.33842808 -0.1874351
vn -0.8274283 0.53825647 -0.16013274
vn -0.8044198 0.59010863 -0.068414286
vn -0.79532075 -0.25477225 -0.5500509
vn -0.90474886 -0.0053807967 -0.42591134
vn -0.90613693 0.23197863 -0.35369724
vn -0.86741585 0.44930518 -0.21380971
vn -0.8191152 0.56097746 -0.119810246
vn -0.76904756 0.63904727 -0.0135768615
vn -0.82217026 -0.14022133 -0.551701
vn -0.88077104 0.14333801 -0.45132762
vn -0.867092 0.3481281 -0.35631192
vn -0.8171032 0.53032285 -0.22605295
vn -0.7797033 0.6223033 -0.06929118
vn -0.6935576 0.7203937 -0.0032830783
vn -0.83711565 0.014209474 -0.5468413
vn -0.8509306 0.2524758 -0.46062252
vn -0.825385 0.44555402 -0.34672943
vn -0.82548076 0.5185801 -0.22283708
vn -0.6985012 0.71466154 -0.036809184
vn -0.625921 0.77985024 0.0075169927
vn -0.8386172 0.14962876 -0.52376753
vn -0.8249638 0.33432093 -0.4557019
vn -0.7965437 0.5140895 -0.31816673
vn -0.7910986 0.5817417 -0.18904921
vn -0.6324594 0.77435124 -0.019371217
vn -0.5793685 0.8150655 -0.0005792409
vn -0.82993877 0.25358695 -0.49688563
vn -0.8055782 0.40513602 -0.43232918
vn -0.8060783 0.50218856 -0.31312034
vn -0.70911264 0.6903094 -0.14363946
vn -0.57557935 0.8175355 -0.018549072
vn -0.49954325 0.86611897 -0.017160792
vn -0.805596 0.3343006 -0.48914033
vn -0.7852951 0.47756365 -0.39401093
vn -0.78427553 0.53912914 -0.30700415
vn -0.6342047 0.7621601 -0.12998576
vn -0.4916461 0.87003297 -0.03642602
vn -0.39109412 0.9195093 -0.039345298
vn -0.7935543 0.37465438 -0.47948477
vn -0.7792961 0.49904996 -0.37900758
vn -0.7086287 0.6460724 -0.28361204
vn -0.56730646 0.81345737 -0.12825969
vn -0.3865315 0.9204926 -0.05733085
vn -0.2832345 0.9567548 -0.066321634
vn -0.7773368 0.43992108 -0.4496855
vn -0.7643684 0.5122058 -0.39164537
vn -0.6255379 0.7350014 -0.26167816
vn -0.48208547 0.8675007 -0.1226218
vn -0.30172563 0.9518241 -0.054702003
vn -0.16387823 0.9856639 -0.040131558
vn -0.76065016 0.49148175 -0.42409566
vn -0.7072693 0.59915966 -0.37520367
vn -0.56807643 0.78778714 -0.2380767
vn -0.38254243 0.9178351 -0.1060187
vn -0.19554426 0.98054 -0.017430283
vn -0.080997065 0.9964625 0.022403264
vn -0.75081563 0.5066096 -0.42381895
vn -0.64194345 0.6935962 -0.3268533
vn -0.48971495 0.8483386 -0.20124815
vn -0.31879103 0.9437731 -0.08754792
vn -0.0903081 0.9957516 0.017975962
vn -0.02885723 0.9987948 0.03970292
vn -0.012178733 0.9999136 0.0049493494
vn -0.21795198 0.97265786 -0.08020897
vn -0.07711384 0.9917605 -0.10229706
vn 0.03581459 0.98976046 -0.13817234
vn -0.38004044 0.90707916 -0.18104315
vn -0.5906462 0.75918025 -0.27346346
vn -0.29349363 0.93376076 -0.20482256
vn -0.031387024 0.95377123 -0.29889008
vn 0.058685422 0.9518058 -0.3010345
vn -0.16998997 0.95209473 -0.25420263
vn -0.4960226 0.8290822 -0.2580395
vn -0.0150842145 0.9219518 -0.3870109
vn 0.025158258 0.92863154 -0.3701494
vn -0.35044786 0.89289546 -0.2827084
vn -0.11803832 0.92276514 -0.36683995
vn -0.23981304 0.9149033 -0.32471797
vn -0.035093483 0.88596225 -0.46242768
vn 0.003217057 0.8951591 -0.4457352
vn -0.09153875 0.8712544 -0.48222023
vn -0.18544723 0.8540054 -0.4860907
vn -0.29663998 0.83252597 -0.46787313
vn -0.45139876 0.77781254 -0.4373178
vn -0.07175061 0.801245 -0.5940187
vn -0.009380746 0.81520027 -0.5791032
vn -0.1103555 0.77660877 -0.6202422
vn -0.14890322 0.7548879 -0.6387269
vn -0.24433407 0.7257965 -0.64305544
vn -0.08425129 0.7275723 -0.68083775
vn -0.013312985 0.73317796 -0.6799064
vn -0.1399939 0.7084446 -0.6917427
vn -0.14823961 0.6908962 -0.70759267
vn -0.088884726 0.6711715 -0.7359541
vn -0.015113631 0.67426527 -0.73833454
vn -0.15876915 0.6511773 -0.74213237
vn -0.09472015 0.5948291 -0.7982521
vn -0.011782036 0.59681714 -0.8022908
vn -0.37531462 0.6795332 -0.6303758
vn -0.2168476 0.65753824 -0.72154033
vn -0.1773964 0.63423187 -0.75251615
vn -0.17311995 0.56965184 -0.8034465
vn -0.087039 0.51094514 -0.85519546
vn -0.009144687 0.5170051 -0.8559335
vn -0.32990474 0.6048163 -0.7248173
vn -0.22044608 0.59129155 -0.7757434
vn -0.20899242 0.5546709 -0.8053958
vn -0.17029406 0.50122863 -0.8483925
vn -0.07581847 0.45761648 -0.88591117
vn -0.036870837 0.47081763 -0.8814597
vn -0.30887222 0.53594184 -0.78572536
vn -0.2288471 0.5380271 -0.81126803
vn -0.1981149 0.508906 -0.8377142
vn -0.125548 0.46596712 -0.8758495
vn -0.07464218 0.45430207 -0.88771516
vn -0.08639164 0.46066833 -0.88335794
vn -0.29687202 0.5081741 -0.8084714
vn -0.21689914 0.51848143 -0.8271226
vn -0.14237449 0.49227574 -0.8587165
vn -0.07765502 0.45455799 -0.8873255
vn -0.06419708 0.4051868 -0.91197723
vn -0.096869074 0.39728925 -0.91256654
vn -0.27896276 0.5024557 -0.818363
vn -0.17494309 0.49921173 -0.84863573
vn -0.08520225 0.4642835 -0.8815789
vn -0.070233524 0.4044022 -0.91188055
vn -0.028706197 0.23140074 -0.97243494
vn -0.050716795 0.2213407 -0.97387683
vn -0.2508112 0.4737461 -0.84419096
vn -0.124513894 0.45715478 -0.8806281
vn -0.069641195 0.39946848 -0.9140979
vn -0.03622883 0.23802473 -0.9705832
vn 0.0078425715 0.016156904 -0.9998387
vn -0.02767452 0.012744068 -0.9995358
vn 0.033324458 -0.10504883 -0.9939085
vn 0.03893543 0.02294919 -0.99897814
vn 0.033324458 -0.10504883 -0.9939085
vn -0.050394032 0.24042365 -0.96935904
vn 0.026528249 0.024865905 -0.9993387
vn 0.033324458 -0.10504883 -0.9939085
vn -0.095903225 0.37779015 -0.920911
vn -0.08048862 0.21620752 -0.9730241
vn -0.02901045 0.008019435 -0.99954695
vn 0.033324458 -0.10504883 -0.9939085
vn -0.0702257 -0.010963796 -0.99747086
vn 0.033324458 -0.10504883 -0.9939085
vn -0.114077196 0.19192392 -0.97475713
vn -0.1628675 0.34384045 -0.9247961
vn -0.08126154 -0.02525149 -0.99637294
vn 0.033324458 -0.10504883 -0.9939085
vn -0.13378994 0.16657661 -0.97690964
vn -0.21324484 0.42587966 -0.8792913
vn -0.20578788 0.32013437 -0.9247515
vn -0.09139792 -0.04004891 -0.9950088
vn 0.033324458 -0.10504883 -0.9939085
vn -0.2763981 0.39771062 -0.8748887
vn -0.18324293 0.12467639 -0.9751296
vn -0.31043786 0.43801367 -0.84366596
vn -0.26816553 0.28036726 -0.9216731
vn -0.10870541 -0.063304365 -0.9920563
vn 0.033324458 -0.10504883 -0.9939085
vn -0.2267577 0.08530265 -0.9702084
vn -0.3078558 0.37726474 -0.8734392
vn -0.3273185 0.47860202 -0.8147409
vn -0.13031998 -0.090274155 -0.9873537
vn 0.033324458 -0.10504883 -0.9939085
vn -0.2989042 0.24433282 -0.9224736
vn -0.32676622 0.4257215 -0.8437921
vn -0.3452413 0.49231002 -0.79902405
vn -0.23955889 0.06319579 -0.96882296
vn -0.3097972 0.36297062 -0.87879354
vn -0.34973904 0.4633549 -0.8142388
vn -0.35914245 0.50031346 -0.78784704
vn -0.14154676 -0.10721371 -0.9841086
vn 0.033324458 -0.10504883 -0.9939085
vn -0.28809497 0.22337537 -0.9311846
vn -0.33684093 0.41876855 -0.8433096
vn -0.38389584 0.48547918 -0.78545135
vn -0.38940057 0.5717837 -0.72210145
vn -0.24012752 0.034403667 -0.9701315
vn -0.32423022 0.33040565 -0.88640106
vn -0.3829466 0.44092417 -0.8117498
vn -0.39792767 0.47368518 -0.7856691
vn -0.46488535 0.64919555 -0.602019
vn -0.1388345 -0.09919001 -0.9853357
vn 0.033324458 -0.10504883 -0.9939085
vn -0.38431537 0.38314822 -0.83993995
vn -0.4156576 0.46756166 -0.7801377
vn -0.45117307 0.52746665 -0.7198762
vn -0.5650036 0.71132344 -0.41807905
vn -0.5537559 0.6111462 -0.5655572
vn -0.63771194 0.64809656 -0.4162863
vn -0.44492766 0.45601758 -0.77077055
vn -0.4325961 0.40220603 -0.806902
vn -0.5407092 0.47451833 -0.6945978
vn -0.7062804 0.56888705 -0.42134967
vn -0.6563172 0.53767866 -0.5292915
vn -0.4666918 0.423007 -0.7767005
vn -0.7140642 0.48509118 -0.5047761
vn -0.6094013 0.44414237 -0.65678585
vn -0.50950927 0.43108448 -0.7446923
vn -0.7317983 0.45929027 -0.5035114
vn -0.6578554 0.4100892 -0.63170666
vn -0.57343835 0.38408 -0.72363734
vn -0.5172067 0.37756982 -0.7680744
vn -0.47523013 0.3577378 -0.80385315
vn -0.7524038 0.39008364 -0.530776
vn -0.70127463 0.35176304 -0.62006176
vn -0.6235959 0.35327753 -0.69736874
vn -0.5462953 0.35439938 -0.758922
vn -0.75626725 0.34659234 -0.55491763
vn -0.7167742 0.343766 -0.60667926
vn -0.64964366 0.3494767 -0.6751512
vn -0.75860566 0.3336215 -0.55965537
vn -0.72957814 0.31977832 -0.60453075
vn -0.78309757 0.25105304 -0.5689732
vn -0.50053936 0.31786093 -0.80524826
vn -0.5633418 0.31855664 -0.7623435
vn -0.67436564 0.29869676 -0.67528605
vn -0.7497188 0.25119263 -0.6122287
vn -0.80185014 0.14811665 -0.5788765
vn -0.51313674 0.27038392 -0.81460613
vn -0.5784189 0.26955587 -0.76991636
vn -0.6903922 0.2543616 -0.67724353
vn -0.768473 0.1530046 -0.6213201
vn -0.80531925 0.008050169 -0.5927867
vn -0.51722413 0.2486863 -0.81892276
vn -0.58383095 0.25004837 -0.77241004
vn -0.71025 0.16816053 -0.6835694
vn -0.771004 -0.00071502064 -0.6368298
vn -0.79197896 -0.118564926 -0.59892535
vn -0.5162491 0.23603664 -0.82327014
vn -0.60802764 0.18061638 -0.7730977
vn -0.72183615 0.018441219 -0.69181824
vn -0.76377815 -0.10308261 -0.6371947
vn -0.7809505 -0.22593077 -0.5822985
vn -0.52254826 0.16876946 -0.8357393
vn -0.6242914 0.041325968 -0.78009766
vn -0.726406 -0.071988925 -0.68348515
vn -0.75447774 -0.18779247 -0.62888575
vn -0.75473636 -0.32624483 -0.5691548
vn -0.5249203 0.040771954 -0.8501743
vn -0.63169134 -0.034674127 -0.7744441
vn -0.7145228 -0.16321161 -0.68030816
vn -0.7114795 -0.31455094 -0.6283746
vn -0.7200647 -0.39497218 -0.5705295
vn -0.5195235 -0.02369669 -0.85412747
vn -0.62154216 -0.11958998 -0.77419865
vn -0.6598095 -0.29974318 -0.68906116
vn -0.6816385 -0.37286875 -0.6295537
vn -0.69451594 -0.43268737 -0.5748298
vn -0.50745094 -0.080171846 -0.8579429
vn -0.59408486 -0.26201448 -0.7605338
vn -0.6405205 -0.34544614 -0.6858575
vn -0.67285675 -0.3973441 -0.6240043
vn -0.6487771 -0.4717674 -0.5970961
vn -0.49079776 -0.20028725 -0.8479402
vn -0.58523554 -0.30773973 -0.7501971
vn -0.6460835 -0.346236 -0.6802182
vn -0.6270502 -0.48033252 -0.6132607
vn -0.59078175 -0.5097088 -0.625439
vn -0.46800867 -0.2536591 -0.84653705
vn -0.5897214 -0.29782274 -0.7506865
vn -0.60984707 -0.42238817 -0.670578
vn -0.5903421 -0.5300919 -0.6086861
vn -0.5700406 -0.5275421 -0.6298834
vn -0.48294806 -0.22229801 -0.8469621
vn -0.5714403 -0.338995 -0.7473544
vn -0.5932355 -0.48667747 -0.64126176
vn -0.59056085 -0.53298044 -0.6059454
vn -0.51794124 -0.5990421 -0.61064345
vn -0.48170775 -0.23705108 -0.8436613
vn -0.55221194 -0.39243025 -0.7355681
vn -0.58117527 -0.52152795 -0.62469506
vn -0.53969157 -0.58626777 -0.6041714
vn -0.42955267 -0.69871426 -0.5720864
vn -0.43806046 -0.29621747 -0.8487392
vn -0.514985 -0.44012442 -0.735582
vn -0.5023324 -0.5828627 -0.63869643
vn -0.45542905 -0.6672211 -0.5894069
vn -0.41215026 -0.7287152 -0.5469061
vn -0.38071308 -0.31944418 -0.8677632
vn -0.42016548 -0.5241899 -0.7407334
vn -0.4295447 -0.6268854 -0.6500045
vn -0.40395176 -0.71127456 -0.575249
vn -0.3848481 -0.75028676 -0.5375516
vn -0.3177023 -0.3739162 -0.8713507
vn -0.34896865 -0.5688095 -0.74476624
vn -0.37051103 -0.6640839 -0.64939517
vn -0.36083052 -0.72992516 -0.5805262
vn -0.29068753 -0.7984332 -0.5272621
vn -0.26491934 -0.45312583 -0.8511725
vn -0.3131433 -0.57847005 -0.75320226
vn -0.30785188 -0.6970915 -0.6475266
vn -0.26151872 -0.7609776 -0.59373474
vn -0.20712717 -0.8153436 -0.54065996
vn -0.24938983 -0.47969607 -0.841247
vn -0.25665584 -0.6104726 -0.7493003
vn -0.21352549 -0.72680485 -0.65281045
vn -0.15663633 -0.7865452 -0.5973371
vn -0.120893724 -0.81626004 -0.5648932
vn -0.22725455 -0.49671322 -0.83763444
vn -0.16268432 -0.6596608 -0.7337448
vn -0.12574929 -0.74720806 -0.6525851
vn -0.11834689 -0.790872 -0.6004294
vn -0.029963346 -0.83138484 -0.55488867
vn -0.12228718 -0.5415898 -0.83170086
vn -0.09069512 -0.68526536 -0.72262424
vn -0.12003697 -0.7442824 -0.6569891
vn -0.066840045 -0.81006664 -0.5825156
vn 0.07624805 -0.84357035 -0.53157806
vn -0.04114921 -0.56263036 -0.8256839
vn -0.09098876 -0.67301494 -0.7340109
vn -0.07539829 -0.743576 -0.66438687
vn 0.06619922 -0.81938916 -0.56940234
vn 0.21723913 -0.82678777 -0.5188728
vn -0.054935772 -0.5575071 -0.8283525
vn -0.049591087 -0.65219396 -0.75642836
vn 0.08087459 -0.7380348 -0.66989845
vn 0.22683547 -0.7893386 -0.57051754
vn 0.31277528 -0.79662776 -0.51725805
vn -0.019275758 -0.5452771 -0.8380343
vn 0.099477656 -0.62670314 -0.77288246
vn 0.23527046 -0.7062366 -0.66774076
vn 0.31320763 -0.75782955 -0.57235944
vn 0.30993465 -0.7963691 -0.5193618
vn 0.10367407 -0.5292791 -0.8420898
vn 0.21037444 -0.6036808 -0.7689683
vn 0.28678435 -0.70850825 -0.644803
vn 0.28783697 -0.7655412 -0.57541
vn 0.35681608 -0.79403573 -0.4921276
vn 0.178333 -0.5131974 -0.83953905
vn 0.22474343 -0.61762965 -0.7536737
vn 0.27581918 -0.71373343 -0.6438233
vn 0.30842966 -0.7531153 -0.5811096
vn 0.45758063 -0.75716394 -0.46617875
vn 0.17580298 -0.5135349 -0.8398662
vn 0.23608592 -0.620129 -0.7481333
vn 0.30291075 -0.6737071 -0.6740652
vn 0.40994927 -0.690992 -0.59537536
vn 0.51870066 -0.72175777 -0.4582743
vn 0.16822404 -0.520904 -0.8368749
vn 0.30153745 -0.57435334 -0.76104766
vn 0.38645115 -0.58670014 -0.7116448
vn 0.47689936 -0.62385297 -0.61917245
vn 0.56824756 -0.6697563 -0.47803885
vn 0.2541877 -0.4751752 -0.84237593
vn 0.3791987 -0.4927295 -0.78321517
vn 0.44463417 -0.50649107 -0.7387606
vn 0.51968557 -0.5602019 -0.6450587
vn 0.60905564 -0.5974496 -0.521637
vn 0.34618086 -0.41230983 -0.8427096
vn 0.421271 -0.4429781 -0.79139185
vn 0.46354952 -0.4606971 -0.75688833
vn 0.5505598 -0.4925078 -0.67403257
vn 0.6692803 -0.47544822 -0.57097536
vn 0.37006375 -0.3894838 -0.8434188
vn 0.43639764 -0.42647243 -0.79226154
vn 0.4932488 -0.40617612 -0.76923764
vn 0.5966438 -0.38595104 -0.7036036
vn 0.7329419 -0.32089704 -0.599851
vn 0.38860598 -0.3500287 -0.8523293
vn 0.47540694 -0.34962353 -0.8073114
vn 0.5368024 -0.30672503 -0.785979
vn 0.6609314 -0.23752333 -0.71186537
vn 0.7667345 -0.18059003 -0.6160401
vn 0.42691344 -0.27686474 -0.86086637
vn 0.5114081 -0.24838835 -0.82265735
vn 0.5856167 -0.19147483 -0.78764874
vn 0.6999873 -0.13717775 -0.7008567
vn 0.7794324 -0.12683122 -0.6135136
vn 0.46693504 -0.24517114 -0.8496251
vn 0.54237515 -0.19357114 -0.81753254
vn 0.6280757 -0.12806715 -0.7675414
vn 0.71181685 -0.121938296 -0.69169915
vn 0.79408413 -0.09238685 -0.6007454
vn 0.50359035 -0.23149532 -0.8323501
vn 0.57793397 -0.1250153 -0.80645114
vn 0.63952076 -0.121081084 -0.75917876
vn 0.72316784 -0.101195015 -0.6832187
vn 0.81591684 -0.04433285 -0.5764671
vn 0.5591286 -0.12189343 -0.8200714
vn 0.5793597 -0.099077955 -0.80902773
vn 0.6463692 -0.100783706 -0.7563396
vn 0.73555315 -0.04409592 -0.67603046
vn 0.81599134 -0.015875414 -0.57784617
vn 0.571856 -0.076430656 -0.8167859
vn 0.5774598 -0.1137973 -0.80844927
vn 0.66507155 -0.05062773 -0.7450615
vn 0.72805333 0.007119497 -0.6854835
vn 0.80354214 0.059360117 -0.59228075
vn 0.55297494 -0.11453249 -0.8252884
vn 0.5971895 -0.07622335 -0.7984702
vn 0.67223257 0.021904236 -0.740016
vn 0.7148458 0.054938756 -0.6971207
vn 0.8029084 0.12163649 -0.58356035
vn 0.5466017 -0.07522333 -0.8340072
vn 0.61689043 0.0029677146 -0.78704345
vn 0.67410076 0.052727964 -0.736755
vn 0.7153916 0.08846569 -0.6931007
vn 0.7919721 0.19302467 -0.57924235
vn 0.5432069 -0.00759003 -0.8395646
vn 0.6295481 0.035392117 -0.776155
vn 0.6689744 0.07630409 -0.73935854
vn 0.7104169 0.16582462 -0.68396634
vn 0.7586939 0.32359704 -0.56539243
vn 0.53792876 0.022256197 -0.8426965
vn 0.6237784 0.087780915 -0.7766563
vn 0.63680387 0.1586294 -0.75453126
vn 0.6871595 0.29538086 -0.66374844
vn 0.7138814 0.39557824 -0.5778332
vn 0.54007715 0.07415177 -0.8383424
vn 0.5914472 0.18141207 -0.78567153
vn 0.59946996 0.25356597 -0.7591707
vn 0.6561994 0.37582716 -0.65433645
vn 0.6635374 0.45314598 -0.59529567
vn 0.5450153 0.15275863 -0.82439256
vn 0.56121325 0.2422194 -0.79143506
vn 0.5974582 0.31045982 -0.73936355
vn 0.6335093 0.43474662 -0.64004797
vn 0.5907663 0.5377728 -0.60149443
vn 0.5318386 0.225329 -0.8163177
vn 0.54998714 0.26173514 -0.7931008
vn 0.59582186 0.3660412 -0.7148497
vn 0.5769117 0.5255785 -0.62525207
vn 0.54461956 0.5860585 -0.59993744
vn 0.5247874 0.5780737 -0.6248431
vn 0.5008898 0.5886275 -0.6345291
vn 0.45498425 0.57162774 -0.68281114
vn 0.5413329 0.48598808 -0.6861299
vn 0.4820749 0.5591123 -0.6745348
vn 0.34920454 0.5159024 -0.78224087
vn 0.39903516 0.4855197 -0.7778442
vn 0.28676188 0.49108523 -0.82255876
vn 0.470959 0.38706103 -0.79270506
vn 0.34732196 0.45010257 -0.82266337
vn 0.2751837 0.46711126 -0.84028625
vn 0.53262556 0.28795245 -0.79586005
vn 0.45357284 0.33741257 -0.82487845
vn 0.31367078 0.41778547 -0.85268164
vn 0.27409735 0.38267544 -0.88228685
vn 0.5042404 0.26278472 -0.8226092
vn 0.41142863 0.3028225 -0.8596656
vn 0.30264494 0.3287631 -0.89460653
vn 0.21143866 0.2210052 -0.95207685
vn 0.50899255 0.26606402 -0.81861866
vn 0.46158606 0.2378015 -0.85462785
vn 0.34949255 0.25565875 -0.90138423
vn 0.2485258 0.17345673 -0.9529678
vn 0.18726808 0.074241996 -0.9794993
vn 0.45697737 0.22581491 -0.8603368
vn 0.39074105 0.19920576 -0.8986871
vn 0.26203725 0.13463804 -0.95561975
vn 0.20970024 0.030537356 -0.9772888
vn 0.17726868 -0.06264215 -0.9821669
vn 0.033324458 -0.10504883 -0.9939085
vn 0.46029916 0.15894178 -0.8734198
vn 0.41883063 0.1419901 -0.89689445
vn 0.26139763 0.11955953 -0.9577978
vn 0.21154425 0.012327716 -0.9772907
vn 0.18961023 -0.080139175 -0.97858346
vn 0.033324458 -0.10504883 -0.9939085
vn 0.46388412 0.0772754 -0.8825191
vn 0.42437333 0.06334309 -0.90326905
vn 0.29513934 0.06648692 -0.9531382
vn 0.17721839 0.045989443 -0.9830965
vn 0.17700566 -0.06788154 -0.9818662
vn 0.033324458 -0.10504883 -0.9939085
vn 0.45324284 0.0353912 -0.8906843
vn 0.41394493 0.01458876 -0.910185
vn 0.3424797 -0.02302004 -0.93924314
vn 0.17510417 0.043859053 -0.98357254
vn 0.138158 -0.019575318 -0.99021673
vn 0.033324458 -0.10504883 -0.9939085
vn 0.44891465 0.014963227 -0.8934493
vn 0.40398118 0.011211465 -0.91469854
vn 0.3494625 -0.05488164 -0.93534166
vn 0.22075918 -0.02773157 -0.974934
vn 0.116673544 0.0039271964 -0.9931625
vn 0.033324458 -0.10504883 -0.9939085
vn 0.44927773 0.0014748479 -0.89339095
vn 0.40122733 0.0043811086 -0.915968
vn 0.32761788 -0.03147298 -0.944286
vn 0.25611153 -0.081260316 -0.96322566
vn 0.12820138 -0.020709107 -0.9915319
vn 0.033324458 -0.10504883 -0.9939085
vn 0.45968798 -0.026737755 -0.88767797
vn 0.39787802 -0.0017021175 -0.91743666
vn 0.3115389 -0.018803455 -0.9500473
vn 0.26233447 -0.082667954 -0.9614295
vn 0.14607887 -0.052762143 -0.9878649
vn 0.033324458 -0.10504883 -0.9939085
vn 0.48545927 -0.05767461 -0.87235487
vn 0.39474615 0.007257302 -0.91876155
vn 0.30374542 -0.015388564 -0.9526289
vn 0.2517943 -0.05814496 -0.9660325
vn 0.15878038 -0.06767915 -0.9849915
vn 0.033324458 -0.10504883 -0.9939085
vn 0.4935595 -0.05730823 -0.8678218
vn 0.3862914 -0.013594213 -0.92227656
vn 0.29045025 -0.011206591 -0.9568244
vn 0.24094991 -0.042596526 -0.9696023
vn 0.16338868 -0.061960515 -0.98461413
vn 0.033324458 -0.10504883 -0.9939085
vn 0.46065292 -0.10880388 -0.8808862
vn 0.36348924 -0.063380584 -0.92943984
vn 0.27382988 -0.035332073 -0.9611289
vn 0.23056516 -0.0566569 -0.97140604
vn 0.16494071 -0.06752843 -0.98398906
vn 0.033324458 -0.10504883 -0.9939085
vn 0.4116393 -0.21484427 -0.8856608
vn 0.32412222 -0.10821965 -0.939805
vn 0.24678163 -0.08460993 -0.96537036
vn 0.21894756 -0.0765681 -0.9727278
vn 0.16429159 -0.09947979 -0.98138267
vn 0.033324458 -0.10504883 -0.9939085
vn 0.37985486 -0.2613826 -0.88734967
vn 0.2964717 -0.14865497 -0.94340146
vn 0.2350614 -0.10950165 -0.9657927
vn 0.2106227 -0.09610584 -0.9728318
vn 0.15703589 -0.12458515 -0.9797031
vn 0.033324458 -0.10504883 -0.9939085
vn 0.35468653 -0.26109958 -0.8977886
vn 0.28228238 -0.19891877 -0.93848175
vn 0.2363788 -0.10668615 -0.9657863
vn 0.20959803 -0.10345266 -0.97229946
vn 0.14731927 -0.13139802 -0.9803222
vn 0.033324458 -0.10504883 -0.9939085
vn 0.32380497 -0.26671177 -0.9077528
vn 0.27020317 -0.236137 -0.9333967
vn 0.2320542 -0.12394053 -0.96477437
vn 0.21311666 -0.09212645 -0.97267365
vn 0.1441511 -0.11665453 -0.98265564
vn 0.033324458 -0.10504883 -0.9939085
vn 0.29533765 -0.2942862 -0.90893966
vn 0.25753725 -0.24903463 -0.93362534
vn 0.21128483 -0.16900961 -0.9627017
vn 0.20279472 -0.10156688 -0.9739397
vn 0.14733428 -0.09212053 -0.9847875
vn 0.033324458 -0.10504883 -0.9939085
vn 0.27531785 -0.3217171 -0.9059239
vn 0.24115157 -0.24610068 -0.93876535
vn 0.1843158 -0.20881097 -0.9604299
vn 0.15997036 -0.14772077 -0.97600615
vn 0.13562526 -0.09845455 -0.9858562
vn 0.033324458 -0.10504883 -0.9939085
vn 0.200539 -0.36947003 -0.9073456
vn 0.21933101 -0.25399026 -0.9420099
vn 0.16897656 -0.21907124 -0.9609655
vn 0.108515285 -0.18981035 -0.9758055
vn 0.09128785 -0.14835022 -0.9847125
vn 0.033324458 -0.10504883 -0.9939085
vn 0.15472186 -0.41834563 -0.8950129
vn 0.1757256 -0.2781657 -0.9443221
vn 0.15831381 -0.21428478 -0.96385616
vn 0.095891885 -0.19063452 -0.9769663
vn 0.04607 -0.19433698 -0.9798523
vn 0.033324458 -0.10504883 -0.9939085
vn 0.16219346 -0.43979552 -0.88333076
vn 0.18501142 -0.29740497 -0.93665415
vn 0.15150301 -0.21458791 -0.9648828
vn 0.11733435 -0.17458607 -0.9776259
vn 0.051681105 -0.18885775 -0.98064363
vn 0.033324458 -0.10504883 -0.9939085
vn 0.14124557 -0.44463938 -0.884503
vn 0.1696105 -0.3288888 -0.92901254
vn 0.18281886 -0.2005427 -0.9624759
vn 0.14605998 -0.16166501 -0.9759769
vn 0.093526185 -0.15356268 -0.9837029
vn 0.033324458 -0.10504883 -0.9939085
vn 0.0816704 -0.44807017 -0.89026016
vn 0.103114836 -0.36611423 -0.9248392
vn 0.16036876 -0.20383267 -0.96578157
vn 0.13397005 -0.16281818 -0.9775185
vn 0.11392104 -0.13302162 -0.9845442
vn 0.033324458 -0.10504883 -0.9939085
vn -0.003507587 -0.4594479 -0.8881978
vn 0.053571023 -0.37178466 -0.926772
vn 0.08831878 -0.23257315 -0.9685606
vn 0.09443136 -0.16592866 -0.98160607
vn 0.07745052 -0.14440738 -0.9864826
vn 0.033324458 -0.10504883 -0.9939085
vn -0.040982928 -0.4664715 -0.8835862
vn 0.0044424343 -0.37296632 -0.9278343
vn 0.03454638 -0.25177324 -0.96716946
vn 0.07974833 -0.1607818 -0.98376286
vn 0.04531919 -0.15786363 -0.9864204
vn 0.033324458 -0.10504883 -0.9939085
vn -0.028468305 -0.45500708 -0.8900327
vn -0.050418723 -0.3658428 -0.92930996
vn -0.0043061245 -0.25968197 -0.96568453
vn 0.057925697 -0.16847748 -0.984002
vn 0.06891075 -0.15271437 -0.9858649
vn 0.033324458 -0.10504883 -0.9939085
vn -0.09407042 -0.4324618 -0.89673156
vn -0.057233404 -0.34776917 -0.93583167
vn -0.053431723 -0.2567807 -0.96499157
vn 0.017282607 -0.18436605 -0.9827057
vn 0.09202782 -0.14900592 -0.98454463
vn 0.033324458 -0.10504883 -0.9939085
vn -0.20439582 -0.39628333 -0.8950876
vn -0.08129648 -0.30819532 -0.947843
vn -0.08970404 -0.24859509 -0.9644447
vn -0.023268528 -0.19506155 -0.9805149
vn 0.07949376 -0.15521415 -0.9846772
vn 0.033324458 -0.10504883 -0.9939085
vn -0.22545053 -0.3624635 -0.90431863
vn -0.16706276 -0.26251218 -0.9503564
vn -0.109371014 -0.23249254 -0.9664292
vn -0.060753424 -0.20333263 -0.9772231
vn 0.04886862 -0.16190326 -0.9855958
vn 0.033324458 -0.10504883 -0.9939085
vn -0.2423562 -0.2979375 -0.9233074
vn -0.21261142 -0.23160815 -0.9492914
vn -0.15155363 -0.21339276 -0.9651399
vn -0.08759128 -0.21296954 -0.97312474
vn 0.015872579 -0.16489816 -0.9861828
vn 0.033324458 -0.10504883 -0.9939085
vn -0.26133764 -0.24408166 -0.9338773
vn -0.23285538 -0.21701843 -0.9479881
vn -0.17864068 -0.21439947 -0.96027094
vn -0.1064516 -0.22608304 -0.968274
vn -0.004781577 -0.16579598 -0.9861485
vn 0.033324458 -0.10504883 -0.9939085
vn -0.25926632 -0.23219404 -0.937479
vn -0.24426022 -0.23003842 -0.9420293
vn -0.19184054 -0.23263986 -0.95345473
vn -0.11609388 -0.23815234 -0.96426433
vn -0.015893241 -0.16613792 -0.9859744
vn 0.033324458 -0.10504883 -0.9939085
vn -0.29200122 -0.21349494 -0.932285
vn -0.24708548 -0.2502957 -0.9361095
vn -0.19021752 -0.2639924 -0.9455819
vn -0.13338405 -0.23897493 -0.9618211
vn -0.018920053 -0.16966274 -0.9853205
vn 0.033324458 -0.10504883 -0.9939085
vn -0.3575105 -0.15910539 -0.9202564
vn -0.2694869 -0.23987691 -0.93264997
vn -0.19405137 -0.29188964 -0.9365599
vn -0.12509738 -0.2531853 -0.9592956
vn -0.026207862 -0.17093176 -0.9849342
vn 0.033324458 -0.10504883 -0.9939085
vn -0.3847307 -0.16644002 -0.90789866
vn -0.32057494 -0.20748934 -0.9242185
vn -0.24015841 -0.2764223 -0.9305454
vn -0.10803422 -0.26289472 -0.958757
vn -0.035680372 -0.16922197 -0.9849319
vn 0.033324458 -0.10504883 -0.9939085
vn -0.37028998 -0.2188774 -0.90276134
vn -0.35471746 -0.19218387 -0.91500866
vn -0.28706726 -0.23831245 -0.9277928
vn -0.1309364 -0.23724739 -0.9625847
vn -0.042653397 -0.16164227 -0.9859272
vn 0.033324458 -0.10504883 -0.9939085
vn -0.39268625 -0.1796908 -0.90194714
vn -0.3537628 -0.19935302 -0.9138437
vn -0.3119063 -0.20427379 -0.9278937
vn -0.16432042 -0.20285782 -0.9653225
vn -0.04749436 -0.15110603 -0.987376
vn 0.033324458 -0.10504883 -0.9939085
vn -0.43406108 -0.10709663 -0.894495
vn -0.3511669 -0.17726728 -0.9193792
vn -0.32618633 -0.17461184 -0.92903876
vn -0.19055605 -0.17769785 -0.96545935
vn -0.0475696 -0.14392824 -0.98844415
vn 0.033324458 -0.10504883 -0.9939085
vn -0.46700135 -0.0449009 -0.8831158
vn -0.3597803 -0.14166458 -0.9222198
vn -0.3334146 -0.12680131 -0.9342142
vn -0.21047518 -0.14101128 -0.9673758
vn -0.05161876 -0.13392992 -0.9896456
vn 0.033324458 -0.10504883 -0.9939085
vn -0.47127914 0.023373788 -0.8816743
vn -0.37598482 -0.061881524 -0.92455727
vn -0.32044953 -0.09820872 -0.9421609
vn -0.2285356 -0.07199073 -0.9708701
vn -0.06673693 -0.099382244 -0.9928088
vn 0.033324458 -0.10504883 -0.9939085
vn -0.46605763 0.124049604 -0.8760149
vn -0.37888122 0.02696205 -0.92505246
vn -0.30775598 -0.04369392 -0.9504615
vn -0.24098018 -0.03313024 -0.9699644
vn -0.08536029 -0.05051528 -0.9950688
vn 0.033324458 -0.10504883 -0.9939085
vn -0.46377257 0.19733937 -0.8636968
vn -0.36992544 0.09144687 -0.92455006
vn -0.30414018 0.036937445 -0.95191085
vn -0.24429625 -0.02160014 -0.96946007
vn -0.094393864 -0.032372415 -0.99500847
vn 0.033324458 -0.10504883 -0.9939085
vn -0.4644737 0.21642496 -0.85873425
vn -0.37265086 0.1309766 -0.918682
vn -0.30333412 0.071646065 -0.95018697
vn -0.24687679 0.020285772 -0.9688345
vn -0.1000975 -0.04570406 -0.99392736
vn 0.033324458 -0.10504883 -0.9939085
vn -0.4696164 0.22133158 -0.85467696
vn -0.38951662 0.1428803 -0.9098692
vn -0.317867 0.06070144 -0.9461902
vn -0.2503871 0.04225106 -0.96722347
vn -0.10802369 -0.039714064 -0.9933548
vn 0.033324458 -0.10504883 -0.9939085
vn -0.4678093 0.25754836 -0.84547234
vn -0.4193747 0.13812543 -0.89724374
vn -0.33566758 0.049974047 -0.9406539
vn -0.25862837 0.016903996 -0.96582896
vn -0.11179592 -0.004102294 -0.99372274
vn 0.033324458 -0.10504883 -0.9939085
vn -0.43844828 0.32098958 -0.83948123
vn -0.4171261 0.1735545 -0.8921237
vn -0.36670196 0.27271467 -0.88946974
vn -0.35728925 0.034343462 -0.9333621
vn -0.26025337 -0.002028191 -0.96553826
vn -0.110219836 0.007847206 -0.9938763
vn 0.033324458 -0.10504883 -0.9939085
vn -0.2904051 0.18324877 -0.9391936
vn -0.33788744 0.079895735 -0.9377893
vn -0.257131 -0.015713222 -0.9662488
vn -0.26289043 -0.019475887 -0.96462905
vn -0.107588984 -0.006369455 -0.994175
vn 0.033324458 -0.10504883 -0.9939085
vn -0.118125774 -0.048712872 -0.9918031
vn 0.033324458 -0.10504883 -0.9939085
vn 0.033324458 -0.10504883 -0.9939085
g mdfx_lhn_mesh_airwave_0001_0
f 3/3/3 2/2/2 1/1/1
f 4/4/4 3/3/3 1/1/1
f 4/4/4 1/1/1 5/5/5
f 6/6/6 3/3/3 4/4/4
f 7/7/7 4/4/4 5/5/5
f 7/7/7 5/5/5 8/8/8
f 9/9/9 6/6/6 4/4/4
f 9/9/9 4/4/4 7/7/7
f 10/10/10 6/6/6 9/9/9
f 11/11/11 7/7/7 8/8/8
f 11/11/11 8/8/8 12/12/12
f 13/13/13 9/9/9 7/7/7
f 13/13/13 7/7/7 11/11/11
f 14/14/14 10/10/10 9/9/9
f 14/14/14 9/9/9 13/13/13
f 15/15/15 10/10/10 14/14/14
f 16/16/16 11/11/11 12/12/12
f 16/16/16 12/12/12 17/17/17
f 18/18/18 13/13/13 11/11/11
f 18/18/18 11/11/11 16/16/16
f 19/19/19 14/14/14 13/13/13
f 19/19/19 13/13/13 18/18/18
f 20/20/20 15/15/15 14/14/14
f 20/20/20 14/14/14 19/19/19
f 21/21/21 15/15/15 20/20/20
f 22/22/22 16/16/16 17/17/17
f 22/22/22 17/17/17 23/23/23
f 24/24/24 18/18/18 16/16/16
f 24/24/24 16/16/16 22/22/22
f 25/25/25 19/19/19 18/18/18
f 25/25/25 18/18/18 24/24/24
f 26/26/26 20/20/20 19/19/19
f 26/26/26 19/19/19 25/25/25
f 27/27/27 21/21/21 20/20/20
f 27/27/27 20/20/20 26/26/26
f 28/28/28 21/21/21 27/27/27
f 29/29/29 22/22/22 23/23/23
f 29/29/29 23/23/23 30/30/30
f 31/31/31 24/24/24 22/22/22
f 31/31/31 22/22/22 29/29/29
f 32/32/32 25/25/25 24/24/24
f 32/32/32 24/24/24 31/31/31
f 33/33/33 26/26/26 25/25/25
f 33/33/33 25/25/25 32/32/32
f 34/34/34 27/27/27 26/26/26
f 34/34/34 26/26/26 33/33/33
f 35/35/35 28/28/28 27/27/27
f 35/35/35 27/27/27 34/34/34
f 36/36/36 28/28/28 35/35/35
f 37/37/37 29/29/29 30/30/30
f 37/37/37 30/30/30 38/38/38
f 39/39/39 31/31/31 29/29/29
f 39/39/39 29/29/29 37/37/37
f 40/40/40 32/32/32 31/31/31
f 40/40/40 31/31/31 39/39/39
f 41/41/41 33/33/33 32/32/32
f 41/41/41 32/32/32 40/40/40
f 42/42/42 34/34/34 33/33/33
f 42/42/42 33/33/33 41/41/41
f 43/43/43 35/35/35 34/34/34
f 43/43/43 34/34/34 42/42/42
f 44/44/44 36/36/36 35/35/35
f 44/44/44 35/35/35 43/43/43
f 45/45/45 36/36/36 44/44/44
f 46/46/46 45/45/45 44/44/44
f 47/47/47 45/45/45 46/46/46
f 48/48/48 44/44/44 43/43/43
f 46/46/46 44/44/44 48/48/48
f 49/49/49 43/43/43 42/42/42
f 48/48/48 43/43/43 49/49/49
f 50/50/50 42/42/42 41/41/41
f 49/49/49 42/42/42 50/50/50
f 51/51/51 41/41/41 40/40/40
f 50/50/50 41/41/41 51/51/51
f 52/52/52 47/47/47 46/46/46
f 53/53/53 47/47/47 52/52/52
f 54/54/54 46/46/46 48/48/48
f 52/52/52 46/46/46 54/54/54
f 55/55/55 48/48/48 49/49/49
f 54/54/54 48/48/48 55/55/55
f 56/56/56 49/49/49 50/50/50
f 55/55/55 49/49/49 56/56/56
f 57/57/57 53/53/53 52/52/52
f 58/58/58 53/53/53 57/57/57
f 59/59/59 52/52/52 54/54/54
f 57/57/57 52/52/52 59/59/59
f 60/60/60 54/54/54 55/55/55
f 59/59/59 54/54/54 60/60/60
f 61/61/61 58/58/58 57/57/57
f 62/62/62 58/58/58 61/61/61
f 63/63/63 57/57/57 59/59/59
f 61/61/61 57/57/57 63/63/63
f 64/64/64 62/62/62 61/61/61
f 65/65/65 62/62/62 64/64/64
f 56/56/56 50/50/50 66/66/66
f 66/66/66 50/50/50 51/51/51
f 67/67/67 55/55/55 56/56/56
f 60/60/60 55/55/55 67/67/67
f 68/68/68 59/59/59 60/60/60
f 63/63/63 59/59/59 68/68/68
f 69/69/69 61/61/61 63/63/63
f 64/64/64 61/61/61 69/69/69
f 70/70/70 65/65/65 64/64/64
f 71/71/71 65/65/65 70/70/70
f 72/72/72 56/56/56 66/66/66
f 67/67/67 56/56/56 72/72/72
f 73/73/73 60/60/60 67/67/67
f 68/68/68 60/60/60 73/73/73
f 74/74/74 63/63/63 68/68/68
f 69/69/69 63/63/63 74/74/74
f 75/75/75 64/64/64 69/69/69
f 70/70/70 64/64/64 75/75/75
f 76/76/76 71/71/71 70/70/70
f 77/77/77 71/71/71 76/76/76
f 78/78/78 67/67/67 72/72/72
f 73/73/73 67/67/67 78/78/78
f 79/79/79 68/68/68 73/73/73
f 74/74/74 68/68/68 79/79/79
f 80/80/80 69/69/69 74/74/74
f 75/75/75 69/69/69 80/80/80
f 81/81/81 70/70/70 75/75/75
f 76/76/76 70/70/70 81/81/81
f 82/82/82 77/77/77 76/76/76
f 77/77/77 82/82/82 83/83/83
f 82/82/82 76/76/76 84/84/84
f 84/84/84 76/76/76 81/81/81
f 81/81/81 75/75/75 85/85/85
f 85/85/85 75/75/75 80/80/80
f 80/80/80 74/74/74 86/86/86
f 86/86/86 74/74/74 79/79/79
f 79/79/79 73/73/73 87/87/87
f 87/87/87 73/73/73 78/78/78
f 88/88/88 82/82/82 84/84/84
f 82/82/82 88/88/88 89/89/89
f 84/84/84 81/81/81 90/90/90
f 90/90/90 81/81/81 85/85/85
f 85/85/85 80/80/80 91/91/91
f 91/91/91 80/80/80 86/86/86
f 86/86/86 79/79/79 92/92/92
f 92/92/92 79/79/79 87/87/87
f 88/88/88 84/84/84 93/93/93
f 93/93/93 84/84/84 90/90/90
f 90/90/90 85/85/85 94/94/94
f 94/94/94 85/85/85 91/91/91
f 91/91/91 86/86/86 95/95/95
f 95/95/95 86/86/86 92/92/92
f 96/96/96 88/88/88 93/93/93
f 88/88/88 96/96/96 97/97/97
f 93/93/93 90/90/90 98/98/98
f 98/98/98 90/90/90 94/94/94
f 94/94/94 91/91/91 99/99/99
f 99/99/99 91/91/91 95/95/95
f 96/96/96 93/93/93 100/100/100
f 100/100/100 93/93/93 98/98/98
f 98/98/98 94/94/94 101/101/101
f 101/101/101 94/94/94 99/99/99
f 102/102/102 96/96/96 100/100/100
f 96/96/96 102/102/102 103/103/103
f 100/100/100 98/98/98 104/104/104
f 104/104/104 98/98/98 101/101/101
f 102/102/102 100/100/100 105/105/105
f 105/105/105 100/100/100 104/104/104
f 106/106/106 102/102/102 105/105/105
f 102/102/102 106/106/106 107/107/107
f 99/99/99 95/95/95 108/108/108
f 101/101/101 99/99/99 109/109/109
f 109/109/109 99/99/99 108/108/108
f 104/104/104 101/101/101 110/110/110
f 110/110/110 101/101/101 109/109/109
f 105/105/105 104/104/104 111/111/111
f 111/111/111 104/104/104 110/110/110
f 106/106/106 105/105/105 112/112/112
f 112/112/112 105/105/105 111/111/111
f 108/108/108 95/95/95 113/113/113
f 95/95/95 92/92/92 113/113/113
f 114/114/114 106/106/106 112/112/112
f 106/106/106 114/114/114 115/115/115
f 113/113/113 92/92/92 116/116/116
f 92/92/92 87/87/87 116/116/116
f 116/116/116 87/87/87 117/117/117
f 87/87/87 78/78/78 117/117/117
f 117/117/117 78/78/78 118/118/118
f 78/78/78 72/72/72 118/118/118
f 118/118/118 72/72/72 119/119/119
f 72/72/72 66/66/66 119/119/119
f 119/119/119 66/66/66 120/120/120
f 66/66/66 51/51/51 120/120/120
f 120/120/120 51/51/51 121/121/121
f 51/51/51 40/40/40 121/121/121
f 121/121/121 40/40/40 39/39/39
f 121/121/121 39/39/39 122/122/122
f 122/122/122 39/39/39 37/37/37
f 120/120/120 121/121/121 123/123/123
f 123/123/123 121/121/121 122/122/122
f 119/119/119 120/120/120 124/124/124
f 124/124/124 120/120/120 123/123/123
f 118/118/118 119/119/119 125/125/125
f 125/125/125 119/119/119 124/124/124
f 117/117/117 118/118/118 126/126/126
f 126/126/126 118/118/118 125/125/125
f 122/122/122 37/37/37 127/127/127
f 127/127/127 37/37/37 38/38/38
f 127/127/127 38/38/38 128/128/128
f 123/123/123 122/122/122 129/129/129
f 129/129/129 122/122/122 127/127/127
f 130/130/130 127/127/127 128/128/128
f 129/129/129 127/127/127 130/130/130
f 130/130/130 128/128/128 131/131/131
f 124/124/124 123/123/123 132/132/132
f 132/132/132 123/123/123 129/129/129
f 125/125/125 124/124/124 133/133/133
f 133/133/133 124/124/124 132/132/132
f 134/134/134 130/130/130 131/131/131
f 134/134/134 131/131/131 135/135/135
f 136/136/136 129/129/129 130/130/130
f 132/132/132 129/129/129 136/136/136
f 136/136/136 130/130/130 134/134/134
f 137/137/137 134/134/134 135/135/135
f 137/137/137 135/135/135 138/138/138
f 139/139/139 132/132/132 136/136/136
f 133/133/133 132/132/132 139/139/139
f 140/140/140 136/136/136 134/134/134
f 140/140/140 134/134/134 137/137/137
f 139/139/139 136/136/136 140/140/140
f 141/141/141 125/125/125 133/133/133
f 126/126/126 125/125/125 141/141/141
f 142/142/142 137/137/137 138/138/138
f 142/142/142 138/138/138 143/143/143
f 144/144/144 140/140/140 137/137/137
f 144/144/144 137/137/137 142/142/142
f 145/145/145 139/139/139 140/140/140
f 145/145/145 140/140/140 144/144/144
f 146/146/146 133/133/133 139/139/139
f 141/141/141 133/133/133 146/146/146
f 146/146/146 139/139/139 145/145/145
f 147/147/147 142/142/142 143/143/143
f 147/147/147 143/143/143 148/148/148
f 149/149/149 144/144/144 142/142/142
f 149/149/149 142/142/142 147/147/147
f 150/150/150 145/145/145 144/144/144
f 150/150/150 144/144/144 149/149/149
f 151/151/151 146/146/146 145/145/145
f 151/151/151 145/145/145 150/150/150
f 152/152/152 141/141/141 146/146/146
f 152/152/152 146/146/146 151/151/151
f 153/153/153 147/147/147 148/148/148
f 153/153/153 148/148/148 154/154/154
f 155/155/155 149/149/149 147/147/147
f 155/155/155 147/147/147 153/153/153
f 156/156/156 150/150/150 149/149/149
f 156/156/156 149/149/149 155/155/155
f 157/157/157 151/151/151 150/150/150
f 157/157/157 150/150/150 156/156/156
f 158/158/158 153/153/153 154/154/154
f 158/158/158 154/154/154 159/159/159
f 160/160/160 155/155/155 153/153/153
f 160/160/160 153/153/153 158/158/158
f 161/161/161 156/156/156 155/155/155
f 161/161/161 155/155/155 160/160/160
f 162/162/162 158/158/158 159/159/159
f 162/162/162 159/159/159 163/163/163
f 164/164/164 160/160/160 158/158/158
f 164/164/164 158/158/158 162/162/162
f 165/165/165 162/162/162 163/163/163
f 165/165/165 163/163/163 166/166/166
f 167/167/167 151/151/151 157/157/157
f 167/167/167 152/152/152 151/151/151
f 168/168/168 157/157/157 156/156/156
f 168/168/168 156/156/156 161/161/161
f 169/169/169 161/161/161 160/160/160
f 169/169/169 160/160/160 164/164/164
f 170/170/170 164/164/164 162/162/162
f 170/170/170 162/162/162 165/165/165
f 171/171/171 165/165/165 166/166/166
f 171/171/171 166/166/166 172/172/172
f 173/173/173 167/167/167 157/157/157
f 173/173/173 157/157/157 168/168/168
f 174/174/174 168/168/168 161/161/161
f 174/174/174 161/161/161 169/169/169
f 175/175/175 169/169/169 164/164/164
f 175/175/175 164/164/164 170/170/170
f 176/176/176 170/170/170 165/165/165
f 176/176/176 165/165/165 171/171/171
f 177/177/177 171/171/171 172/172/172
f 177/177/177 172/172/172 178/178/178
f 179/179/179 173/173/173 168/168/168
f 179/179/179 168/168/168 174/174/174
f 180/180/180 174/174/174 169/169/169
f 180/180/180 169/169/169 175/175/175
f 181/181/181 175/175/175 170/170/170
f 181/181/181 170/170/170 176/176/176
f 182/182/182 176/176/176 171/171/171
f 182/182/182 171/171/171 177/177/177
f 183/183/183 177/177/177 178/178/178
f 183/183/183 178/178/178 184/184/184
f 185/185/185 179/179/179 174/174/174
f 185/185/185 174/174/174 180/180/180
f 186/186/186 180/180/180 175/175/175
f 186/186/186 175/175/175 181/181/181
f 187/187/187 181/181/181 176/176/176
f 187/187/187 176/176/176 182/182/182
f 188/188/188 182/182/182 177/177/177
f 188/188/188 177/177/177 183/183/183
f 189/189/189 183/183/183 184/184/184
f 189/189/189 184/184/184 190/190/190
f 191/191/191 185/185/185 180/180/180
f 191/191/191 180/180/180 186/186/186
f 192/192/192 186/186/186 181/181/181
f 192/192/192 181/181/181 187/187/187
f 193/193/193 187/187/187 182/182/182
f 193/193/193 182/182/182 188/188/188
f 194/194/194 188/188/188 183/183/183
f 194/194/194 183/183/183 189/189/189
f 195/195/195 189/189/189 190/190/190
f 195/195/195 190/190/190 196/196/196
f 197/197/197 191/191/191 186/186/186
f 197/197/197 186/186/186 192/192/192
f 198/198/198 192/192/192 187/187/187
f 198/198/198 187/187/187 193/193/193
f 199/199/199 193/193/193 188/188/188
f 199/199/199 188/188/188 194/194/194
f 200/200/200 194/194/194 189/189/189
f 200/200/200 189/189/189 195/195/195
f 201/201/201 195/195/195 196/196/196
f 201/201/201 196/196/196 202/202/202
f 203/203/203 197/197/197 192/192/192
f 203/203/203 192/192/192 198/198/198
f 204/204/204 198/198/198 193/193/193
f 204/204/204 193/193/193 199/199/199
f 205/205/205 199/199/199 194/194/194
f 205/205/205 194/194/194 200/200/200
f 206/206/206 200/200/200 195/195/195
f 206/206/206 195/195/195 201/201/201
f 207/207/207 201/201/201 202/202/202
f 207/207/207 202/202/202 208/208/208
f 209/209/209 203/203/203 198/198/198
f 209/209/209 198/198/198 204/204/204
f 210/210/210 204/204/204 199/199/199
f 210/210/210 199/199/199 205/205/205
f 211/211/211 205/205/205 200/200/200
f 211/211/211 200/200/200 206/206/206
f 212/212/212 206/206/206 201/201/201
f 212/212/212 201/201/201 207/207/207
f 213/213/213 207/207/207 208/208/208
f 213/213/213 208/208/208 214/214/214
f 215/215/215 209/209/209 204/204/204
f 215/215/215 204/204/204 210/210/210
f 216/216/216 210/210/210 205/205/205
f 216/216/216 205/205/205 211/211/211
f 217/217/217 211/211/211 206/206/206
f 217/217/217 206/206/206 212/212/212
f 218/218/218 212/212/212 207/207/207
f 218/218/218 207/207/207 213/213/213
f 219/219/219 213/213/213 214/214/214
f 219/219/219 214/214/214 220/220/220
f 221/221/221 215/215/215 210/210/210
f 221/221/221 210/210/210 216/216/216
f 222/222/222 216/216/216 211/211/211
f 222/222/222 211/211/211 217/217/217
f 223/223/223 217/217/217 212/212/212
f 223/223/223 212/212/212 218/218/218
f 224/224/224 218/218/218 213/213/213
f 224/224/224 213/213/213 219/219/219
f 225/225/225 219/219/219 220/220/220
f 225/225/225 220/220/220 226/226/226
f 227/227/227 221/221/221 216/216/216
f 227/227/227 216/216/216 222/222/222
f 228/228/228 222/222/222 217/217/217
f 228/228/228 217/217/217 223/223/223
f 229/229/229 223/223/223 218/218/218
f 229/229/229 218/218/218 224/224/224
f 230/230/230 224/224/224 219/219/219
f 230/230/230 219/219/219 225/225/225
f 231/231/231 225/225/225 226/226/226
f 231/231/231 226/226/226 232/232/232
f 233/233/233 227/227/227 222/222/222
f 233/233/233 222/222/222 228/228/228
f 234/234/234 228/228/228 223/223/223
f 234/234/234 223/223/223 229/229/229
f 235/235/235 229/229/229 224/224/224
f 235/235/235 224/224/224 230/230/230
f 236/236/236 230/230/230 225/225/225
f 236/236/236 225/225/225 231/231/231
f 237/237/237 231/231/231 232/232/232
f 237/237/237 232/232/232 238/238/238
f 239/239/239 233/233/233 228/228/228
f 239/239/239 228/228/228 234/234/234
f 240/240/240 234/234/234 229/229/229
f 240/240/240 229/229/229 235/235/235
f 241/241/241 235/235/235 230/230/230
f 241/241/241 230/230/230 236/236/236
f 242/242/242 236/236/236 231/231/231
f 242/242/242 231/231/231 237/237/237
f 243/243/243 237/237/237 238/238/238
f 243/243/243 238/238/238 244/244/244
f 245/245/245 239/239/239 234/234/234
f 245/245/245 234/234/234 240/240/240
f 246/246/246 240/240/240 235/235/235
f 246/246/246 235/235/235 241/241/241
f 247/247/247 241/241/241 236/236/236
f 247/247/247 236/236/236 242/242/242
f 248/248/248 242/242/242 237/237/237
f 248/248/248 237/237/237 243/243/243
f 249/249/249 243/243/243 244/244/244
f 249/249/249 244/244/244 250/250/250
f 251/251/251 245/245/245 240/240/240
f 251/251/251 240/240/240 246/246/246
f 252/252/252 246/246/246 241/241/241
f 252/252/252 241/241/241 247/247/247
f 253/253/253 247/247/247 242/242/242
f 253/253/253 242/242/242 248/248/248
f 254/254/254 248/248/248 243/243/243
f 254/254/254 243/243/243 249/249/249
f 255/255/255 249/249/249 250/250/250
f 255/255/255 250/250/250 256/256/256
f 257/257/257 251/251/251 246/246/246
f 257/257/257 246/246/246 252/252/252
f 258/258/258 252/252/252 247/247/247
f 258/258/258 247/247/247 253/253/253
f 259/259/259 253/253/253 248/248/248
f 259/259/259 248/248/248 254/254/254
f 260/260/260 254/254/254 249/249/249
f 260/260/260 249/249/249 255/255/255
f 261/261/261 255/255/255 256/256/256
f 261/261/261 256/256/256 262/262/262
f 263/263/263 257/257/257 252/252/252
f 263/263/263 252/252/252 258/258/258
f 264/264/264 258/258/258 253/253/253
f 264/264/264 253/253/253 259/259/259
f 265/265/265 259/259/259 254/254/254
f 265/265/265 254/254/254 260/260/260
f 266/266/266 260/260/260 255/255/255
f 266/266/266 255/255/255 261/261/261
f 267/267/267 261/261/261 262/262/262
f 267/267/267 262/262/262 268/268/268
f 269/269/269 263/263/263 258/258/258
f 269/269/269 258/258/258 264/264/264
f 270/270/270 264/264/264 259/259/259
f 270/270/270 259/259/259 265/265/265
f 271/271/271 265/265/265 260/260/260
f 271/271/271 260/260/260 266/266/266
f 272/272/272 266/266/266 261/261/261
f 272/272/272 261/261/261 267/267/267
f 273/273/273 267/267/267 268/268/268
f 273/273/273 268/268/268 274/274/274
f 275/275/275 269/269/269 264/264/264
f 275/275/275 264/264/264 270/270/270
f 276/276/276 270/270/270 265/265/265
f 276/276/276 265/265/265 271/271/271
f 277/277/277 271/271/271 266/266/266
f 277/277/277 266/266/266 272/272/272
f 278/278/278 272/272/272 267/267/267
f 278/278/278 267/267/267 273/273/273
f 279/279/279 273/273/273 274/274/274
f 279/279/279 274/274/274 280/280/280
f 281/281/281 275/275/275 270/270/270
f 281/281/281 270/270/270 276/276/276
f 282/282/282 276/276/276 271/271/271
f 282/282/282 271/271/271 277/277/277
f 283/283/283 277/277/277 272/272/272
f 283/283/283 272/272/272 278/278/278
f 284/284/284 278/278/278 273/273/273
f 284/284/284 273/273/273 279/279/279
f 285/285/285 279/279/279 280/280/280
f 285/285/285 280/280/280 286/286/286
f 287/287/287 281/281/281 276/276/276
f 287/287/287 276/276/276 282/282/282
f 288/288/288 282/282/282 277/277/277
f 288/288/288 277/277/277 283/283/283
f 289/289/289 283/283/283 278/278/278
f 289/289/289 278/278/278 284/284/284
f 290/290/290 284/284/284 279/279/279
f 290/290/290 279/279/279 285/285/285
f 291/291/291 285/285/285 286/286/286
f 291/291/291 286/286/286 292/292/292
f 293/293/293 287/287/287 282/282/282
f 293/293/293 282/282/282 288/288/288
f 294/294/294 288/288/288 283/283/283
f 294/294/294 283/283/283 289/289/289
f 295/295/295 289/289/289 284/284/284
f 295/295/295 284/284/284 290/290/290
f 296/296/296 290/290/290 285/285/285
f 296/296/296 285/285/285 291/291/291
f 297/297/297 291/291/291 292/292/292
f 297/297/297 292/292/292 298/298/298
f 299/299/299 293/293/293 288/288/288
f 299/299/299 288/288/288 294/294/294
f 300/300/300 294/294/294 289/289/289
f 300/300/300 289/289/289 295/295/295
f 301/301/301 295/295/295 290/290/290
f 301/301/301 290/290/290 296/296/296
f 302/302/302 296/296/296 291/291/291
f 302/302/302 291/291/291 297/297/297
f 303/303/303 297/297/297 298/298/298
f 303/303/303 298/298/298 304/304/304
f 305/305/305 299/299/299 294/294/294
f 305/305/305 294/294/294 300/300/300
f 306/306/306 300/300/300 295/295/295
f 306/306/306 295/295/295 301/301/301
f 307/307/307 301/301/301 296/296/296
f 307/307/307 296/296/296 302/302/302
f 308/308/308 302/302/302 297/297/297
f 308/308/308 297/297/297 303/303/303
f 309/309/309 303/303/303 304/304/304
f 309/309/309 304/304/304 310/310/310
f 311/311/311 305/305/305 300/300/300
f 311/311/311 300/300/300 306/306/306
f 312/312/312 306/306/306 301/301/301
f 312/312/312 301/301/301 307/307/307
f 313/313/313 307/307/307 302/302/302
f 313/313/313 302/302/302 308/308/308
f 314/314/314 308/308/308 303/303/303
f 314/314/314 303/303/303 309/309/309
f 315/315/315 309/309/309 310/310/310
f 315/315/315 310/310/310 316/316/316
f 317/317/317 311/311/311 306/306/306
f 317/317/317 306/306/306 312/312/312
f 318/318/318 312/312/312 307/307/307
f 318/318/318 307/307/307 313/313/313
f 319/319/319 313/313/313 308/308/308
f 319/319/319 308/308/308 314/314/314
f 320/320/320 314/314/314 309/309/309
f 320/320/320 309/309/309 315/315/315
f 321/321/321 315/315/315 316/316/316
f 321/321/321 316/316/316 322/322/322
f 323/323/323 317/317/317 312/312/312
f 323/323/323 312/312/312 318/318/318
f 324/324/324 318/318/318 313/313/313
f 324/324/324 313/313/313 319/319/319
f 325/325/325 319/319/319 314/314/314
f 325/325/325 314/314/314 320/320/320
f 326/326/326 320/320/320 315/315/315
f 326/326/326 315/315/315 321/321/321
f 327/327/327 321/321/321 322/322/322
f 327/327/327 322/322/322 328/328/328
f 329/329/329 323/323/323 318/318/318
f 329/329/329 318/318/318 324/324/324
f 330/330/330 324/324/324 319/319/319
f 330/330/330 319/319/319 325/325/325
f 331/331/331 325/325/325 320/320/320
f 331/331/331 320/320/320 326/326/326
f 332/332/332 326/326/326 321/321/321
f 332/332/332 321/321/321 327/327/327
f 333/333/333 327/327/327 328/328/328
f 333/333/333 328/328/328 334/334/334
f 335/335/335 329/329/329 324/324/324
f 335/335/335 324/324/324 330/330/330
f 336/336/336 330/330/330 325/325/325
f 336/336/336 325/325/325 331/331/331
f 337/337/337 331/331/331 326/326/326
f 337/337/337 326/326/326 332/332/332
f 338/338/338 332/332/332 327/327/327
f 338/338/338 327/327/327 333/333/333
f 339/339/339 333/333/333 334/334/334
f 339/339/339 334/334/334 340/340/340
f 341/341/341 335/335/335 330/330/330
f 341/341/341 330/330/330 336/336/336
f 342/342/342 336/336/336 331/331/331
f 342/342/342 331/331/331 337/337/337
f 343/343/343 337/337/337 332/332/332
f 343/343/343 332/332/332 338/338/338
f 344/344/344 338/338/338 333/333/333
f 344/344/344 333/333/333 339/339/339
f 345/345/345 339/339/339 340/340/340
f 345/345/345 340/340/340 346/346/346
f 347/347/347 341/341/341 336/336/336
f 347/347/347 336/336/336 342/342/342
f 348/348/348 342/342/342 337/337/337
f 348/348/348 337/337/337 343/343/343
f 349/349/349 343/343/343 338/338/338
f 349/349/349 338/338/338 344/344/344
f 350/350/350 344/344/344 339/339/339
f 350/350/350 339/339/339 345/345/345
f 351/351/351 345/345/345 346/346/346
f 351/351/351 346/346/346 352/352/352
f 353/353/353 347/347/347 342/342/342
f 353/353/353 342/342/342 348/348/348
f 354/354/354 348/348/348 343/343/343
f 354/354/354 343/343/343 349/349/349
f 355/355/355 349/349/349 344/344/344
f 355/355/355 344/344/344 350/350/350
f 356/356/356 350/350/350 345/345/345
f 356/356/356 345/345/345 351/351/351
f 357/357/357 351/351/351 352/352/352
f 357/357/357 352/352/352 358/358/358
f 359/359/359 353/353/353 348/348/348
f 359/359/359 348/348/348 354/354/354
f 360/360/360 354/354/354 349/349/349
f 360/360/360 349/349/349 355/355/355
f 361/361/361 355/355/355 350/350/350
f 361/361/361 350/350/350 356/356/356
f 362/362/362 356/356/356 351/351/351
f 362/362/362 351/351/351 357/357/357
f 363/363/363 357/357/357 358/358/358
f 363/363/363 358/358/358 364/364/364
f 365/365/365 359/359/359 354/354/354
f 365/365/365 354/354/354 360/360/360
f 366/366/366 360/360/360 355/355/355
f 366/366/366 355/355/355 361/361/361
f 367/367/367 361/361/361 356/356/356
f 367/367/367 356/356/356 362/362/362
f 368/368/368 362/362/362 357/357/357
f 368/368/368 357/357/357 363/363/363
f 369/369/369 363/363/363 364/364/364
f 369/369/369 364/364/364 370/370/370
f 371/371/371 365/365/365 360/360/360
f 371/371/371 360/360/360 366/366/366
f 372/372/372 366/366/366 361/361/361
f 372/372/372 361/361/361 367/367/367
f 373/373/373 367/367/367 362/362/362
f 373/373/373 362/362/362 368/368/368
f 374/374/374 368/368/368 363/363/363
f 374/374/374 363/363/363 369/369/369
f 375/375/375 369/369/369 370/370/370
f 375/375/375 370/370/370 376/376/376
f 377/377/377 371/371/371 366/366/366
f 377/377/377 366/366/366 372/372/372
f 378/378/378 372/372/372 367/367/367
f 378/378/378 367/367/367 373/373/373
f 379/379/379 373/373/373 368/368/368
f 379/379/379 368/368/368 374/374/374
f 380/380/380 374/374/374 369/369/369
f 380/380/380 369/369/369 375/375/375
f 381/381/381 375/375/375 376/376/376
f 381/381/381 376/376/376 382/382/382
f 383/383/383 377/377/377 372/372/372
f 383/383/383 372/372/372 378/378/378
f 384/384/384 378/378/378 373/373/373
f 384/384/384 373/373/373 379/379/379
f 385/385/385 379/379/379 374/374/374
f 385/385/385 374/374/374 380/380/380
f 386/386/386 380/380/380 375/375/375
f 386/386/386 375/375/375 381/381/381
f 387/387/387 381/381/381 382/382/382
f 387/387/387 382/382/382 388/388/388
f 389/389/389 383/383/383 378/378/378
f 389/389/389 378/378/378 384/384/384
f 390/390/390 384/384/384 379/379/379
f 390/390/390 379/379/379 385/385/385
f 391/391/391 385/385/385 380/380/380
f 391/391/391 380/380/380 386/386/386
f 392/392/392 386/386/386 381/381/381
f 392/392/392 381/381/381 387/387/387
f 393/393/393 387/387/387 388/388/388
f 393/393/393 388/388/388 394/394/394
f 395/395/395 389/389/389 384/384/384
f 395/395/395 384/384/384 390/390/390
f 396/396/396 390/390/390 385/385/385
f 396/396/396 385/385/385 391/391/391
f 397/397/397 391/391/391 386/386/386
f 397/397/397 386/386/386 392/392/392
f 398/398/398 392/392/392 387/387/387
f 398/398/398 387/387/387 393/393/393
f 399/399/399 393/393/393 394/394/394
f 399/399/399 394/394/394 400/400/400
f 401/401/401 395/395/395 390/390/390
f 401/401/401 390/390/390 396/396/396
f 402/402/402 396/396/396 391/391/391
f 402/402/402 391/391/391 397/397/397
f 403/403/403 397/397/397 392/392/392
f 403/403/403 392/392/392 398/398/398
f 404/404/404 398/398/398 393/393/393
f 404/404/404 393/393/393 399/399/399
f 405/405/405 399/399/399 400/400/400
f 405/405/405 400/400/400 406/406/406
f 407/407/407 401/401/401 396/396/396
f 407/407/407 396/396/396 402/402/402
f 408/408/408 402/402/402 397/397/397
f 408/408/408 397/397/397 403/403/403
f 409/409/409 403/403/403 398/398/398
f 409/409/409 398/398/398 404/404/404
f 410/410/410 404/404/404 399/399/399
f 410/410/410 399/399/399 405/405/405
f 411/411/411 405/405/405 406/406/406
f 411/411/411 406/406/406 412/412/412
f 413/413/413 407/407/407 402/402/402
f 413/413/413 402/402/402 408/408/408
f 414/414/414 408/408/408 403/403/403
f 414/414/414 403/403/403 409/409/409
f 415/415/415 409/409/409 404/404/404
f 415/415/415 404/404/404 410/410/410
f 416/416/416 410/410/410 405/405/405
f 416/416/416 405/405/405 411/411/411
f 417/417/417 411/411/411 412/412/412
f 417/417/417 412/412/412 418/418/418
f 419/419/419 413/413/413 408/408/408
f 419/419/419 408/408/408 414/414/414
f 420/420/420 414/414/414 409/409/409
f 420/420/420 409/409/409 415/415/415
f 421/421/421 415/415/415 410/410/410
f 421/421/421 410/410/410 416/416/416
f 422/422/422 416/416/416 411/411/411
f 422/422/422 411/411/411 417/417/417
f 423/423/423 417/417/417 418/418/418
f 423/423/423 418/418/418 424/424/424
f 425/425/425 419/419/419 414/414/414
f 425/425/425 414/414/414 420/420/420
f 426/426/426 420/420/420 415/415/415
f 426/426/426 415/415/415 421/421/421
f 427/427/427 421/421/421 416/416/416
f 427/427/427 416/416/416 422/422/422
f 428/428/428 422/422/422 417/417/417
f 428/428/428 417/417/417 423/423/423
f 429/429/429 423/423/423 424/424/424
f 429/429/429 424/424/424 430/430/430
f 431/431/431 425/425/425 420/420/420
f 431/431/431 420/420/420 426/426/426
f 432/432/432 426/426/426 421/421/421
f 432/432/432 421/421/421 427/427/427
f 433/433/433 427/427/427 422/422/422
f 433/433/433 422/422/422 428/428/428
f 434/434/434 428/428/428 423/423/423
f 434/434/434 423/423/423 429/429/429
f 435/435/435 429/429/429 430/430/430
f 435/435/435 430/430/430 436/436/436
f 437/437/437 431/431/431 426/426/426
f 437/437/437 426/426/426 432/432/432
f 438/438/438 432/432/432 427/427/427
f 438/438/438 427/427/427 433/433/433
f 439/439/439 433/433/433 428/428/428
f 439/439/439 428/428/428 434/434/434
f 440/440/440 434/434/434 429/429/429
f 440/440/440 429/429/429 435/435/435
f 441/441/441 435/435/435 436/436/436
f 441/441/441 436/436/436 442/442/442
f 443/443/443 441/441/441 442/442/442
f 444/444/444 435/435/435 441/441/441
f 444/444/444 440/440/440 435/435/435
f 445/445/445 441/441/441 443/443/443
f 445/445/445 444/444/444 441/441/441
f 446/446/446 445/445/445 443/443/443
f 447/447/447 434/434/434 440/440/440
f 447/447/447 439/439/439 434/434/434
f 448/448/448 433/433/433 439/439/439
f 448/448/448 438/438/438 433/433/433
f 449/449/449 440/440/440 444/444/444
f 449/449/449 447/447/447 440/440/440
f 450/450/450 445/445/445 446/446/446
f 451/451/451 450/450/450 446/446/446
f 452/452/452 444/444/444 445/445/445
f 452/452/452 449/449/449 444/444/444
f 450/450/450 452/452/452 445/445/445
f 453/453/453 439/439/439 447/447/447
f 453/453/453 448/448/448 439/439/439
f 454/454/454 450/450/450 451/451/451
f 455/455/455 454/454/454 451/451/451
f 456/456/456 447/447/447 449/449/449
f 456/456/456 453/453/453 447/447/447
f 457/457/457 452/452/452 450/450/450
f 454/454/454 457/457/457 450/450/450
f 458/458/458 449/449/449 452/452/452
f 458/458/458 456/456/456 449/449/449
f 457/457/457 458/458/458 452/452/452
f 459/459/459 454/454/454 455/455/455
f 460/460/460 459/459/459 455/455/455
f 461/461/461 457/457/457 454/454/454
f 459/459/459 461/461/461 454/454/454
f 462/462/462 458/458/458 457/457/457
f 461/461/461 462/462/462 457/457/457
f 463/463/463 456/456/456 458/458/458
f 462/462/462 463/463/463 458/458/458
f 464/464/464 453/453/453 456/456/456
f 463/463/463 464/464/464 456/456/456
f 465/465/465 459/459/459 460/460/460
f 466/466/466 465/465/465 460/460/460
f 467/467/467 461/461/461 459/459/459
f 465/465/465 467/467/467 459/459/459
f 468/468/468 462/462/462 461/461/461
f 467/467/467 468/468/468 461/461/461
f 469/469/469 463/463/463 462/462/462
f 468/468/468 469/469/469 462/462/462
f 470/470/470 465/465/465 466/466/466
f 471/471/471 470/470/470 466/466/466
f 472/472/472 467/467/467 465/465/465
f 470/470/470 472/472/472 465/465/465
f 473/473/473 468/468/468 467/467/467
f 472/472/472 473/473/473 467/467/467
f 474/474/474 470/470/470 471/471/471
f 475/475/475 474/474/474 471/471/471
f 476/476/476 472/472/472 470/470/470
f 474/474/474 476/476/476 470/470/470
f 477/477/477 474/474/474 475/475/475
f 478/478/478 477/477/477 475/475/475
f 469/469/469 479/479/479 463/463/463
f 479/479/479 464/464/464 463/463/463
f 480/480/480 469/469/469 468/468/468
f 473/473/473 480/480/480 468/468/468
f 481/481/481 473/473/473 472/472/472
f 476/476/476 481/481/481 472/472/472
f 482/482/482 476/476/476 474/474/474
f 477/477/477 482/482/482 474/474/474
f 483/483/483 477/477/477 478/478/478
f 484/484/484 483/483/483 478/478/478
f 485/485/485 479/479/479 469/469/469
f 480/480/480 485/485/485 469/469/469
f 486/486/486 480/480/480 473/473/473
f 481/481/481 486/486/486 473/473/473
f 487/487/487 481/481/481 476/476/476
f 482/482/482 487/487/487 476/476/476
f 488/488/488 482/482/482 477/477/477
f 483/483/483 488/488/488 477/477/477
f 489/489/489 483/483/483 484/484/484
f 490/490/490 489/489/489 484/484/484
f 491/491/491 485/485/485 480/480/480
f 486/486/486 491/491/491 480/480/480
f 492/492/492 486/486/486 481/481/481
f 487/487/487 492/492/492 481/481/481
f 493/493/493 487/487/487 482/482/482
f 488/488/488 493/493/493 482/482/482
f 494/494/494 488/488/488 483/483/483
f 489/489/489 494/494/494 483/483/483
f 495/495/495 489/489/489 490/490/490
f 496/496/496 495/495/495 490/490/490
f 497/497/497 491/491/491 486/486/486
f 492/492/492 497/497/497 486/486/486
f 498/498/498 492/492/492 487/487/487
f 493/493/493 498/498/498 487/487/487
f 499/499/499 493/493/493 488/488/488
f 494/494/494 499/499/499 488/488/488
f 500/500/500 494/494/494 489/489/489
f 495/495/495 500/500/500 489/489/489
f 501/501/501 495/495/495 496/496/496
f 502/502/502 501/501/501 496/496/496
f 503/503/503 497/497/497 492/492/492
f 498/498/498 503/503/503 492/492/492
f 504/504/504 498/498/498 493/493/493
f 499/499/499 504/504/504 493/493/493
f 505/505/505 499/499/499 494/494/494
f 500/500/500 505/505/505 494/494/494
f 506/506/506 500/500/500 495/495/495
f 501/501/501 506/506/506 495/495/495
f 507/507/507 501/501/501 502/502/502
f 508/508/508 507/507/507 502/502/502
f 509/509/509 503/503/503 498/498/498
f 504/504/504 509/509/509 498/498/498
f 510/510/510 504/504/504 499/499/499
f 505/505/505 510/510/510 499/499/499
f 511/511/511 505/505/505 500/500/500
f 506/506/506 511/511/511 500/500/500
f 512/512/512 506/506/506 501/501/501
f 507/507/507 512/512/512 501/501/501
f 513/513/513 507/507/507 508/508/508
f 514/514/514 513/513/513 508/508/508
f 513/513/513 514/514/514 515/515/515
f 513/513/513 516/516/516 507/507/507
f 516/516/516 512/512/512 507/507/507
f 516/516/516 513/513/513 517/517/517
f 512/512/512 518/518/518 506/506/506
f 518/518/518 511/511/511 506/506/506
f 516/516/516 519/519/519 512/512/512
f 519/519/519 518/518/518 512/512/512
f 519/519/519 516/516/516 520/520/520
f 511/511/511 521/521/521 505/505/505
f 521/521/521 510/510/510 505/505/505
f 518/518/518 522/522/522 511/511/511
f 522/522/522 521/521/521 511/511/511
f 519/519/519 523/523/523 518/518/518
f 523/523/523 522/522/522 518/518/518
f 523/523/523 519/519/519 524/524/524
f 523/523/523 525/525/525 522/522/522
f 525/525/525 523/523/523 526/526/526
f 522/522/522 527/527/527 521/521/521
f 525/525/525 527/527/527 522/522/522
f 521/521/521 528/528/528 510/510/510
f 527/527/527 528/528/528 521/521/521
f 525/525/525 529/529/529 527/527/527
f 529/529/529 525/525/525 530/530/530
f 529/529/529 531/531/531 527/527/527
f 527/527/527 531/531/531 528/528/528
f 528/528/528 532/532/532 510/510/510
f 510/510/510 532/532/532 504/504/504
f 532/532/532 509/509/509 504/504/504
f 528/528/528 533/533/533 532/532/532
f 531/531/531 533/533/533 528/528/528
f 529/529/529 534/534/534 531/531/531
f 534/534/534 529/529/529 535/535/535
f 532/532/532 536/536/536 509/509/509
f 533/533/533 536/536/536 532/532/532
f 531/531/531 537/537/537 533/533/533
f 534/534/534 537/537/537 531/531/531
f 536/536/536 538/538/538 509/509/509
f 509/509/509 538/538/538 503/503/503
f 533/533/533 539/539/539 536/536/536
f 537/537/537 539/539/539 533/533/533
f 534/534/534 540/540/540 537/537/537
f 540/540/540 534/534/534 541/541/541
f 540/540/540 542/542/542 537/537/537
f 537/537/537 542/542/542 539/539/539
f 539/539/539 543/543/543 536/536/536
f 536/536/536 543/543/543 538/538/538
f 538/538/538 544/544/544 503/503/503
f 503/503/503 544/544/544 497/497/497
f 540/540/540 545/545/545 542/542/542
f 545/545/545 540/540/540 546/546/546
f 542/542/542 547/547/547 539/539/539
f 539/539/539 547/547/547 543/543/543
f 543/543/543 548/548/548 538/538/538
f 538/538/538 548/548/548 544/544/544
f 544/544/544 549/549/549 497/497/497
f 497/497/497 549/549/549 491/491/491
f 545/545/545 550/550/550 542/542/542
f 542/542/542 550/550/550 547/547/547
f 547/547/547 551/551/551 543/543/543
f 543/543/543 551/551/551 548/548/548
f 548/548/548 552/552/552 544/544/544
f 544/544/544 552/552/552 549/549/549
f 549/549/549 553/553/553 491/491/491
f 491/491/491 553/553/553 485/485/485
f 545/545/545 554/554/554 550/550/550
f 554/554/554 545/545/545 555/555/555
f 550/550/550 556/556/556 547/547/547
f 547/547/547 556/556/556 551/551/551
f 551/551/551 557/557/557 548/548/548
f 548/548/548 557/557/557 552/552/552
f 552/552/552 558/558/558 549/549/549
f 549/549/549 558/558/558 553/553/553
f 553/553/553 559/559/559 485/485/485
f 485/485/485 559/559/559 479/479/479
f 554/554/554 560/560/560 550/550/550
f 550/550/550 560/560/560 556/556/556
f 556/556/556 561/561/561 551/551/551
f 551/551/551 561/561/561 557/557/557
f 557/557/557 562/562/562 552/552/552
f 552/552/552 562/562/562 558/558/558
f 558/558/558 563/563/563 553/553/553
f 553/553/553 563/563/563 559/559/559
f 559/559/559 564/564/564 479/479/479
f 479/479/479 564/564/564 464/464/464
f 554/554/554 565/565/565 560/560/560
f 565/565/565 554/554/554 566/566/566
f 561/561/561 567/567/567 557/557/557
f 557/557/557 567/567/567 562/562/562
f 562/562/562 568/568/568 558/558/558
f 558/558/558 568/568/568 563/563/563
f 563/563/563 569/569/569 559/559/559
f 559/559/559 569/569/569 564/564/564
f 564/564/564 570/570/570 464/464/464
f 464/464/464 570/570/570 453/453/453
f 570/570/570 448/448/448 453/453/453
f 564/564/564 571/571/571 570/570/570
f 569/569/569 571/571/571 564/564/564
f 570/570/570 572/572/572 448/448/448
f 571/571/571 572/572/572 570/570/570
f 572/572/572 438/438/438 448/448/448
f 563/563/563 573/573/573 569/569/569
f 568/568/568 573/573/573 563/563/563
f 562/562/562 574/574/574 568/568/568
f 567/567/567 574/574/574 562/562/562
f 569/569/569 575/575/575 571/571/571
f 573/573/573 575/575/575 569/569/569
f 572/572/572 576/576/576 438/438/438
f 576/576/576 432/432/432 438/438/438
f 576/576/576 437/437/437 432/432/432
f 571/571/571 577/577/577 572/572/572
f 577/577/577 576/576/576 572/572/572
f 575/575/575 577/577/577 571/571/571
f 568/568/568 578/578/578 573/573/573
f 574/574/574 578/578/578 568/568/568
f 579/579/579 437/437/437 576/576/576
f 577/577/577 579/579/579 576/576/576
f 575/575/575 580/580/580 577/577/577
f 580/580/580 579/579/579 577/577/577
f 573/573/573 581/581/581 575/575/575
f 578/578/578 581/581/581 573/573/573
f 581/581/581 580/580/580 575/575/575
f 579/579/579 582/582/582 437/437/437
f 582/582/582 431/431/431 437/437/437
f 580/580/580 583/583/583 579/579/579
f 583/583/583 582/582/582 579/579/579
f 581/581/581 584/584/584 580/580/580
f 584/584/584 583/583/583 580/580/580
f 578/578/578 585/585/585 581/581/581
f 585/585/585 584/584/584 581/581/581
f 574/574/574 586/586/586 578/578/578
f 586/586/586 585/585/585 578/578/578
f 582/582/582 587/587/587 431/431/431
f 587/587/587 425/425/425 431/431/431
f 583/583/583 588/588/588 582/582/582
f 588/588/588 587/587/587 582/582/582
f 584/584/584 589/589/589 583/583/583
f 589/589/589 588/588/588 583/583/583
f 585/585/585 590/590/590 584/584/584
f 590/590/590 589/589/589 584/584/584
f 587/587/587 591/591/591 425/425/425
f 591/591/591 419/419/419 425/425/425
f 588/588/588 592/592/592 587/587/587
f 592/592/592 591/591/591 587/587/587
f 589/589/589 593/593/593 588/588/588
f 593/593/593 592/592/592 588/588/588
f 591/591/591 594/594/594 419/419/419
f 594/594/594 413/413/413 419/419/419
f 592/592/592 595/595/595 591/591/591
f 595/595/595 594/594/594 591/591/591
f 594/594/594 596/596/596 413/413/413
f 596/596/596 407/407/407 413/413/413
f 597/597/597 590/590/590 585/585/585
f 586/586/586 597/597/597 585/585/585
f 590/590/590 598/598/598 589/589/589
f 598/598/598 593/593/593 589/589/589
f 593/593/593 599/599/599 592/592/592
f 599/599/599 595/595/595 592/592/592
f 595/595/595 600/600/600 594/594/594
f 600/600/600 596/596/596 594/594/594
f 596/596/596 601/601/601 407/407/407
f 601/601/601 401/401/401 407/407/407
f 597/597/597 602/602/602 590/590/590
f 602/602/602 598/598/598 590/590/590
f 598/598/598 603/603/603 593/593/593
f 603/603/603 599/599/599 593/593/593
f 599/599/599 604/604/604 595/595/595
f 604/604/604 600/600/600 595/595/595
f 600/600/600 605/605/605 596/596/596
f 605/605/605 601/601/601 596/596/596
f 601/601/601 606/606/606 401/401/401
f 606/606/606 395/395/395 401/401/401
f 602/602/602 607/607/607 598/598/598
f 607/607/607 603/603/603 598/598/598
f 603/603/603 608/608/608 599/599/599
f 608/608/608 604/604/604 599/599/599
f 604/604/604 609/609/609 600/600/600
f 609/609/609 605/605/605 600/600/600
f 605/605/605 610/610/610 601/601/601
f 610/610/610 606/606/606 601/601/601
f 606/606/606 611/611/611 395/395/395
f 611/611/611 389/389/389 395/395/395
f 607/607/607 612/612/612 603/603/603
f 612/612/612 608/608/608 603/603/603
f 608/608/608 613/613/613 604/604/604
f 613/613/613 609/609/609 604/604/604
f 609/609/609 614/614/614 605/605/605
f 614/614/614 610/610/610 605/605/605
f 610/610/610 615/615/615 606/606/606
f 615/615/615 611/611/611 606/606/606
f 611/611/611 616/616/616 389/389/389
f 616/616/616 383/383/383 389/389/389
f 612/612/612 617/617/617 608/608/608
f 617/617/617 613/613/613 608/608/608
f 613/613/613 618/618/618 609/609/609
f 618/618/618 614/614/614 609/609/609
f 614/614/614 619/619/619 610/610/610
f 619/619/619 615/615/615 610/610/610
f 615/615/615 620/620/620 611/611/611
f 620/620/620 616/616/616 611/611/611
f 616/616/616 621/621/621 383/383/383
f 621/621/621 377/377/377 383/383/383
f 617/617/617 622/622/622 613/613/613
f 622/622/622 618/618/618 613/613/613
f 618/618/618 623/623/623 614/614/614
f 623/623/623 619/619/619 614/614/614
f 619/619/619 624/624/624 615/615/615
f 624/624/624 620/620/620 615/615/615
f 620/620/620 625/625/625 616/616/616
f 625/625/625 621/621/621 616/616/616
f 621/621/621 626/626/626 377/377/377
f 626/626/626 371/371/371 377/377/377
f 622/622/622 627/627/627 618/618/618
f 627/627/627 623/623/623 618/618/618
f 623/623/623 628/628/628 619/619/619
f 628/628/628 624/624/624 619/619/619
f 624/624/624 629/629/629 620/620/620
f 629/629/629 625/625/625 620/620/620
f 625/625/625 630/630/630 621/621/621
f 630/630/630 626/626/626 621/621/621
f 626/626/626 631/631/631 371/371/371
f 631/631/631 365/365/365 371/371/371
f 627/627/627 632/632/632 623/623/623
f 632/632/632 628/628/628 623/623/623
f 628/628/628 633/633/633 624/624/624
f 633/633/633 629/629/629 624/624/624
f 629/629/629 634/634/634 625/625/625
f 634/634/634 630/630/630 625/625/625
f 630/630/630 635/635/635 626/626/626
f 635/635/635 631/631/631 626/626/626
f 631/631/631 636/636/636 365/365/365
f 636/636/636 359/359/359 365/365/365
f 632/632/632 637/637/637 628/628/628
f 637/637/637 633/633/633 628/628/628
f 633/633/633 638/638/638 629/629/629
f 638/638/638 634/634/634 629/629/629
f 634/634/634 639/639/639 630/630/630
f 639/639/639 635/635/635 630/630/630
f 635/635/635 640/640/640 631/631/631
f 640/640/640 636/636/636 631/631/631
f 636/636/636 641/641/641 359/359/359
f 641/641/641 353/353/353 359/359/359
f 637/637/637 642/642/642 633/633/633
f 642/642/642 638/638/638 633/633/633
f 638/638/638 643/643/643 634/634/634
f 643/643/643 639/639/639 634/634/634
f 639/639/639 644/644/644 635/635/635
f 644/644/644 640/640/640 635/635/635
f 640/640/640 645/645/645 636/636/636
f 645/645/645 641/641/641 636/636/636
f 641/641/641 646/646/646 353/353/353
f 646/646/646 347/347/347 353/353/353
f 642/642/642 647/647/647 638/638/638
f 647/647/647 643/643/643 638/638/638
f 643/643/643 648/648/648 639/639/639
f 648/648/648 644/644/644 639/639/639
f 644/644/644 649/649/649 640/640/640
f 649/649/649 645/645/645 640/640/640
f 645/645/645 650/650/650 641/641/641
f 650/650/650 646/646/646 641/641/641
f 646/646/646 651/651/651 347/347/347
f 651/651/651 341/341/341 347/347/347
f 647/647/647 652/652/652 643/643/643
f 652/652/652 648/648/648 643/643/643
f 648/648/648 653/653/653 644/644/644
f 653/653/653 649/649/649 644/644/644
f 649/649/649 654/654/654 645/645/645
f 654/654/654 650/650/650 645/645/645
f 650/650/650 655/655/655 646/646/646
f 655/655/655 651/651/651 646/646/646
f 651/651/651 656/656/656 341/341/341
f 656/656/656 335/335/335 341/341/341
f 652/652/652 657/657/657 648/648/648
f 657/657/657 653/653/653 648/648/648
f 653/653/653 658/658/658 649/649/649
f 658/658/658 654/654/654 649/649/649
f 654/654/654 659/659/659 650/650/650
f 659/659/659 655/655/655 650/650/650
f 655/655/655 660/660/660 651/651/651
f 660/660/660 656/656/656 651/651/651
f 656/656/656 661/661/661 335/335/335
f 661/661/661 329/329/329 335/335/335
f 657/657/657 662/662/662 653/653/653
f 662/662/662 658/658/658 653/653/653
f 658/658/658 663/663/663 654/654/654
f 663/663/663 659/659/659 654/654/654
f 659/659/659 664/664/664 655/655/655
f 664/664/664 660/660/660 655/655/655
f 660/660/660 665/665/665 656/656/656
f 665/665/665 661/661/661 656/656/656
f 661/661/661 666/666/666 329/329/329
f 666/666/666 323/323/323 329/329/329
f 662/662/662 667/667/667 658/658/658
f 667/667/667 663/663/663 658/658/658
f 663/663/663 668/668/668 659/659/659
f 668/668/668 664/664/664 659/659/659
f 664/664/664 669/669/669 660/660/660
f 669/669/669 665/665/665 660/660/660
f 665/665/665 670/670/670 661/661/661
f 670/670/670 666/666/666 661/661/661
f 666/666/666 671/671/671 323/323/323
f 671/671/671 317/317/317 323/323/323
f 667/667/667 672/672/672 663/663/663
f 672/672/672 668/668/668 663/663/663
f 668/668/668 673/673/673 664/664/664
f 673/673/673 669/669/669 664/664/664
f 669/669/669 674/674/674 665/665/665
f 674/674/674 670/670/670 665/665/665
f 670/670/670 675/675/675 666/666/666
f 675/675/675 671/671/671 666/666/666
f 671/671/671 676/676/676 317/317/317
f 676/676/676 311/311/311 317/317/317
f 672/672/672 677/677/677 668/668/668
f 677/677/677 673/673/673 668/668/668
f 673/673/673 678/678/678 669/669/669
f 678/678/678 674/674/674 669/669/669
f 674/674/674 679/679/679 670/670/670
f 679/679/679 675/675/675 670/670/670
f 675/675/675 680/680/680 671/671/671
f 680/680/680 676/676/676 671/671/671
f 676/676/676 681/681/681 311/311/311
f 681/681/681 305/305/305 311/311/311
f 677/677/677 682/682/682 673/673/673
f 682/682/682 678/678/678 673/673/673
f 678/678/678 683/683/683 674/674/674
f 683/683/683 679/679/679 674/674/674
f 679/679/679 684/684/684 675/675/675
f 684/684/684 680/680/680 675/675/675
f 680/680/680 685/685/685 676/676/676
f 685/685/685 681/681/681 676/676/676
f 681/681/681 686/686/686 305/305/305
f 686/686/686 299/299/299 305/305/305
f 682/682/682 687/687/687 678/678/678
f 687/687/687 683/683/683 678/678/678
f 683/683/683 688/688/688 679/679/679
f 688/688/688 684/684/684 679/679/679
f 684/684/684 689/689/689 680/680/680
f 689/689/689 685/685/685 680/680/680
f 685/685/685 690/690/690 681/681/681
f 690/690/690 686/686/686 681/681/681
f 686/686/686 691/691/691 299/299/299
f 691/691/691 293/293/293 299/299/299
f 687/687/687 692/692/692 683/683/683
f 692/692/692 688/688/688 683/683/683
f 688/688/688 693/693/693 684/684/684
f 693/693/693 689/689/689 684/684/684
f 689/689/689 694/694/694 685/685/685
f 694/694/694 690/690/690 685/685/685
f 690/690/690 695/695/695 686/686/686
f 695/695/695 691/691/691 686/686/686
f 691/691/691 696/696/696 293/293/293
f 696/696/696 287/287/287 293/293/293
f 692/692/692 697/697/697 688/688/688
f 697/697/697 693/693/693 688/688/688
f 693/693/693 698/698/698 689/689/689
f 698/698/698 694/694/694 689/689/689
f 694/694/694 699/699/699 690/690/690
f 699/699/699 695/695/695 690/690/690
f 695/695/695 700/700/700 691/691/691
f 700/700/700 696/696/696 691/691/691
f 696/696/696 701/701/701 287/287/287
f 701/701/701 281/281/281 287/287/287
f 697/697/697 702/702/702 693/693/693
f 702/702/702 698/698/698 693/693/693
f 698/698/698 703/703/703 694/694/694
f 703/703/703 699/699/699 694/694/694
f 699/699/699 704/704/704 695/695/695
f 704/704/704 700/700/700 695/695/695
f 700/700/700 705/705/705 696/696/696
f 705/705/705 701/701/701 696/696/696
f 701/701/701 706/706/706 281/281/281
f 706/706/706 275/275/275 281/281/281
f 702/702/702 707/707/707 698/698/698
f 707/707/707 703/703/703 698/698/698
f 703/703/703 708/708/708 699/699/699
f 708/708/708 704/704/704 699/699/699
f 704/704/704 709/709/709 700/700/700
f 709/709/709 705/705/705 700/700/700
f 705/705/705 710/710/710 701/701/701
f 710/710/710 706/706/706 701/701/701
f 706/706/706 711/711/711 275/275/275
f 711/711/711 269/269/269 275/275/275
f 707/707/707 712/712/712 703/703/703
f 712/712/712 708/708/708 703/703/703
f 708/708/708 713/713/713 704/704/704
f 713/713/713 709/709/709 704/704/704
f 709/709/709 714/714/714 705/705/705
f 714/714/714 710/710/710 705/705/705
f 710/710/710 715/715/715 706/706/706
f 715/715/715 711/711/711 706/706/706
f 711/711/711 716/716/716 269/269/269
f 716/716/716 263/263/263 269/269/269
f 712/712/712 717/717/717 708/708/708
f 717/717/717 713/713/713 708/708/708
f 713/713/713 718/718/718 709/709/709
f 718/718/718 714/714/714 709/709/709
f 714/714/714 719/719/719 710/710/710
f 719/719/719 715/715/715 710/710/710
f 715/715/715 720/720/720 711/711/711
f 720/720/720 716/716/716 711/711/711
f 716/716/716 721/721/721 263/263/263
f 721/721/721 257/257/257 263/263/263
f 717/717/717 722/722/722 713/713/713
f 722/722/722 718/718/718 713/713/713
f 718/718/718 723/723/723 714/714/714
f 723/723/723 719/719/719 714/714/714
f 719/719/719 724/724/724 715/715/715
f 724/724/724 720/720/720 715/715/715
f 720/720/720 725/725/725 716/716/716
f 725/725/725 721/721/721 716/716/716
f 721/721/721 726/726/726 257/257/257
f 726/726/726 251/251/251 257/257/257
f 722/722/722 727/727/727 718/718/718
f 727/727/727 723/723/723 718/718/718
f 723/723/723 728/728/728 719/719/719
f 728/728/728 724/724/724 719/719/719
f 724/724/724 729/729/729 720/720/720
f 729/729/729 725/725/725 720/720/720
f 725/725/725 730/730/730 721/721/721
f 730/730/730 726/726/726 721/721/721
f 726/726/726 731/731/731 251/251/251
f 731/731/731 245/245/245 251/251/251
f 727/727/727 732/732/732 723/723/723
f 732/732/732 728/728/728 723/723/723
f 728/728/728 733/733/733 724/724/724
f 733/733/733 729/729/729 724/724/724
f 729/729/729 734/734/734 725/725/725
f 734/734/734 730/730/730 725/725/725
f 730/730/730 735/735/735 726/726/726
f 735/735/735 731/731/731 726/726/726
f 731/731/731 736/736/736 245/245/245
f 736/736/736 239/239/239 245/245/245
f 732/732/732 737/737/737 728/728/728
f 737/737/737 733/733/733 728/728/728
f 733/733/733 738/738/738 729/729/729
f 738/738/738 734/734/734 729/729/729
f 734/734/734 739/739/739 730/730/730
f 739/739/739 735/735/735 730/730/730
f 735/735/735 740/740/740 731/731/731
f 740/740/740 736/736/736 731/731/731
f 736/736/736 741/741/741 239/239/239
f 741/741/741 233/233/233 239/239/239
f 737/737/737 742/742/742 733/733/733
f 742/742/742 738/738/738 733/733/733
f 738/738/738 743/743/743 734/734/734
f 743/743/743 739/739/739 734/734/734
f 739/739/739 744/744/744 735/735/735
f 744/744/744 740/740/740 735/735/735
f 740/740/740 745/745/745 736/736/736
f 745/745/745 741/741/741 736/736/736
f 741/741/741 746/746/746 233/233/233
f 746/746/746 227/227/227 233/233/233
f 742/742/742 747/747/747 738/738/738
f 747/747/747 743/743/743 738/738/738
f 743/743/743 748/748/748 739/739/739
f 748/748/748 744/744/744 739/739/739
f 744/744/744 749/749/749 740/740/740
f 749/749/749 745/745/745 740/740/740
f 745/745/745 750/750/750 741/741/741
f 750/750/750 746/746/746 741/741/741
f 746/746/746 751/751/751 227/227/227
f 751/751/751 221/221/221 227/227/227
f 747/747/747 752/752/752 743/743/743
f 752/752/752 748/748/748 743/743/743
f 748/748/748 753/753/753 744/744/744
f 753/753/753 749/749/749 744/744/744
f 749/749/749 754/754/754 745/745/745
f 754/754/754 750/750/750 745/745/745
f 750/750/750 755/755/755 746/746/746
f 755/755/755 751/751/751 746/746/746
f 751/751/751 756/756/756 221/221/221
f 756/756/756 215/215/215 221/221/221
f 752/752/752 757/757/757 748/748/748
f 757/757/757 753/753/753 748/748/748
f 753/753/753 758/758/758 749/749/749
f 758/758/758 754/754/754 749/749/749
f 754/754/754 759/759/759 750/750/750
f 759/759/759 755/755/755 750/750/750
f 755/755/755 760/760/760 751/751/751
f 760/760/760 756/756/756 751/751/751
f 756/756/756 761/761/761 215/215/215
f 761/761/761 209/209/209 215/215/215
f 757/757/757 762/762/762 753/753/753
f 762/762/762 758/758/758 753/753/753
f 758/758/758 763/763/763 754/754/754
f 763/763/763 759/759/759 754/754/754
f 759/759/759 764/764/764 755/755/755
f 764/764/764 760/760/760 755/755/755
f 760/760/760 765/765/765 756/756/756
f 765/765/765 761/761/761 756/756/756
f 761/761/761 766/766/766 209/209/209
f 766/766/766 203/203/203 209/209/209
f 762/762/762 767/767/767 758/758/758
f 767/767/767 763/763/763 758/758/758
f 763/763/763 768/768/768 759/759/759
f 768/768/768 764/764/764 759/759/759
f 764/764/764 769/769/769 760/760/760
f 769/769/769 765/765/765 760/760/760
f 765/765/765 770/770/770 761/761/761
f 770/770/770 766/766/766 761/761/761
f 766/766/766 771/771/771 203/203/203
f 771/771/771 197/197/197 203/203/203
f 767/767/767 772/772/772 763/763/763
f 772/772/772 768/768/768 763/763/763
f 768/768/768 773/773/773 764/764/764
f 773/773/773 769/769/769 764/764/764
f 769/769/769 774/774/774 765/765/765
f 774/774/774 770/770/770 765/765/765
f 770/770/770 775/775/775 766/766/766
f 775/775/775 771/771/771 766/766/766
f 771/771/771 776/776/776 197/197/197
f 776/776/776 191/191/191 197/197/197
f 772/772/772 777/777/777 768/768/768
f 777/777/777 773/773/773 768/768/768
f 773/773/773 778/778/778 769/769/769
f 778/778/778 774/774/774 769/769/769
f 774/774/774 779/779/779 770/770/770
f 779/779/779 775/775/775 770/770/770
f 775/775/775 780/780/780 771/771/771
f 780/780/780 776/776/776 771/771/771
f 776/776/776 781/781/781 191/191/191
f 781/781/781 185/185/185 191/191/191
f 777/777/777 782/782/782 773/773/773
f 782/782/782 778/778/778 773/773/773
f 778/778/778 783/783/783 774/774/774
f 783/783/783 779/779/779 774/774/774
f 779/779/779 784/784/784 775/775/775
f 784/784/784 780/780/780 775/775/775
f 780/780/780 785/785/785 776/776/776
f 785/785/785 781/781/781 776/776/776
f 781/781/781 786/786/786 185/185/185
f 786/786/786 179/179/179 185/185/185
f 782/782/782 787/787/787 778/778/778
f 787/787/787 783/783/783 778/778/778
f 783/783/783 788/788/788 779/779/779
f 788/788/788 784/784/784 779/779/779
f 784/784/784 789/789/789 780/780/780
f 789/789/789 785/785/785 780/780/780
f 785/785/785 790/790/790 781/781/781
f 790/790/790 786/786/786 781/781/781
f 786/786/786 791/791/791 179/179/179
f 791/791/791 173/173/173 179/179/179
f 787/787/787 792/792/792 783/783/783
f 792/792/792 788/788/788 783/783/783
f 788/788/788 793/793/793 784/784/784
f 793/793/793 789/789/789 784/784/784
f 789/789/789 794/794/794 785/785/785
f 794/794/794 790/790/790 785/785/785
f 790/790/790 795/795/795 786/786/786
f 795/795/795 791/791/791 786/786/786
f 791/791/791 796/796/796 173/173/173
f 796/796/796 167/167/167 173/173/173
f 792/792/792 797/797/797 788/788/788
f 797/797/797 793/793/793 788/788/788
f 793/793/793 798/798/798 789/789/789
f 798/798/798 794/794/794 789/789/789
f 794/794/794 799/799/799 790/790/790
f 799/799/799 795/795/795 790/790/790
f 795/795/795 800/800/800 791/791/791
f 800/800/800 796/796/796 791/791/791
f 796/796/796 801/801/801 167/167/167
f 801/801/801 152/152/152 167/167/167
f 797/797/797 802/802/802 793/793/793
f 802/802/802 798/798/798 793/793/793
f 798/798/798 803/803/803 794/794/794
f 803/803/803 799/799/799 794/794/794
f 799/799/799 804/804/804 795/795/795
f 804/804/804 800/800/800 795/795/795
f 800/800/800 805/805/805 796/796/796
f 805/805/805 801/801/801 796/796/796
f 801/801/801 806/806/806 152/152/152
f 806/806/806 141/141/141 152/152/152
f 806/806/806 126/126/126 141/141/141
f 807/807/807 806/806/806 801/801/801
f 805/805/805 807/807/807 801/801/801
f 808/808/808 126/126/126 806/806/806
f 807/807/807 808/808/808 806/806/806
f 808/808/808 117/117/117 126/126/126
f 116/116/116 117/117/117 808/808/808
f 809/809/809 116/116/116 808/808/808
f 809/809/809 808/808/808 807/807/807
f 113/113/113 116/116/116 809/809/809
f 810/810/810 805/805/805 800/800/800
f 804/804/804 810/810/810 800/800/800
f 811/811/811 807/807/807 805/805/805
f 811/811/811 809/809/809 807/807/807
f 810/810/810 811/811/811 805/805/805
f 812/812/812 113/113/113 809/809/809
f 812/812/812 809/809/809 811/811/811
f 108/108/108 113/113/113 812/812/812
f 813/813/813 811/811/811 810/810/810
f 813/813/813 812/812/812 811/811/811
f 814/814/814 108/108/108 812/812/812
f 814/814/814 812/812/812 813/813/813
f 109/109/109 108/108/108 814/814/814
f 815/815/815 810/810/810 804/804/804
f 815/815/815 813/813/813 810/810/810
f 816/816/816 814/814/814 813/813/813
f 816/816/816 813/813/813 815/815/815
f 817/817/817 109/109/109 814/814/814
f 817/817/817 814/814/814 816/816/816
f 110/110/110 109/109/109 817/817/817
f 818/818/818 815/815/815 804/804/804
f 818/818/818 804/804/804 799/799/799
f 803/803/803 818/818/818 799/799/799
f 819/819/819 816/816/816 815/815/815
f 819/819/819 815/815/815 818/818/818
f 820/820/820 817/817/817 816/816/816
f 820/820/820 816/816/816 819/819/819
f 821/821/821 110/110/110 817/817/817
f 821/821/821 817/817/817 820/820/820
f 111/111/111 110/110/110 821/821/821
f 822/822/822 818/818/818 803/803/803
f 822/822/822 819/819/819 818/818/818
f 823/823/823 820/820/820 819/819/819
f 823/823/823 819/819/819 822/822/822
f 824/824/824 821/821/821 820/820/820
f 824/824/824 820/820/820 823/823/823
f 825/825/825 111/111/111 821/821/821
f 825/825/825 821/821/821 824/824/824
f 112/112/112 111/111/111 825/825/825
f 826/826/826 822/822/822 803/803/803
f 826/826/826 803/803/803 798/798/798
f 802/802/802 826/826/826 798/798/798
f 827/827/827 823/823/823 822/822/822
f 827/827/827 822/822/822 826/826/826
f 828/828/828 824/824/824 823/823/823
f 828/828/828 823/823/823 827/827/827
f 829/829/829 825/825/825 824/824/824
f 829/829/829 824/824/824 828/828/828
f 830/830/830 112/112/112 825/825/825
f 830/830/830 825/825/825 829/829/829
f 114/114/114 112/112/112 830/830/830
f 831/831/831 826/826/826 802/802/802
f 831/831/831 827/827/827 826/826/826
f 832/832/832 828/828/828 827/827/827
f 832/832/832 827/827/827 831/831/831
f 833/833/833 829/829/829 828/828/828
f 833/833/833 828/828/828 832/832/832
f 834/834/834 830/830/830 829/829/829
f 834/834/834 829/829/829 833/833/833
f 835/835/835 114/114/114 830/830/830
f 835/835/835 830/830/830 834/834/834
f 114/114/114 835/835/835 836/836/836
f 837/837/837 831/831/831 802/802/802
f 837/837/837 802/802/802 797/797/797
f 838/838/838 832/832/832 831/831/831
f 838/838/838 831/831/831 837/837/837
f 839/839/839 833/833/833 832/832/832
f 839/839/839 832/832/832 838/838/838
f 840/840/840 834/834/834 833/833/833
f 840/840/840 833/833/833 839/839/839
f 841/841/841 835/835/835 834/834/834
f 841/841/841 834/834/834 840/840/840
f 835/835/835 841/841/841 842/842/842
f 843/843/843 837/837/837 797/797/797
f 843/843/843 797/797/797 792/792/792
f 844/844/844 838/838/838 837/837/837
f 844/844/844 837/837/837 843/843/843
f 845/845/845 839/839/839 838/838/838
f 845/845/845 838/838/838 844/844/844
f 846/846/846 840/840/840 839/839/839
f 846/846/846 839/839/839 845/845/845
f 847/847/847 841/841/841 840/840/840
f 847/847/847 840/840/840 846/846/846
f 841/841/841 847/847/847 848/848/848
f 849/849/849 843/843/843 792/792/792
f 849/849/849 792/792/792 787/787/787
f 850/850/850 844/844/844 843/843/843
f 850/850/850 843/843/843 849/849/849
f 851/851/851 845/845/845 844/844/844
f 851/851/851 844/844/844 850/850/850
f 852/852/852 846/846/846 845/845/845
f 852/852/852 845/845/845 851/851/851
f 853/853/853 847/847/847 846/846/846
f 853/853/853 846/846/846 852/852/852
f 847/847/847 853/853/853 854/854/854
f 855/855/855 849/849/849 787/787/787
f 855/855/855 787/787/787 782/782/782
f 856/856/856 850/850/850 849/849/849
f 856/856/856 849/849/849 855/855/855
f 857/857/857 851/851/851 850/850/850
f 857/857/857 850/850/850 856/856/856
f 858/858/858 852/852/852 851/851/851
f 858/858/858 851/851/851 857/857/857
f 859/859/859 853/853/853 852/852/852
f 859/859/859 852/852/852 858/858/858
f 853/853/853 859/859/859 860/860/860
f 861/861/861 855/855/855 782/782/782
f 861/861/861 782/782/782 777/777/777
f 862/862/862 856/856/856 855/855/855
f 862/862/862 855/855/855 861/861/861
f 863/863/863 857/857/857 856/856/856
f 863/863/863 856/856/856 862/862/862
f 864/864/864 858/858/858 857/857/857
f 864/864/864 857/857/857 863/863/863
f 865/865/865 859/859/859 858/858/858
f 865/865/865 858/858/858 864/864/864
f 859/859/859 865/865/865 866/866/866
f 867/867/867 861/861/861 777/777/777
f 867/867/867 777/777/777 772/772/772
f 868/868/868 862/862/862 861/861/861
f 868/868/868 861/861/861 867/867/867
f 869/869/869 863/863/863 862/862/862
f 869/869/869 862/862/862 868/868/868
f 870/870/870 864/864/864 863/863/863
f 870/870/870 863/863/863 869/869/869
f 871/871/871 865/865/865 864/864/864
f 871/871/871 864/864/864 870/870/870
f 865/865/865 871/871/871 872/872/872
f 873/873/873 867/867/867 772/772/772
f 873/873/873 772/772/772 767/767/767
f 874/874/874 868/868/868 867/867/867
f 874/874/874 867/867/867 873/873/873
f 875/875/875 869/869/869 868/868/868
f 875/875/875 868/868/868 874/874/874
f 876/876/876 870/870/870 869/869/869
f 876/876/876 869/869/869 875/875/875
f 877/877/877 871/871/871 870/870/870
f 877/877/877 870/870/870 876/876/876
f 871/871/871 877/877/877 878/878/878
f 879/879/879 873/873/873 767/767/767
f 879/879/879 767/767/767 762/762/762
f 880/880/880 874/874/874 873/873/873
f 880/880/880 873/873/873 879/879/879
f 881/881/881 875/875/875 874/874/874
f 881/881/881 874/874/874 880/880/880
f 882/882/882 876/876/876 875/875/875
f 882/882/882 875/875/875 881/881/881
f 883/883/883 877/877/877 876/876/876
f 883/883/883 876/876/876 882/882/882
f 877/877/877 883/883/883 884/884/884
f 885/885/885 879/879/879 762/762/762
f 885/885/885 762/762/762 757/757/757
f 886/886/886 880/880/880 879/879/879
f 886/886/886 879/879/879 885/885/885
f 887/887/887 881/881/881 880/880/880
f 887/887/887 880/880/880 886/886/886
f 888/888/888 882/882/882 881/881/881
f 888/888/888 881/881/881 887/887/887
f 889/889/889 883/883/883 882/882/882
f 889/889/889 882/882/882 888/888/888
f 883/883/883 889/889/889 890/890/890
f 891/891/891 885/885/885 757/757/757
f 891/891/891 757/757/757 752/752/752
f 892/892/892 886/886/886 885/885/885
f 892/892/892 885/885/885 891/891/891
f 893/893/893 887/887/887 886/886/886
f 893/893/893 886/886/886 892/892/892
f 894/894/894 888/888/888 887/887/887
f 894/894/894 887/887/887 893/893/893
f 895/895/895 889/889/889 888/888/888
f 895/895/895 888/888/888 894/894/894
f 889/889/889 895/895/895 896/896/896
f 897/897/897 891/891/891 752/752/752
f 897/897/897 752/752/752 747/747/747
f 898/898/898 892/892/892 891/891/891
f 898/898/898 891/891/891 897/897/897
f 899/899/899 893/893/893 892/892/892
f 899/899/899 892/892/892 898/898/898
f 900/900/900 894/894/894 893/893/893
f 900/900/900 893/893/893 899/899/899
f 901/901/901 895/895/895 894/894/894
f 901/901/901 894/894/894 900/900/900
f 895/895/895 901/901/901 902/902/902
f 903/903/903 897/897/897 747/747/747
f 903/903/903 747/747/747 742/742/742
f 904/904/904 898/898/898 897/897/897
f 904/904/904 897/897/897 903/903/903
f 905/905/905 899/899/899 898/898/898
f 905/905/905 898/898/898 904/904/904
f 906/906/906 900/900/900 899/899/899
f 906/906/906 899/899/899 905/905/905
f 907/907/907 901/901/901 900/900/900
f 907/907/907 900/900/900 906/906/906
f 901/901/901 907/907/907 908/908/908
f 909/909/909 903/903/903 742/742/742
f 909/909/909 742/742/742 737/737/737
f 910/910/910 904/904/904 903/903/903
f 910/910/910 903/903/903 909/909/909
f 911/911/911 905/905/905 904/904/904
f 911/911/911 904/904/904 910/910/910
f 912/912/912 906/906/906 905/905/905
f 912/912/912 905/905/905 911/911/911
f 913/913/913 907/907/907 906/906/906
f 913/913/913 906/906/906 912/912/912
f 907/907/907 913/913/913 914/914/914
f 915/915/915 909/909/909 737/737/737
f 915/915/915 737/737/737 732/732/732
f 916/916/916 910/910/910 909/909/909
f 916/916/916 909/909/909 915/915/915
f 917/917/917 911/911/911 910/910/910
f 917/917/917 910/910/910 916/916/916
f 918/918/918 912/912/912 911/911/911
f 918/918/918 911/911/911 917/917/917
f 919/919/919 913/913/913 912/912/912
f 919/919/919 912/912/912 918/918/918
f 913/913/913 919/919/919 920/920/920
f 921/921/921 915/915/915 732/732/732
f 921/921/921 732/732/732 727/727/727
f 922/922/922 916/916/916 915/915/915
f 922/922/922 915/915/915 921/921/921
f 923/923/923 917/917/917 916/916/916
f 923/923/923 916/916/916 922/922/922
f 924/924/924 918/918/918 917/917/917
f 924/924/924 917/917/917 923/923/923
f 925/925/925 919/919/919 918/918/918
f 925/925/925 918/918/918 924/924/924
f 919/919/919 925/925/925 926/926/926
f 927/927/927 921/921/921 727/727/727
f 927/927/927 727/727/727 722/722/722
f 928/928/928 922/922/922 921/921/921
f 928/928/928 921/921/921 927/927/927
f 929/929/929 923/923/923 922/922/922
f 929/929/929 922/922/922 928/928/928
f 930/930/930 924/924/924 923/923/923
f 930/930/930 923/923/923 929/929/929
f 931/931/931 925/925/925 924/924/924
f 931/931/931 924/924/924 930/930/930
f 925/925/925 931/931/931 932/932/932
f 933/933/933 927/927/927 722/722/722
f 933/933/933 722/722/722 717/717/717
f 934/934/934 928/928/928 927/927/927
f 934/934/934 927/927/927 933/933/933
f 935/935/935 929/929/929 928/928/928
f 935/935/935 928/928/928 934/934/934
f 936/936/936 930/930/930 929/929/929
f 936/936/936 929/929/929 935/935/935
f 937/937/937 931/931/931 930/930/930
f 937/937/937 930/930/930 936/936/936
f 931/931/931 937/937/937 938/938/938
f 939/939/939 933/933/933 717/717/717
f 939/939/939 717/717/717 712/712/712
f 940/940/940 934/934/934 933/933/933
f 940/940/940 933/933/933 939/939/939
f 941/941/941 935/935/935 934/934/934
f 941/941/941 934/934/934 940/940/940
f 942/942/942 936/936/936 935/935/935
f 942/942/942 935/935/935 941/941/941
f 943/943/943 937/937/937 936/936/936
f 943/943/943 936/936/936 942/942/942
f 937/937/937 943/943/943 944/944/944
f 945/945/945 939/939/939 712/712/712
f 945/945/945 712/712/712 707/707/707
f 946/946/946 940/940/940 939/939/939
f 946/946/946 939/939/939 945/945/945
f 947/947/947 941/941/941 940/940/940
f 947/947/947 940/940/940 946/946/946
f 948/948/948 942/942/942 941/941/941
f 948/948/948 941/941/941 947/947/947
f 949/949/949 943/943/943 942/942/942
f 949/949/949 942/942/942 948/948/948
f 943/943/943 949/949/949 950/950/950
f 951/951/951 945/945/945 707/707/707
f 951/951/951 707/707/707 702/702/702
f 952/952/952 946/946/946 945/945/945
f 952/952/952 945/945/945 951/951/951
f 953/953/953 947/947/947 946/946/946
f 953/953/953 946/946/946 952/952/952
f 954/954/954 948/948/948 947/947/947
f 954/954/954 947/947/947 953/953/953
f 955/955/955 949/949/949 948/948/948
f 955/955/955 948/948/948 954/954/954
f 949/949/949 955/955/955 956/956/956
f 957/957/957 951/951/951 702/702/702
f 957/957/957 702/702/702 697/697/697
f 958/958/958 952/952/952 951/951/951
f 958/958/958 951/951/951 957/957/957
f 959/959/959 953/953/953 952/952/952
f 959/959/959 952/952/952 958/958/958
f 960/960/960 954/954/954 953/953/953
f 960/960/960 953/953/953 959/959/959
f 961/961/961 955/955/955 954/954/954
f 961/961/961 954/954/954 960/960/960
f 955/955/955 961/961/961 962/962/962
f 963/963/963 957/957/957 697/697/697
f 963/963/963 697/697/697 692/692/692
f 964/964/964 958/958/958 957/957/957
f 964/964/964 957/957/957 963/963/963
f 965/965/965 959/959/959 958/958/958
f 965/965/965 958/958/958 964/964/964
f 966/966/966 960/960/960 959/959/959
f 966/966/966 959/959/959 965/965/965
f 967/967/967 961/961/961 960/960/960
f 967/967/967 960/960/960 966/966/966
f 961/961/961 967/967/967 968/968/968
f 969/969/969 963/963/963 692/692/692
f 969/969/969 692/692/692 687/687/687
f 970/970/970 964/964/964 963/963/963
f 970/970/970 963/963/963 969/969/969
f 971/971/971 965/965/965 964/964/964
f 971/971/971 964/964/964 970/970/970
f 972/972/972 966/966/966 965/965/965
f 972/972/972 965/965/965 971/971/971
f 973/973/973 967/967/967 966/966/966
f 973/973/973 966/966/966 972/972/972
f 967/967/967 973/973/973 974/974/974
f 975/975/975 969/969/969 687/687/687
f 975/975/975 687/687/687 682/682/682
f 976/976/976 970/970/970 969/969/969
f 976/976/976 969/969/969 975/975/975
f 977/977/977 971/971/971 970/970/970
f 977/977/977 970/970/970 976/976/976
f 978/978/978 972/972/972 971/971/971
f 978/978/978 971/971/971 977/977/977
f 979/979/979 973/973/973 972/972/972
f 979/979/979 972/972/972 978/978/978
f 973/973/973 979/979/979 980/980/980
f 981/981/981 975/975/975 682/682/682
f 981/981/981 682/682/682 677/677/677
f 982/982/982 976/976/976 975/975/975
f 982/982/982 975/975/975 981/981/981
f 983/983/983 977/977/977 976/976/976
f 983/983/983 976/976/976 982/982/982
f 984/984/984 978/978/978 977/977/977
f 984/984/984 977/977/977 983/983/983
f 985/985/985 979/979/979 978/978/978
f 985/985/985 978/978/978 984/984/984
f 979/979/979 985/985/985 986/986/986
f 987/987/987 981/981/981 677/677/677
f 987/987/987 677/677/677 672/672/672
f 988/988/988 982/982/982 981/981/981
f 988/988/988 981/981/981 987/987/987
f 989/989/989 983/983/983 982/982/982
f 989/989/989 982/982/982 988/988/988
f 990/990/990 984/984/984 983/983/983
f 990/990/990 983/983/983 989/989/989
f 991/991/991 985/985/985 984/984/984
f 991/991/991 984/984/984 990/990/990
f 985/985/985 991/991/991 992/992/992
f 993/993/993 987/987/987 672/672/672
f 993/993/993 672/672/672 667/667/667
f 994/994/994 988/988/988 987/987/987
f 994/994/994 987/987/987 993/993/993
f 995/995/995 989/989/989 988/988/988
f 995/995/995 988/988/988 994/994/994
f 996/996/996 990/990/990 989/989/989
f 996/996/996 989/989/989 995/995/995
f 997/997/997 991/991/991 990/990/990
f 997/997/997 990/990/990 996/996/996
f 991/991/991 997/997/997 998/998/998
f 999/999/999 993/993/993 667/667/667
f 999/999/999 667/667/667 662/662/662
f 1000/1000/1000 994/994/994 993/993/993
f 1000/1000/1000 993/993/993 999/999/999
f 1001/1001/1001 995/995/995 994/994/994
f 1001/1001/1001 994/994/994 1000/1000/1000
f 1002/1002/1002 996/996/996 995/995/995
f 1002/1002/1002 995/995/995 1001/1001/1001
f 1003/1003/1003 997/997/997 996/996/996
f 1003/1003/1003 996/996/996 1002/1002/1002
f 997/997/997 1003/1003/1003 1004/1004/1004
f 1005/1005/1005 999/999/999 662/662/662
f 1005/1005/1005 662/662/662 657/657/657
f 1006/1006/1006 1000/1000/1000 999/999/999
f 1006/1006/1006 999/999/999 1005/1005/1005
f 1007/1007/1007 1001/1001/1001 1000/1000/1000
f 1007/1007/1007 1000/1000/1000 1006/1006/1006
f 1008/1008/1008 1002/1002/1002 1001/1001/1001
f 1008/1008/1008 1001/1001/1001 1007/1007/1007
f 1009/1009/1009 1003/1003/1003 1002/1002/1002
f 1009/1009/1009 1002/1002/1002 1008/1008/1008
f 1003/1003/1003 1009/1009/1009 1010/1010/1010
f 1011/1011/1011 1005/1005/1005 657/657/657
f 1011/1011/1011 657/657/657 652/652/652
f 1012/1012/1012 1006/1006/1006 1005/1005/1005
f 1012/1012/1012 1005/1005/1005 1011/1011/1011
f 1013/1013/1013 1007/1007/1007 1006/1006/1006
f 1013/1013/1013 1006/1006/1006 1012/1012/1012
f 1014/1014/1014 1008/1008/1008 1007/1007/1007
f 1014/1014/1014 1007/1007/1007 1013/1013/1013
f 1015/1015/1015 1009/1009/1009 1008/1008/1008
f 1015/1015/1015 1008/1008/1008 1014/1014/1014
f 1009/1009/1009 1015/1015/1015 1016/1016/1016
f 1017/1017/1017 1011/1011/1011 652/652/652
f 1017/1017/1017 652/652/652 647/647/647
f 1018/1018/1018 1012/1012/1012 1011/1011/1011
f 1018/1018/1018 1011/1011/1011 1017/1017/1017
f 1019/1019/1019 1013/1013/1013 1012/1012/1012
f 1019/1019/1019 1012/1012/1012 1018/1018/1018
f 1020/1020/1020 1014/1014/1014 1013/1013/1013
f 1020/1020/1020 1013/1013/1013 1019/1019/1019
f 1021/1021/1021 1015/1015/1015 1014/1014/1014
f 1021/1021/1021 1014/1014/1014 1020/1020/1020
f 1015/1015/1015 1021/1021/1021 1022/1022/1022
f 1023/1023/1023 1017/1017/1017 647/647/647
f 1023/1023/1023 647/647/647 642/642/642
f 1024/1024/1024 1018/1018/1018 1017/1017/1017
f 1024/1024/1024 1017/1017/1017 1023/1023/1023
f 1025/1025/1025 1019/1019/1019 1018/1018/1018
f 1025/1025/1025 1018/1018/1018 1024/1024/1024
f 1026/1026/1026 1020/1020/1020 1019/1019/1019
f 1026/1026/1026 1019/1019/1019 1025/1025/1025
f 1027/1027/1027 1021/1021/1021 1020/1020/1020
f 1027/1027/1027 1020/1020/1020 1026/1026/1026
f 1021/1021/1021 1027/1027/1027 1028/1028/1028
f 1029/1029/1029 1023/1023/1023 642/642/642
f 1029/1029/1029 642/642/642 637/637/637
f 1030/1030/1030 1024/1024/1024 1023/1023/1023
f 1030/1030/1030 1023/1023/1023 1029/1029/1029
f 1031/1031/1031 1025/1025/1025 1024/1024/1024
f 1031/1031/1031 1024/1024/1024 1030/1030/1030
f 1032/1032/1032 1026/1026/1026 1025/1025/1025
f 1032/1032/1032 1025/1025/1025 1031/1031/1031
f 1033/1033/1033 1027/1027/1027 1026/1026/1026
f 1033/1033/1033 1026/1026/1026 1032/1032/1032
f 1027/1027/1027 1033/1033/1033 1034/1034/1034
f 1035/1035/1035 1029/1029/1029 637/637/637
f 1035/1035/1035 637/637/637 632/632/632
f 1036/1036/1036 1030/1030/1030 1029/1029/1029
f 1036/1036/1036 1029/1029/1029 1035/1035/1035
f 1037/1037/1037 1031/1031/1031 1030/1030/1030
f 1037/1037/1037 1030/1030/1030 1036/1036/1036
f 1038/1038/1038 1032/1032/1032 1031/1031/1031
f 1038/1038/1038 1031/1031/1031 1037/1037/1037
f 1039/1039/1039 1033/1033/1033 1032/1032/1032
f 1039/1039/1039 1032/1032/1032 1038/1038/1038
f 1033/1033/1033 1039/1039/1039 1040/1040/1040
f 1041/1041/1041 1035/1035/1035 632/632/632
f 1041/1041/1041 632/632/632 627/627/627
f 1042/1042/1042 1036/1036/1036 1035/1035/1035
f 1042/1042/1042 1035/1035/1035 1041/1041/1041
f 1043/1043/1043 1037/1037/1037 1036/1036/1036
f 1043/1043/1043 1036/1036/1036 1042/1042/1042
f 1044/1044/1044 1038/1038/1038 1037/1037/1037
f 1044/1044/1044 1037/1037/1037 1043/1043/1043
f 1045/1045/1045 1039/1039/1039 1038/1038/1038
f 1045/1045/1045 1038/1038/1038 1044/1044/1044
f 1039/1039/1039 1045/1045/1045 1046/1046/1046
f 1047/1047/1047 1041/1041/1041 627/627/627
f 1047/1047/1047 627/627/627 622/622/622
f 1048/1048/1048 1042/1042/1042 1041/1041/1041
f 1048/1048/1048 1041/1041/1041 1047/1047/1047
f 1049/1049/1049 1043/1043/1043 1042/1042/1042
f 1049/1049/1049 1042/1042/1042 1048/1048/1048
f 1050/1050/1050 1044/1044/1044 1043/1043/1043
f 1050/1050/1050 1043/1043/1043 1049/1049/1049
f 1051/1051/1051 1045/1045/1045 1044/1044/1044
f 1051/1051/1051 1044/1044/1044 1050/1050/1050
f 1045/1045/1045 1051/1051/1051 1052/1052/1052
f 1053/1053/1053 1047/1047/1047 622/622/622
f 1053/1053/1053 622/622/622 617/617/617
f 1054/1054/1054 1048/1048/1048 1047/1047/1047
f 1054/1054/1054 1047/1047/1047 1053/1053/1053
f 1055/1055/1055 1049/1049/1049 1048/1048/1048
f 1055/1055/1055 1048/1048/1048 1054/1054/1054
f 1056/1056/1056 1050/1050/1050 1049/1049/1049
f 1056/1056/1056 1049/1049/1049 1055/1055/1055
f 1057/1057/1057 1051/1051/1051 1050/1050/1050
f 1057/1057/1057 1050/1050/1050 1056/1056/1056
f 1051/1051/1051 1057/1057/1057 1058/1058/1058
f 1059/1059/1059 1053/1053/1053 617/617/617
f 1059/1059/1059 617/617/617 612/612/612
f 1060/1060/1060 1054/1054/1054 1053/1053/1053
f 1060/1060/1060 1053/1053/1053 1059/1059/1059
f 1061/1061/1061 1055/1055/1055 1054/1054/1054
f 1061/1061/1061 1054/1054/1054 1060/1060/1060
f 1062/1062/1062 1056/1056/1056 1055/1055/1055
f 1062/1062/1062 1055/1055/1055 1061/1061/1061
f 1063/1063/1063 1057/1057/1057 1056/1056/1056
f 1063/1063/1063 1056/1056/1056 1062/1062/1062
f 1057/1057/1057 1063/1063/1063 1064/1064/1064
f 1065/1065/1065 1059/1059/1059 612/612/612
f 1065/1065/1065 612/612/612 607/607/607
f 1066/1066/1066 1060/1060/1060 1059/1059/1059
f 1066/1066/1066 1059/1059/1059 1065/1065/1065
f 1067/1067/1067 1061/1061/1061 1060/1060/1060
f 1067/1067/1067 1060/1060/1060 1066/1066/1066
f 1068/1068/1068 1062/1062/1062 1061/1061/1061
f 1068/1068/1068 1061/1061/1061 1067/1067/1067
f 1069/1069/1069 1063/1063/1063 1062/1062/1062
f 1069/1069/1069 1062/1062/1062 1068/1068/1068
f 1063/1063/1063 1069/1069/1069 1070/1070/1070
f 1071/1071/1071 1065/1065/1065 607/607/607
f 1071/1071/1071 607/607/607 602/602/602
f 1072/1072/1072 1066/1066/1066 1065/1065/1065
f 1072/1072/1072 1065/1065/1065 1071/1071/1071
f 1073/1073/1073 1067/1067/1067 1066/1066/1066
f 1073/1073/1073 1066/1066/1066 1072/1072/1072
f 1074/1074/1074 1068/1068/1068 1067/1067/1067
f 1074/1074/1074 1067/1067/1067 1073/1073/1073
f 1075/1075/1075 1069/1069/1069 1068/1068/1068
f 1075/1075/1075 1068/1068/1068 1074/1074/1074
f 1069/1069/1069 1075/1075/1075 1076/1076/1076
f 1077/1077/1077 1071/1071/1071 602/602/602
f 1077/1077/1077 602/602/602 597/597/597
f 1078/1078/1078 1072/1072/1072 1071/1071/1071
f 1078/1078/1078 1071/1071/1071 1077/1077/1077
f 1079/1079/1079 1073/1073/1073 1072/1072/1072
f 1079/1079/1079 1072/1072/1072 1078/1078/1078
f 1080/1080/1080 1074/1074/1074 1073/1073/1073
f 1080/1080/1080 1073/1073/1073 1079/1079/1079
f 1081/1081/1081 1075/1075/1075 1074/1074/1074
f 1081/1081/1081 1074/1074/1074 1080/1080/1080
f 1075/1075/1075 1081/1081/1081 1082/1082/1082
f 1083/1083/1083 1077/1077/1077 597/597/597
f 1083/1083/1083 597/597/597 586/586/586
f 1084/1084/1084 1078/1078/1078 1077/1077/1077
f 1084/1084/1084 1077/1077/1077 1083/1083/1083
f 1085/1085/1085 1079/1079/1079 1078/1078/1078
f 1085/1085/1085 1078/1078/1078 1084/1084/1084
f 1086/1086/1086 1080/1080/1080 1079/1079/1079
f 1086/1086/1086 1079/1079/1079 1085/1085/1085
f 1087/1087/1087 1081/1081/1081 1080/1080/1080
f 1087/1087/1087 1080/1080/1080 1086/1086/1086
f 1081/1081/1081 1087/1087/1087 1088/1088/1088
f 1089/1089/1089 1083/1083/1083 586/586/586
f 1089/1089/1089 586/586/586 574/574/574
f 567/567/567 1089/1089/1089 574/574/574
f 1090/1090/1090 1084/1084/1084 1083/1083/1083
f 1090/1090/1090 1083/1083/1083 1089/1089/1089
f 1091/1091/1091 1089/1089/1089 567/567/567
f 1091/1091/1091 1090/1090/1090 1089/1089/1089
f 561/561/561 1091/1091/1091 567/567/567
f 1092/1092/1092 1085/1085/1085 1084/1084/1084
f 1092/1092/1092 1084/1084/1084 1090/1090/1090
f 1093/1093/1093 1086/1086/1086 1085/1085/1085
f 1093/1093/1093 1085/1085/1085 1092/1092/1092
f 1094/1094/1094 1087/1087/1087 1086/1086/1086
f 1094/1094/1094 1086/1086/1086 1093/1093/1093
f 1087/1087/1087 1094/1094/1094 1095/1095/1095
f 1096/1096/1096 1091/1091/1091 561/561/561
f 556/556/556 1096/1096/1096 561/561/561
f 560/560/560 1096/1096/1096 556/556/556
f 1097/1097/1097 1090/1090/1090 1091/1091/1091
f 1097/1097/1097 1092/1092/1092 1090/1090/1090
f 1096/1096/1096 1097/1097/1097 1091/1091/1091
f 560/560/560 1098/1098/1098 1096/1096/1096
f 1098/1098/1098 1097/1097/1097 1096/1096/1096
f 565/565/565 1098/1098/1098 560/560/560
f 1099/1099/1099 1092/1092/1092 1097/1097/1097
f 1099/1099/1099 1093/1093/1093 1092/1092/1092
f 1098/1098/1098 1099/1099/1099 1097/1097/1097
f 1100/1100/1100 1094/1094/1094 1093/1093/1093
f 1100/1100/1100 1093/1093/1093 1099/1099/1099
f 1094/1094/1094 1100/1100/1100 1101/1101/1101
f 565/565/565 1102/1102/1102 1098/1098/1098
f 1102/1102/1102 1099/1099/1099 1098/1098/1098
f 1102/1102/1102 1100/1100/1100 1099/1099/1099
f 1102/1102/1102 565/565/565 1103/1103/1103
f 1100/1100/1100 1102/1102/1102 1104/1104/1104
